"ID","n_ID","GLON","e_GLON","GLAT","e_GLAT","rmax","plx","e_plx","pmRA","e_pmRA","pmDE","e_pmDE","nTot","Age","e_Age","Z","Class","K13","CG18","B19","G","_RA.icrs","_DE.icrs"
"FoF_0,NGC_1817","nan",186.181,0.182,-13.025,0.173,0.817,0.549,0.058,0.516,0.252,-0.888,0.221,567,1.41,0.0846,-0.25,1,352.0,687.0,5076.0,0,78.1382,16.7096
"FoF_2,NGC_2204","nan",226.034,0.11,-16.126,0.116,0.461,0.252,0.039,-0.538,0.237,1.975,0.282,384,1.38,0.0828,0.25,1,576.0,708.0,6219.0,0,93.8771,-18.6908
"FoF_3,NGC_2243","nan",239.472,0.069,-18.018,0.062,0.331,0.257,0.048,-1.261,0.151,5.493,0.164,361,3.39,0.2034,0.0,1,625.0,713.0,6569.0,0,97.385,-31.2792
"FoF_4,Melotte_66","nan",259.574,0.073,-14.278,0.089,0.384,0.258,0.04,-1.476,0.2,2.74,0.255,330,2.69,0.1614,0.0,1,917.0,651.0,7005.0,0,111.5585,-47.6941
"FoF_5","n",292.316,0.216,-12.736,0.129,0.559,0.506,0.026,-6.873,0.177,1.425,0.215,171,3.16,0.1896,0.0,1,"nan","nan","nan",0,156.1448,-72.508
"FoF_10,Collinder_74","nan",199.007,0.086,-10.376,0.049,0.252,0.364,0.044,0.981,0.2,-1.497,0.199,91,2.19,0.1314,-0.25,1,479.0,245.0,5423.0,0,87.1669,7.3857
"FoF_11,NGC_2225","nan",218.776,0.068,-9.865,0.045,0.236,0.276,0.03,-0.273,0.28,0.553,0.354,93,2.04,0.1224,-0.5,1,616.0,710.0,6013.0,0,96.6442,-9.6368
"FoF_17,NGC_2186","nan",203.55,0.105,-6.176,0.051,0.333,0.426,0.037,0.409,0.27,-1.967,0.306,123,0.933,0.056,-0.5,1,557.0,705.0,5517.0,0,93.0471,5.4618
"FoF_18,Tombaugh_1","nan",232.35,0.087,-7.321,0.055,0.332,0.368,0.042,-2.565,0.194,3.808,0.201,300,1.45,0.087,-0.25,1,776.0,1184.0,6350.0,0,105.1215,-20.5838
"FoF_21,NGC_6253","nan",335.468,0.064,-6.256,0.065,0.271,0.56,0.053,-4.516,0.227,-5.295,0.22,673,3.24,0.1944,0.25,1,2017.0,870.0,9633.0,0,254.786,-52.7051
"FoF_27,NGC_1245","nan",146.646,0.095,-8.931,0.077,0.457,0.295,0.043,0.504,0.231,-1.544,0.21,602,1.02,0.0612,0.5,1,203.0,661.0,4261.0,0,48.6732,47.2373
"FoF_28,NGC_2141","nan",198.046,0.077,-5.801,0.05,0.29,0.282,0.059,-0.015,0.234,-0.697,0.265,361,2.63,0.1578,0.5,1,507.0,700.0,5414.0,0,90.7385,10.4499
"FoF_29,Czernik_25","nan",202.425,0.081,-5.133,0.045,0.353,0.445,0.05,-0.208,0.253,0.244,0.256,151,0.933,0.056,0.0,1,561.0,260.0,5495.0,0,93.4411,6.9409
"FoF_30,Haffner_5","nan",236.057,0.071,-4.639,0.055,0.25,0.569,0.043,0.978,0.167,-4.084,0.175,197,2.63,0.1578,-0.25,1,871.0,534.0,6450.0,1,109.4877,-22.6603
"FoF_32,Ruprecht_18","nan",239.916,0.075,-4.949,0.051,0.227,0.367,0.041,-0.517,0.166,1.136,0.286,221,0.214,0.0128,-0.75,1,907.0,1049.0,6587.0,0,111.1489,-26.2097
"FoF_34,FSR_1361","nan",251.554,0.134,-5.024,0.066,0.408,0.357,0.032,-2.513,0.264,3.935,0.305,291,0.741,0.0445,-1.75,1,1035.0,429.0,6878.0,0,117.6563,-36.3923
"FoF_35,NGC_2477","nan",253.579,0.182,-5.836,0.138,0.837,0.672,0.052,-2.442,0.239,0.866,0.253,2480,2.24,0.1344,-0.75,1,1040.0,764.0,6902.0,0,118.0536,-38.5426
"FoF_38,ESO_368_11","nan",249.386,0.054,-5.25,0.034,0.169,0.433,0.037,-0.86,0.164,2.258,0.184,101,0.355,0.0213,0.25,1,1002.0,317.0,6824.0,0,116.0934,-34.6329
"FoF_40,SAI_91","nan",267.619,0.075,-5.47,0.036,0.22,0.248,0.025,-3.905,0.515,4.134,0.414,86,0.513,0.0308,0.25,1,1179.0,1114.0,7270.0,0,129.253,-50.0314
"FoF_41,Ruprecht_63","nan",265.815,0.059,-5.023,0.03,0.194,0.251,0.03,-2.499,0.323,3.181,0.336,90,0.182,0.0109,-0.5,1,1172.0,1077.0,7215.0,0,128.1699,-48.3208
"FoF_42,Ruprecht_75","nan",276.807,0.056,-4.482,0.034,0.174,0.237,0.02,-5.964,0.429,4.921,0.389,93,1.07,0.0642,0.5,1,1293.0,1082.0,"nan",0,140.5033,-56.3309
"FoF_43,Trumpler_11","nan",284.471,0.045,-4.875,0.028,0.114,0.245,0.017,-6.797,0.564,3.373,0.264,73,0.479,0.0287,0.25,1,1383.0,1190.0,7738.0,0,151.2556,-61.6286
"FoF_44,Melotte_101","nan",289.87,0.082,-5.568,0.071,0.27,0.447,0.042,-6.319,0.212,3.468,0.208,471,0.204,0.0122,-0.25,1,1457.0,647.0,7979.0,0,160.5537,-65.1094
"FoF_45,Collinder_261","nan",301.694,0.063,-5.543,0.059,0.226,0.331,0.066,-6.344,0.203,-2.694,0.188,1281,2.63,0.1578,0.5,1,1635.0,229.0,8415.0,0,189.5134,-68.3826
"FoF_47,FSR_0166","nan",64.836,0.076,-4.941,0.046,0.228,0.329,0.047,-4.14,0.232,-6.649,0.226,203,2.95,0.177,0.0,1,2615.0,329.0,2186.0,0,303.3905,25.4254
"FoF_48,Berkeley_98","nan",103.872,0.055,-5.634,0.029,0.161,0.278,0.037,-1.366,0.188,-3.142,0.248,105,2.95,0.177,0.0,1,2904.0,207.0,3188.0,0,340.6704,52.4073
"FoF_49,NGC_7789","nan",115.525,0.143,-5.363,0.131,0.619,0.449,0.056,-0.924,0.213,-1.93,0.2,2730,2.29,0.1374,-0.5,1,3000.0,966.0,3515.0,0,359.3293,56.7284
"FoF_50,NGC_457","nan",126.646,0.108,-4.397,0.062,0.53,0.314,0.051,-1.587,0.238,-0.632,0.239,612,0.007,0.0004,0.5,1,92.0,824.0,3821.0,0,19.9139,58.2711
"FoF_51,Trumpler_7","nan",238.21,0.061,-3.327,0.061,0.231,0.563,0.041,-2.474,0.196,3.332,0.197,114,0.032,0.0019,-0.25,1,924.0,1215.0,6520.0,1,111.8443,-23.9449
"FoF_56,NGC_2660","nan",265.929,0.068,-3.008,0.037,0.371,0.312,0.049,-2.816,0.29,5.09,0.382,479,1.45,0.087,-0.25,1,1206.0,787.0,7221.0,0,130.6641,-47.1973
"FoF_58","n",264.972,0.232,-2.881,0.093,0.768,0.524,0.034,-5.813,0.286,5.063,0.251,482,0.023,0.0014,0.25,1,"nan","nan","nan",1,129.9565,-46.3637
"FoF_63,Trumpler_12","nan",283.825,0.051,-3.695,0.035,0.17,0.257,0.031,-6.886,0.233,4.404,0.25,199,0.955,0.0573,0.0,1,1387.0,1191.0,7709.0,0,151.62,-60.2959
"FoF_65,Collinder_268","nan",305.522,0.043,-4.339,0.031,0.118,0.363,0.025,-5.481,0.167,-0.457,0.195,100,0.331,0.0199,0.25,1,1675.0,230.0,8546.0,0,199.5029,-67.077
"FoF_66,Ruprecht_112","nan",316.845,0.062,-3.124,0.061,0.192,0.323,0.037,-4.43,0.175,-4.195,0.202,345,1.18,0.0708,-0.25,1,1818.0,1022.0,8956.0,0,224.2522,-62.5537
"FoF_67,NGC_6005","nan",325.778,0.035,-2.988,0.032,0.109,0.342,0.043,-4.02,0.236,-3.806,0.233,253,1.45,0.087,-0.25,1,1883.0,850.0,9180.0,0,238.9496,-57.4395
"FoF_68,NGC_6645","nan",15.745,0.051,-3.596,0.053,0.197,0.55,0.04,1.289,0.255,-0.616,0.196,206,1.15,0.069,-1.0,1,2347.0,902.0,785.0,0,278.1438,-16.9217
"FoF_69,NGC_6694","nan",23.87,0.045,-2.907,0.044,0.158,0.528,0.045,0.158,0.24,-1.397,0.269,250,0.204,0.0122,-0.25,1,2381.0,905.0,1076.0,0,281.3151,-9.388
"FoF_70,Ruprecht_174","nan",78.0,0.074,-3.385,0.046,0.268,0.397,0.038,-3.152,0.272,-4.677,0.313,138,0.692,0.0415,0.25,1,2702.0,1047.0,"nan",0,310.8547,37.0162
"FoF_71,NGC_7044","nan",85.894,0.045,-4.152,0.035,0.184,0.293,0.06,-4.956,0.187,-5.525,0.191,487,1.23,0.0738,0.25,1,2760.0,936.0,2799.0,0,318.2928,42.4963
"FoF_73,NGC_436","nan",126.144,0.144,-3.89,0.037,0.474,0.276,0.039,-1.054,0.305,-0.537,0.26,243,0.589,0.0353,-2.0,1,89.0,821.0,3813.0,0,19.0595,58.827
"FoF_74,COIN-Gaia_6","nan",130.879,0.198,-3.294,0.046,0.773,0.271,0.034,-2.037,0.637,-0.389,0.25,97,1.1,0.066,-0.25,1,"nan",1234.0,"nan",0,28.2337,58.6256
"FoF_75,King_5","nan",143.776,0.075,-4.278,0.046,0.268,0.362,0.06,-0.25,0.296,-1.158,0.262,294,1.0,0.06,0.25,1,204.0,605.0,4229.0,0,48.6953,52.6939
"FoF_77,FSR_0850","nan",183.502,0.094,-2.28,0.068,0.337,0.461,0.04,1.237,0.322,-2.491,0.234,122,1.15,0.069,-0.5,1,469.0,374.0,5031.0,0,86.269,24.7599
"FoF_78,NGC_2194","nan",197.246,0.114,-2.349,0.062,0.63,0.285,0.052,0.497,0.231,-1.417,0.294,703,0.692,0.0415,0.25,1,565.0,707.0,5395.0,0,93.436,12.8106
"FoF_79,Collinder_110","nan",209.629,0.137,-1.89,0.103,0.529,0.432,0.055,-1.087,0.203,-2.025,0.213,810,1.78,0.1068,0.25,1,671.0,219.0,"nan",0,99.6695,2.0751
"FoF_80,NGC_2236","nan",204.374,0.098,-1.691,0.061,0.393,0.36,0.071,-0.685,0.302,0.028,0.288,532,1.18,0.0708,-0.25,1,626.0,712.0,5537.0,0,97.422,6.8301
"FoF_81,NGC_2262","nan",210.553,0.073,-2.111,0.042,0.301,0.282,0.056,0.23,0.277,0.131,0.291,176,1.29,0.0774,0.0,1,674.0,719.0,5704.0,0,99.8955,1.1529
"FoF_85,NGC_2286","nan",215.311,0.076,-2.274,0.036,0.291,0.421,0.049,0.159,0.254,-1.457,0.248,134,0.525,0.0315,0.25,1,711.0,724.0,5877.0,0,101.9184,-3.1533
"FoF_87,NGC_2383","nan",235.27,0.048,-2.45,0.027,0.172,0.293,0.045,-1.616,0.255,1.872,0.292,259,0.234,0.014,-1.25,1,908.0,745.0,6420.0,0,111.1771,-20.9432
"FoF_88,FSR_1252","nan",233.079,0.067,-1.822,0.04,0.206,0.269,0.028,-1.843,0.273,2.964,0.302,92,0.562,0.0337,0.5,1,893.0,419.0,6367.0,0,110.668,-18.7163
"FoF_89,Ruprecht_27","nan",241.591,0.07,-2.503,0.06,0.253,0.476,0.034,-1.22,0.182,0.484,0.3,123,0.576,0.0346,0.25,1,973.0,1055.0,6626.0,0,114.4383,-26.5092
"FoF_90,Ruprecht_23","nan",238.063,0.051,-2.408,0.037,0.165,0.349,0.042,-2.032,0.242,1.549,0.245,110,0.851,0.0511,-1.0,1,939.0,1051.0,6517.0,0,112.6501,-23.3779
"FoF_91,Haffner_14","nan",243.987,0.066,-2.09,0.044,0.212,0.251,0.035,-1.777,0.261,1.763,0.27,176,0.692,0.0415,0.25,1,1007.0,521.0,6689.0,0,116.1745,-28.3877
"FoF_100,Gulliver_4","nan",254.403,0.093,-2.53,0.031,0.275,0.289,0.033,-2.829,0.301,3.038,0.38,79,1.18,0.0708,-0.25,1,"nan",491.0,"nan",0,122.1765,-37.513
"FoF_107,FSR_1452","nan",267.574,0.086,-2.031,0.06,0.443,0.377,0.034,-4.566,0.34,3.812,0.321,197,0.977,0.0586,-2.0,1,1245.0,439.0,7269.0,0,133.3189,-47.8625
"FoF_118,NGC_2659","nan",264.189,0.066,-1.683,0.047,0.262,0.452,0.041,-5.309,0.441,5.003,0.314,127,0.501,0.0301,0.5,1,1205.0,786.0,7154.0,0,130.6264,-45.0116
"FoF_124,BH_90","nan",283.152,0.049,-1.441,0.037,0.145,0.367,0.039,-5.456,0.325,2.473,0.4,152,0.11,0.0066,-0.5,1,1400.0,109.0,7688.0,0,153.0957,-58.0684
"FoF_133,Melotte_105","nan",292.902,0.053,-2.416,0.05,0.223,0.419,0.053,-6.766,0.3,2.136,0.239,604,0.275,0.0165,0.25,1,1530.0,648.0,8082.0,0,169.9178,-63.4865
"FoF_138,NGC_5288","nan",309.021,0.027,-2.482,0.021,0.074,0.345,0.026,-3.841,0.169,-1.905,0.157,86,0.562,0.0337,0.5,1,1734.0,833.0,8696.0,0,207.2029,-64.6733
"FoF_143,NGC_6067","nan",329.733,0.067,-2.22,0.063,0.27,0.455,0.051,-1.902,0.278,-2.59,0.244,924,0.093,0.0056,-0.25,1,1909.0,853.0,9339.0,0,243.2982,-54.2379
"FoF_145","n",343.191,0.068,-2.218,0.048,0.208,0.518,0.049,-2.103,0.251,-5.424,0.23,264,0.977,0.0586,0.25,1,"nan","nan","nan",0,256.9806,-44.1321
"FoF_152,NGC_6583","nan",9.278,0.03,-2.546,0.035,0.13,0.423,0.038,1.296,0.216,0.082,0.211,154,0.55,0.033,0.5,1,2287.0,894.0,499.0,0,273.9636,-22.1465
"FoF_155,NGC_6705","nan",27.306,0.062,-2.778,0.062,0.293,0.453,0.081,-1.582,0.311,-4.125,0.308,1619,0.576,0.0346,0.25,1,2399.0,907.0,1225.0,1,282.7722,-6.2718
"FoF_162,FSR_0167","nan",65.171,0.094,-2.418,0.079,0.339,0.517,0.049,0.1,0.189,-1.778,0.187,336,0.576,0.0346,0.25,1,2583.0,330.0,2194.0,0,301.2264,27.0718
"FoF_164,NGC_7062","nan",89.956,0.037,-2.75,0.029,0.132,0.41,0.026,-1.924,0.138,-4.053,0.111,65,0.331,0.0199,-0.25,1,2778.0,938.0,2874.0,0,320.8615,46.3752
"FoF_165,IC_1434","nan",99.956,0.085,-2.666,0.069,0.298,0.287,0.039,-3.843,0.28,-3.327,0.252,442,0.562,0.0337,0.5,1,2854.0,554.0,3094.0,0,332.6192,52.8719
"FoF_166,NGC_7245","nan",101.38,0.07,-1.869,0.044,0.283,0.295,0.054,-3.841,0.351,-3.188,0.283,393,0.576,0.0346,0.25,1,2865.0,952.0,3127.0,0,333.8294,54.3363
"FoF_167,FSR_0342","nan",99.762,0.095,-2.247,0.055,0.316,0.342,0.031,-1.403,0.308,-1.842,0.246,254,0.676,0.0406,0.5,1,2850.0,343.0,3091.0,0,331.9535,53.1011
"FoF_171,NGC_129","nan",120.315,0.135,-2.547,0.085,0.413,0.507,0.036,-2.593,0.254,-1.115,0.203,368,0.977,0.0586,-2.0,1,42.0,662.0,3650.0,1,7.5906,60.2176
"FoF_184,NGC_1513","nan",152.6,0.119,-1.588,0.078,0.562,0.644,0.049,1.327,0.246,-3.677,0.231,324,0.355,0.0213,-0.5,1,254.0,671.0,4430.0,0,62.4847,49.4981
"FoF_186,Berkeley_68","nan",162.047,0.082,-2.388,0.039,0.205,0.281,0.048,2.321,0.227,-1.322,0.203,134,1.45,0.087,0.5,1,295.0,178.0,4592.0,0,71.0764,42.1385
"FoF_189,NGC_2129","nan",186.551,0.137,0.146,0.042,0.501,0.486,0.033,0.283,0.173,-2.211,0.276,86,0.006,0.0004,0.5,1,503.0,699.0,5089.0,0,90.2537,23.3667
"FoF_190,Collinder_115","nan",210.806,0.087,-0.245,0.063,0.336,0.49,0.05,-1.16,0.238,-0.524,0.257,207,0.107,0.0064,0.25,1,706.0,220.0,5716.0,0,101.6716,1.7802
"FoF_191,NGC_2254","nan",204.334,0.052,0.036,0.03,0.22,0.351,0.061,-0.151,0.301,-0.928,0.334,180,0.537,0.0322,0.25,1,656.0,717.0,5536.0,0,98.9478,7.6626
"FoF_192,Haffner_3","nan",219.822,0.052,0.016,0.048,0.168,0.38,0.035,-1.123,0.285,-0.744,0.477,82,0.417,0.025,0.0,1,795.0,532.0,6041.0,0,106.0276,-6.1217
"FoF_195,NGC_2421","nan",236.28,0.087,0.099,0.101,0.345,0.333,0.045,-2.849,0.538,3.034,0.281,517,0.234,0.014,0.25,1,964.0,750.0,6453.0,0,114.0871,-20.6053
"FoF_197,Haffner_9","nan",231.787,0.046,-0.584,0.03,0.176,0.344,0.049,-0.836,0.212,0.483,0.289,126,0.363,0.0218,0.25,1,909.0,538.0,6338.0,0,111.1734,-16.993
"FoF_198","n",234.945,0.107,-1.276,0.039,0.347,0.31,0.041,-1.972,0.534,2.311,0.589,147,0.537,0.0322,-0.75,1,"nan","nan","nan",1,112.1155,-20.0997
"FoF_200,NGC_2489","nan",246.708,0.078,-0.769,0.069,0.258,0.476,0.044,-2.534,0.223,2.102,0.253,392,0.38,0.0228,-0.25,1,1062.0,766.0,6741.0,0,119.0637,-30.0571
"FoF_228,NGC_3293","nan",285.844,0.068,0.078,0.052,0.255,0.381,0.053,-7.534,0.38,3.317,0.257,536,0.015,0.0009,0.0,1,1446.0,803.0,7768.0,0,158.9466,-58.2202
"FoF_232,Trumpler_15","nan",287.411,0.028,-0.374,0.038,0.127,0.398,0.04,-6.192,0.229,2.064,0.216,193,0.008,0.0005,0.5,1,1464.0,1194.0,7851.0,0,161.1761,-59.3717
"FoF_236,NGC_3496","nan",289.496,0.063,-0.407,0.063,0.269,0.389,0.034,-7.305,0.328,2.644,0.278,536,1.41,0.0846,-0.5,1,1487.0,806.0,7966.0,0,164.8693,-60.3249
"FoF_237,NGC_3590","nan",291.201,0.04,-0.167,0.046,0.211,0.355,0.034,-6.108,0.31,1.224,0.393,237,0.007,0.0004,0.5,1,1518.0,809.0,8040.0,0,168.249,-60.7768
"FoF_240,NGC_3766","nan",294.118,0.093,-0.019,0.104,0.411,0.461,0.047,-6.728,0.362,0.98,0.314,1112,0.03,0.0018,0.0,1,1550.0,813.0,8118.0,0,174.0675,-61.5977
"FoF_261,NGC_5269","nan",308.926,0.074,-0.666,0.05,0.266,0.471,0.034,-4.574,0.288,-1.936,0.266,165,0.174,0.0104,0.0,1,1724.0,831.0,"nan",0,206.1191,-62.9188
"FoF_273","n",333.632,0.028,-0.346,0.03,0.101,0.362,0.036,-2.346,0.365,-4.109,0.289,97,1.48,0.0888,-0.75,1,"nan","nan","nan",0,245.7179,-50.1744
"FoF_282","n",355.798,0.032,-1.447,0.031,0.095,0.335,0.025,-0.027,0.244,-0.994,0.299,75,0.692,0.0415,0.5,1,"nan","nan","nan",0,265.2665,-33.2718
"FoF_284,Czernik_37","nan",2.214,0.02,-0.642,0.024,0.084,0.425,0.047,0.463,0.243,-0.439,0.21,122,0.407,0.0244,0.0,1,2190.0,268.0,179.0,0,268.3209,-27.3676
"FoF_291,Dias_6","nan",19.587,0.037,-1.028,0.028,0.123,0.334,0.064,0.462,0.199,-0.605,0.232,175,1.23,0.0738,-2.0,1,2334.0,295.0,949.0,0,277.617,-12.3315
"FoF_293,NGC_6649","nan",21.632,0.055,-0.777,0.047,0.201,0.472,0.068,-0.003,0.237,-0.084,0.264,549,0.12,0.0072,-1.25,1,2350.0,903.0,1005.0,0,278.3536,-10.4021
"FoF_321","n",57.818,0.047,-1.706,0.043,0.151,0.423,0.049,-0.36,0.187,-3.504,0.197,132,0.676,0.0406,0.5,1,"nan","nan","nan",0,296.3957,21.1481
"FoF_342,IC_1369","nan",89.606,0.032,-0.395,0.021,0.1,0.28,0.04,-4.652,0.171,-5.604,0.17,133,0.741,0.0445,0.5,1,2757.0,552.0,2866.0,0,318.03,47.772
"FoF_343,NGC_7086","nan",94.403,0.095,0.207,0.091,0.389,0.587,0.049,-1.649,0.253,-1.642,0.227,637,0.234,0.014,-1.25,1,2792.0,942.0,2979.0,0,322.6225,51.5881
"FoF_347,King_10","nan",108.488,0.046,-0.394,0.042,0.191,0.263,0.036,-2.825,0.287,-2.081,0.202,202,0.204,0.0122,-1.0,1,2918.0,588.0,3306.0,0,343.735,59.1711
"FoF_349,King_19","nan",110.571,0.061,0.157,0.056,0.208,0.347,0.036,-4.719,0.367,-2.614,0.197,167,1.7,0.102,-2.0,1,2936.0,597.0,3382.0,0,347.0672,60.5288
"FoF_351,NGC_7790","nan",116.601,0.113,-1.002,0.059,0.343,0.279,0.036,-3.167,0.371,-1.563,0.324,326,0.977,0.0586,-2.0,1,3002.0,967.0,3542.0,0,359.6222,61.2172
"FoF_358,King_15","nan",120.778,0.065,-0.953,0.036,0.197,0.32,0.025,-2.406,0.379,-0.745,0.356,93,0.501,0.0301,0.5,1,47.0,593.0,3675.0,1,8.292,61.8423
"FoF_366,King_7","nan",149.808,0.082,-1.018,0.042,0.422,0.297,0.058,1.058,0.338,-1.211,0.231,296,1.15,0.069,0.25,1,239.0,607.0,4337.0,0,59.7924,51.779
"FoF_367,NGC_2158","nan",186.631,0.068,1.791,0.057,0.269,0.281,0.062,-0.096,0.317,-1.943,0.309,759,1.2,0.072,0.5,1,526.0,701.0,5092.0,0,91.8624,24.1043
"FoF_369,Trumpler_5","nan",202.806,0.115,1.027,0.105,0.465,0.317,0.078,-0.544,0.283,0.248,0.268,1883,1.66,0.0996,0.0,1,664.0,1214.0,5498.0,0,99.1274,9.4751
"FoF_370,NGC_2259","nan",201.777,0.051,2.116,0.034,0.228,0.328,0.056,-0.257,0.273,-1.045,0.292,140,0.603,0.0362,0.5,1,670.0,718.0,5481.0,0,99.6315,10.8885
"FoF_372,NGC_2324","nan",213.459,0.073,3.297,0.059,0.246,0.252,0.033,-0.36,0.325,-0.049,0.304,214,1.0,0.06,-2.0,1,797.0,733.0,5823.0,0,106.0342,1.0343
"FoF_374,FSR_1180","nan",224.076,0.09,0.973,0.073,0.276,0.341,0.04,-1.199,0.201,1.745,0.227,234,0.692,0.0415,0.25,1,860.0,413.0,"nan",0,108.8666,-9.4534
"FoF_376,Haffner_8","nan",227.487,0.063,1.282,0.041,0.256,0.317,0.044,-1.598,0.195,0.456,0.215,144,0.063,0.0038,0.5,1,898.0,537.0,6254.0,0,110.7712,-12.322
"FoF_377,NGC_2425","nan",231.507,0.053,3.297,0.045,0.212,0.272,0.039,-3.571,0.204,1.987,0.176,186,2.95,0.177,0.0,1,976.0,753.0,6332.0,0,114.5722,-14.8808
"FoF_378,NGC_2432","nan",235.476,0.062,1.772,0.057,0.224,0.498,0.047,-0.725,0.216,1.616,0.181,207,0.955,0.0573,0.0,1,992.0,755.0,6429.0,0,115.2176,-19.0839
"FoF_380,Ruprecht_26,LP_380,FoF_2326","nan",232.066,0.055,2.678,0.034,0.148,0.421,0.028,-1.298,0.265,2.795,0.185,71,0.759,0.0455,-0.25,1,972.0,1054.0,6345.0,0,114.2941,-15.67
"FoF_381,NGC_2455","nan",238.398,0.089,2.358,0.066,0.277,0.284,0.036,-2.611,0.347,2.681,0.258,180,0.525,0.0315,0.25,1,1028.0,763.0,6526.0,0,117.3131,-21.3208
"FoF_382,Haffner_16","nan",242.108,0.054,0.46,0.054,0.19,0.288,0.046,-2.568,0.507,2.805,0.502,197,0.347,0.0208,0.25,1,1032.0,523.0,6636.0,0,117.5825,-25.4796
"FoF_383,Trumpler_9","nan",243.069,0.05,1.279,0.042,0.188,0.32,0.032,-3.339,0.297,3.072,0.192,100,0.05,0.003,0.25,1,1060.0,1216.0,6659.0,0,118.9097,-25.8838
"FoF_384,Ruprecht_58","nan",250.442,0.073,1.577,0.048,0.276,0.266,0.038,-2.629,0.263,1.649,0.483,183,0.363,0.0218,0.25,1,1129.0,1074.0,6849.0,0,123.7115,-31.9488
"FoF_385,NGC_2567","nan",249.771,0.084,2.971,0.071,0.345,0.539,0.037,-3.032,0.248,2.566,0.233,217,0.708,0.0425,-0.25,1,1139.0,776.0,6830.0,0,124.6273,-30.6145
"FoF_386","n",250.132,0.135,0.927,0.079,0.315,0.255,0.026,-2.534,0.378,3.076,0.502,193,0.576,0.0346,0.25,1,"nan","nan","nan",0,122.8706,-32.0487
"FoF_387,NGC_2533","nan",247.783,0.065,1.311,0.047,0.217,0.322,0.025,-3.214,0.16,5.011,0.177,122,1.23,0.0738,-0.5,1,1106.0,771.0,6764.0,0,121.7576,-29.8687
"FoF_388,Pismis_3","nan",257.852,0.089,0.507,0.078,0.316,0.413,0.064,-4.793,0.198,6.636,0.222,906,2.95,0.177,0.0,1,1166.0,991.0,6956.0,0,127.8373,-38.6366
"FoF_391,Pismis_12","nan",268.663,0.095,3.221,0.056,0.364,0.444,0.045,-6.675,0.301,4.815,0.244,246,2.09,0.1254,0.0,1,1286.0,979.0,7295.0,0,140.028,-45.1298
"FoF_394,Pismis_15","nan",272.496,0.057,2.856,0.048,0.209,0.359,0.048,-5.316,0.243,3.357,0.271,206,1.02,0.0612,0.5,1,1323.0,980.0,7398.0,0,143.6779,-48.0451
"FoF_395,NGC_2972","nan",274.694,0.062,1.756,0.059,0.217,0.485,0.044,-5.187,0.362,2.636,0.383,150,1.12,0.0672,-1.0,1,1331.0,797.0,7439.0,0,145.0589,-50.3297
"FoF_403","n",286.748,0.048,0.721,0.038,0.172,0.367,0.031,-6.939,0.345,3.019,0.255,164,0.006,0.0004,0.5,1,"nan","nan","nan",0,161.0356,-58.0938
"FoF_404,Gulliver_1","nan",286.532,0.047,1.79,0.046,0.166,0.322,0.03,-7.754,0.469,3.485,0.354,146,2.04,0.1224,-0.75,1,"nan",458.0,"nan",0,161.6075,-57.0472
"FoF_420,NGC_4103","nan",297.558,0.065,1.153,0.054,0.206,0.473,0.048,-6.215,0.311,0.15,0.279,390,0.083,0.005,0.5,1,1584.0,817.0,8256.0,0,181.634,-61.2494
"FoF_422,NGC_4349","nan",299.728,0.086,0.844,0.072,0.279,0.493,0.043,-7.787,0.311,-0.249,0.26,749,0.977,0.0586,-2.0,1,1607.0,820.0,8336.0,1,186.0548,-61.8583
"FoF_423,ESO_130_13","nan",299.362,0.048,3.031,0.039,0.137,0.398,0.03,-4.432,0.127,-0.419,0.142,96,0.034,0.002,0.25,1,1605.0,307.0,8322.0,0,185.7919,-59.6447
"FoF_425,NGC_4755","nan",303.206,0.06,2.497,0.058,0.246,0.469,0.052,-4.686,0.298,-1.095,0.24,658,0.019,0.0011,-0.5,1,1652.0,826.0,8467.0,1,193.4134,-60.3736
"FoF_426,Gulliver_58","nan",302.303,0.037,0.896,0.035,0.115,0.396,0.033,-3.578,0.181,-0.334,0.16,117,0.813,0.0488,0.5,1,"nan",511.0,"nan",0,191.5213,-61.9692
"FoF_427,NGC_5168","nan",307.75,0.028,1.553,0.031,0.093,0.286,0.04,-4.164,0.216,-1.444,0.184,145,0.457,0.0274,0.25,1,1699.0,830.0,8645.0,0,202.8153,-60.9457
"FoF_428,Collinder_272","nan",307.587,0.042,1.189,0.057,0.194,0.44,0.034,-3.424,0.198,-1.767,0.276,158,0.117,0.007,0.25,1,1698.0,233.0,8641.0,0,202.5964,-61.3302
"FoF_431,NGC_5715","nan",317.533,0.054,2.098,0.045,0.222,0.439,0.038,-3.473,0.233,-2.287,0.26,177,0.398,0.0239,0.25,1,1804.0,842.0,8979.0,0,220.8719,-57.5623
"FoF_432,NGC_5823","nan",321.116,0.086,2.46,0.072,0.258,0.518,0.041,-3.676,0.245,-2.454,0.201,416,0.102,0.0061,0.0,1,1829.0,847.0,9080.0,0,226.3618,-55.6078
"FoF_437,NGC_6192","nan",340.647,0.053,2.14,0.056,0.208,0.578,0.052,1.651,0.199,-0.187,0.172,397,0.245,0.0147,-0.25,1,1967.0,861.0,9880.0,0,250.0772,-43.3551
"FoF_474,Berkeley_44","nan",53.215,0.056,3.337,0.032,0.188,0.306,0.047,-0.038,0.223,-2.83,0.181,159,1.2,0.072,0.5,1,2456.0,157.0,1849.0,0,289.3177,19.5446
"FoF_493,NGC_6871","nan",72.653,0.078,2.067,0.075,0.235,0.522,0.033,-3.152,0.235,-6.444,0.307,182,0.007,0.0004,0.25,1,2590.0,926.0,2418.0,1,301.4878,35.7906
"FoF_496,Gulliver_17","nan",73.236,0.116,1.263,0.066,0.433,0.51,0.05,-1.661,0.731,-4.055,1.046,225,0.029,0.0017,0.25,1,2607.0,466.0,"nan",1,302.7105,35.845
"FoF_500,Dolidze_5","nan",77.148,0.08,1.676,0.049,0.255,0.454,0.039,-2.018,0.338,-5.346,0.251,142,2.88,0.1728,-0.75,1,2639.0,300.0,2545.0,0,305.0225,39.325
"FoF_509,FSR_0306","nan",94.244,0.045,0.481,0.048,0.15,0.335,0.05,-2.099,0.311,-2.558,0.363,120,0.871,0.0523,0.5,1,2787.0,341.0,2970.0,0,322.1332,51.6782
"FoF_510,Teutsch_144","nan",92.726,0.076,0.413,0.075,0.287,0.351,0.03,-1.891,0.302,-3.063,0.346,102,1.91,0.1146,-0.5,1,2773.0,1155.0,2935.0,0,320.4745,50.5712
"FoF_526,NGC_7654","nan",112.808,0.122,0.43,0.089,0.53,0.595,0.058,-1.931,0.258,-1.134,0.244,1061,0.38,0.0228,-0.75,1,2954.0,963.0,3450.0,1,351.1815,61.5855
"FoF_550,FSR_0519","nan",123.069,0.081,1.747,0.074,0.231,0.35,0.026,-2.437,0.29,-0.276,0.213,112,0.006,0.0004,0.5,1,67.0,1271.0,3734.0,1,13.1791,64.6184
"FoF_551,NGC_559","nan",127.196,0.075,0.739,0.051,0.285,0.326,0.056,-4.239,0.173,0.25,0.176,475,1.15,0.069,0.0,1,99.0,837.0,3832.0,0,22.3822,63.295
"FoF_577,Berkeley_67","nan",154.855,0.068,2.483,0.054,0.229,0.412,0.056,2.334,0.211,-1.393,0.146,144,0.813,0.0488,0.25,1,290.0,177.0,4473.0,0,69.4776,50.7534
"FoF_583,Berkeley_32","nan",207.957,0.064,4.41,0.058,0.27,0.289,0.05,-0.354,0.307,-1.45,0.507,428,4.17,0.2502,0.25,1,758.0,148.0,5635.0,0,104.5323,6.4314
"FoF_584,King_23","nan",217.29,0.049,6.323,0.05,0.184,0.277,0.044,-0.543,0.315,-0.687,0.448,135,0.692,0.0415,0.5,1,889.0,601.0,5964.0,0,110.4722,-0.974
"FoF_585,Melotte_71","nan",228.952,0.082,4.497,0.078,0.32,0.443,0.059,-2.445,0.187,4.201,0.197,656,1.15,0.069,0.0,1,974.0,652.0,6279.0,0,114.3758,-12.0699
"FoF_586,Melotte_72","nan",227.869,0.047,5.374,0.047,0.171,0.381,0.045,-4.158,0.135,3.679,0.118,164,1.15,0.069,0.0,1,978.0,653.0,6261.0,0,114.6256,-10.7012
"FoF_587,NGC_2437","nan",231.881,0.159,4.042,0.138,0.528,0.615,0.057,-3.827,0.209,0.364,0.2,1450,0.186,0.0112,0.25,1,995.0,756.0,6340.0,0,115.4334,-14.8414
"FoF_588,NGC_2509","nan",237.843,0.057,5.844,0.054,0.203,0.369,0.032,-2.712,0.16,0.771,0.138,251,2.29,0.1374,-0.5,1,1085.0,768.0,6507.0,0,120.1981,-19.0563
"FoF_589","n",237.71,0.067,5.499,0.04,0.212,0.304,0.033,-1.398,0.172,0.536,0.174,87,0.759,0.0455,-0.75,1,"nan","nan","nan",0,119.8134,-19.1223
"FoF_590,Haffner_22","nan",246.768,0.096,3.352,0.083,0.323,0.325,0.044,-1.765,0.362,2.779,0.294,410,2.19,0.1314,0.5,1,1123.0,529.0,6744.0,0,123.0846,-27.908
"FoF_591,NGC_2587","nan",249.464,0.082,4.492,0.033,0.244,0.297,0.021,-4.217,0.234,3.605,0.2,77,2.0,0.12,-2.0,1,1152.0,779.0,6826.0,0,125.8763,-29.5015
"FoF_592,Ruprecht_68","nan",257.272,0.057,4.265,0.05,0.197,0.309,0.049,-2.612,0.136,5.59,0.191,247,2.51,0.1506,-0.25,1,1214.0,1080.0,6948.0,0,131.1575,-35.9014
"FoF_593,NGC_2658","nan",254.561,0.091,6.057,0.07,0.313,0.247,0.042,-2.587,0.365,2.326,0.303,298,0.525,0.0315,0.25,1,1209.0,785.0,6922.0,0,130.8545,-32.6706
"FoF_594,NGC_3960","nan",294.371,0.066,6.181,0.058,0.233,0.406,0.038,-6.51,0.199,1.84,0.184,378,0.851,0.0511,0.25,1,1570.0,815.0,8128.0,0,177.6433,-55.6758
"FoF_595,NGC_4337","nan",299.313,0.056,4.547,0.045,0.202,0.362,0.041,-8.834,0.202,1.477,0.182,289,2.4,0.144,-0.25,1,1606.0,819.0,8316.0,0,186.0148,-58.1322
"FoF_597","n",40.375,0.042,4.63,0.046,0.175,0.434,0.028,-0.075,0.187,-1.46,0.202,83,1.78,0.1068,-0.5,1,"nan","nan","nan",0,282.1079,8.7267
"FoF_599,Berkeley_89","nan",83.144,0.059,4.841,0.038,0.184,0.273,0.044,-1.989,0.255,-2.289,0.255,186,2.04,0.1224,0.25,1,2650.0,198.0,"nan",0,306.1146,46.0483
"FoF_607,Skiff_J0058p68.4","nan",123.602,0.138,5.591,0.092,0.502,0.309,0.049,-2.029,0.341,0.35,0.253,535,1.35,0.081,0.25,1,76.0,1120.0,3748.0,0,14.6756,68.4533
"FoF_609,King_11","nan",117.154,0.082,6.484,0.054,0.338,0.299,0.068,-3.34,0.325,-0.602,0.206,240,2.09,0.1254,-0.5,1,2983.0,589.0,3551.0,0,356.9211,68.6376
"FoF_612,Tombaugh_5","nan",143.95,0.147,3.593,0.095,0.493,0.562,0.047,0.533,0.19,-2.383,0.187,481,0.174,0.0104,0.25,1,229.0,1187.0,4232.0,0,56.9865,59.0613
"FoF_615,IC_361","nan",147.49,0.091,5.665,0.06,0.377,0.27,0.049,1.666,0.324,-1.116,0.235,390,1.41,0.0846,0.25,1,266.0,568.0,4271.0,0,64.711,58.2702
"FoF_620,NGC_2304","nan",197.203,0.051,8.896,0.049,0.172,0.239,0.023,-0.025,0.246,-1.459,0.426,84,0.576,0.0346,0.25,1,742.0,728.0,5393.0,0,103.7936,17.9915
"FoF_622,NGC_2627","nan",251.58,0.108,6.644,0.085,0.375,0.516,0.037,-2.403,0.223,2.861,0.245,389,1.32,0.0792,0.5,1,1182.0,781.0,6879.0,0,129.3039,-29.9563
"FoF_623,NGC_2818","nan",262.002,0.072,8.619,0.066,0.264,0.285,0.04,-4.429,0.235,4.485,0.269,293,1.41,0.0846,-0.5,1,1280.0,792.0,7087.0,0,139.0546,-36.6173
"FoF_628,NGC_6819","nan",73.983,0.073,8.48,0.067,0.278,0.357,0.052,-2.908,0.198,-3.865,0.202,1414,3.89,0.2334,0.25,1,2509.0,919.0,2448.0,0,295.3292,40.1908
"FoF_629,NGC_7142","nan",105.352,0.092,9.496,0.066,0.478,0.383,0.051,-2.764,0.28,-1.289,0.233,404,3.47,0.2082,0.25,1,2822.0,946.0,3227.0,0,326.2793,65.7866
"FoF_630,Berkeley_10","nan",138.618,0.066,8.88,0.047,0.23,0.368,0.047,-1.426,0.194,1.036,0.205,159,0.692,0.0415,0.5,1,222.0,122.0,4155.0,0,54.8899,66.4857
"FoF_631,NGC_2266","nan",187.79,0.058,10.3,0.046,0.176,0.29,0.051,-0.423,0.247,-1.269,0.194,240,0.955,0.0573,0.0,1,693.0,721.0,5114.0,0,100.8355,26.9723
"FoF_632,NGC_2355","nan",203.368,0.094,11.815,0.067,0.373,0.494,0.054,-3.812,0.19,-1.084,0.218,293,1.74,0.1044,-0.75,1,864.0,739.0,5514.0,0,109.2481,13.7745
"FoF_633,Berkeley_39","nan",223.52,0.054,10.086,0.049,0.213,0.268,0.045,-1.679,0.216,-1.643,0.213,234,12.3,0.738,-1.75,1,1016.0,154.0,6139.0,0,116.6953,-4.6547
"FoF_634,NGC_2506","nan",230.572,0.087,9.939,0.08,0.388,0.317,0.072,-2.56,0.195,3.896,0.166,1257,2.63,0.1578,0.0,1,1081.0,767.0,6306.0,0,120.012,-10.7748
"FoF_635,FSR_1407","nan",261.968,0.057,12.519,0.065,0.231,0.28,0.037,-4.776,0.159,5.96,0.178,83,11.5,0.69,-1.75,1,1309.0,435.0,7085.0,0,142.4384,-33.8645
"FoF_639,NGC_6791","nan",69.967,0.06,10.903,0.056,0.224,0.266,0.055,-0.452,0.197,-2.275,0.249,666,1.95,0.117,0.25,1,2462.0,914.0,2327.0,0,290.2264,37.7788
"FoF_640,NGC_6939","nan",95.904,0.12,12.279,0.105,0.446,0.508,0.046,-1.845,0.196,-5.408,0.198,735,1.66,0.0996,0.5,1,2669.0,929.0,3012.0,0,307.919,60.6483
"FoF_641,NGC_2192","nan",173.446,0.097,10.651,0.047,0.287,0.25,0.025,0.307,0.347,-1.908,0.265,119,1.45,0.087,-0.25,1,574.0,706.0,4834.0,0,93.8349,39.8262
"FoF_642,NGC_2420","nan",198.106,0.084,19.646,0.087,0.364,0.366,0.065,-1.181,0.261,-2.129,0.206,592,2.51,0.1506,-0.5,1,977.0,749.0,5417.0,0,114.6073,21.5789
"FoF_651,NGC_188","nan",122.834,0.143,22.374,0.123,0.635,0.508,0.054,-2.308,0.207,-0.95,0.2,863,4.37,0.2622,0.25,1,59.0,689.0,3726.0,0,11.7671,85.2449
"FoF_652,Berkeley_8","nan",127.355,0.063,13.202,0.066,0.284,0.277,0.051,2.656,0.166,0.467,0.16,186,1.66,0.0996,-0.25,1,132.0,190.0,3837.0,0,30.2757,75.4721
"FoF_655,Ruprecht_1","nan",223.949,0.126,-9.717,0.085,0.396,0.64,0.043,-0.305,0.171,-0.867,0.227,117,0.576,0.0346,0.5,1,661.0,1013.0,6148.0,0,99.0557,-14.1582
"FoF_658","n",212.509,0.13,-8.331,0.053,0.534,0.67,0.032,-1.495,0.214,1.579,0.238,85,0.55,0.033,0.5,1,"nan","nan","nan",0,95.2444,-3.415
"FoF_662,NGC_2354","nan",238.398,0.147,-6.853,0.089,0.694,0.749,0.031,-2.889,0.202,1.839,0.244,238,1.18,0.0708,0.25,1,853.0,738.0,6528.0,1,108.4958,-25.7439
"FoF_666,Ruprecht_84","nan",285.349,0.095,-8.836,0.033,0.312,0.493,0.031,-6.941,0.233,3.993,0.172,65,0.513,0.0308,0.0,1,1347.0,1089.0,"nan",0,147.3085,-65.2827
"FoF_669,NGC_744","nan",132.411,0.089,-6.145,0.073,0.305,0.729,0.037,-1.872,0.216,-1.763,0.241,145,0.479,0.0287,-0.5,1,128.0,960.0,3945.0,0,29.6564,55.4853
"FoF_671,NGC_2362","nan",238.155,0.116,-5.541,0.064,0.366,0.748,0.056,-2.769,0.24,2.952,0.212,194,0.008,0.0005,0.5,1,875.0,742.0,6519.0,1,109.6659,-24.9306
"FoF_675,IC_2488","nan",277.801,0.126,-4.441,0.116,0.425,0.729,0.038,-7.758,0.236,5.689,0.23,350,0.105,0.0063,0.25,1,1304.0,562.0,7538.0,1,141.8426,-56.9958
"FoF_679,NGC_7296","nan",101.868,0.037,-4.582,0.031,0.146,0.397,0.047,-3.002,0.273,-2.741,0.24,114,0.589,0.0353,-0.25,1,2882.0,955.0,3141.0,0,336.9779,52.3201
"FoF_680,Stock_21","nan",120.136,0.079,-4.82,0.046,0.334,0.502,0.036,-2.154,0.235,-1.778,0.21,93,0.479,0.0287,0.0,1,41.0,1137.0,3646.0,1,7.6059,57.9376
"FoF_681,FSR_0942","nan",195.576,0.062,-3.591,0.033,0.242,0.3,0.047,-0.346,0.231,0.084,0.242,97,1.1,0.066,0.5,1,522.0,387.0,5338.0,0,91.4929,13.6746
"FoF_684,Haffner_23","nan",229.996,0.103,-3.718,0.073,0.316,0.457,0.029,-0.531,0.252,-0.074,0.221,95,0.457,0.0274,0.25,1,836.0,530.0,6295.0,0,107.4032,-16.8686
"FoF_686,Ruprecht_28","nan",245.627,0.059,-4.305,0.045,0.16,0.242,0.019,-2.501,0.337,3.578,0.518,90,0.692,0.0415,0.5,1,983.0,1056.0,6715.0,0,114.8877,-30.905
"FoF_694,NGC_2670","nan",267.481,0.128,-3.622,0.078,0.447,0.653,0.037,-5.392,0.209,3.606,0.215,188,0.063,0.0038,0.5,1,1220.0,789.0,7268.0,1,131.3745,-48.7947
"FoF_699","n",273.721,0.141,-3.375,0.06,0.453,0.262,0.031,-3.982,0.595,3.829,0.553,203,0.676,0.0406,0.5,1,"nan","nan","nan",0,138.1571,-53.3507
"FoF_715,NGC_6400","nan",352.578,0.056,-3.259,0.047,0.176,0.784,0.027,0.491,0.184,-2.548,0.21,110,0.537,0.0322,-0.5,1,2139.0,880.0,10526.0,0,265.066,-36.9605
"FoF_716,Ruprecht_128","nan",354.777,0.038,-2.844,0.043,0.162,0.493,0.034,1.843,0.293,-1.285,0.204,135,1.41,0.0846,-0.5,1,2148.0,1029.0,"nan",0,266.0542,-34.8739
"FoF_717,NGC_6520","nan",2.892,0.03,-2.846,0.035,0.111,0.565,0.053,0.676,0.274,-0.534,0.274,188,0.052,0.0031,0.25,1,2229.0,889.0,219.0,0,270.8584,-27.88
"FoF_719,Gulliver_18","nan",65.534,0.082,-3.967,0.068,0.264,0.62,0.038,-3.188,0.182,-5.663,0.223,141,0.051,0.0031,0.25,1,2612.0,467.0,2210.0,0,302.9065,26.5406
"FoF_720,COIN-Gaia_4","nan",129.847,0.146,-3.435,0.042,0.427,0.45,0.032,-0.946,0.243,-1.051,0.268,89,0.355,0.0213,0.25,1,"nan",1232.0,"nan",1,26.2414,58.7162
"FoF_722,Berkeley_9","nan",146.08,0.067,-2.828,0.048,0.28,0.518,0.047,1.516,0.262,0.02,0.26,111,3.09,0.1854,0.0,1,219.0,199.0,4257.0,0,53.1778,52.6404
"FoF_731,FSR_1144","nan",219.502,0.062,-1.755,0.052,0.208,0.496,0.037,-1.27,0.24,1.059,0.268,89,0.022,0.0013,-1.0,1,752.0,406.0,6035.0,0,104.2955,-6.6468
"FoF_819,IC_2714","nan",292.398,0.121,-1.785,0.112,0.409,0.721,0.042,-7.58,0.257,2.649,0.236,854,0.112,0.0067,0.25,1,1527.0,565.0,8071.0,0,169.365,-62.7188
"FoF_826","n",289.767,0.076,-1.608,0.048,0.201,0.325,0.012,-5.858,0.598,2.238,0.497,108,1.2,0.072,-0.5,1,"nan","nan","nan",0,164.3333,-61.5282
"FoF_861","n",331.279,0.035,-1.822,0.023,0.092,0.267,0.035,-2.662,0.295,-3.93,0.295,93,1.51,0.0906,0.0,1,"nan","nan","nan",0,244.7076,-52.8796
"FoF_862,Ruprecht_117","nan",332.505,0.025,-1.614,0.019,0.065,0.278,0.03,-0.516,0.188,-2.239,0.18,69,0.17,0.0102,0.25,1,1929.0,1024.0,9482.0,0,245.8891,-51.8673
"FoF_863,Collinder_307","nan",334.389,0.036,-2.335,0.035,0.097,0.491,0.027,-0.741,0.193,-3.316,0.199,90,0.576,0.0346,0.25,1,1956.0,236.0,9594.0,0,248.8082,-50.999
"FoF_865,Harvard_16","nan",351.725,0.082,-1.636,0.063,0.245,0.634,0.04,-0.62,0.208,-0.787,0.237,257,0.04,0.0024,0.5,1,2103.0,541.0,10463.0,0,262.7824,-36.8045
"FoF_866","n",349.113,0.036,-2.403,0.028,0.109,0.384,0.029,2.947,0.23,0.487,0.198,64,2.51,0.1506,-0.5,1,"nan","nan","nan",0,261.7629,-39.4043
"FoF_876","n",84.438,0.082,-3.235,0.053,0.245,0.473,0.034,-2.457,0.32,-4.249,0.344,85,0.275,0.0165,0.25,1,"nan","nan","nan",0,316.0519,42.0461
"FoF_888","n",116.107,0.208,-1.263,0.038,0.55,0.347,0.028,-2.613,0.74,-1.487,0.443,112,0.776,0.0466,0.0,1,"nan","nan","nan",0,358.7385,60.8581
"FoF_894,Czernik_2","nan",121.982,0.061,-2.676,0.057,0.168,0.496,0.038,-4.052,0.182,-0.963,0.242,95,1.59,0.0954,-1.0,1,55.0,255.0,3709.0,1,10.951,60.1817
"FoF_905","n",127.464,0.173,-2.742,0.039,0.389,0.253,0.03,-0.81,0.478,-0.488,0.461,90,1.41,0.0846,-0.5,1,"nan","nan","nan",0,21.89,59.8115
"FoF_906,FSR_0537","nan",126.305,0.113,-2.316,0.039,0.361,0.277,0.031,-1.094,0.488,-0.702,0.349,86,0.562,0.0337,0.25,1,91.0,359.0,3816.0,0,19.6902,60.3767
"FoF_909","n",129.826,0.157,-1.733,0.031,0.38,0.254,0.018,-0.697,0.557,-0.421,0.398,88,0.525,0.0315,0.5,1,"nan","nan","nan",0,26.9104,60.3843
"FoF_925","n",201.312,0.377,-1.546,0.055,0.783,0.245,0.024,0.038,0.421,-0.636,0.703,94,2.19,0.1314,-1.0,1,"nan","nan","nan",0,96.1134,9.6072
"FoF_926,FSR_0953","nan",196.668,0.061,-0.572,0.034,0.207,0.322,0.04,-0.146,0.273,-2.844,0.198,92,0.676,0.0406,0.5,1,586.0,390.0,5380.0,0,94.7616,14.1634
"FoF_928,FSR_1085","nan",213.304,0.054,0.301,0.044,0.178,0.61,0.063,-1.02,0.226,0.217,0.247,94,0.035,0.0021,-0.25,1,730.0,402.0,5819.0,0,103.297,-0.1939
"FoF_930","n",214.528,0.048,-0.848,0.042,0.149,0.388,0.044,-0.911,0.163,3.001,0.187,97,2.95,0.177,0.25,1,"nan","nan","nan",0,102.8324,-1.8071
"FoF_931,NGC_2311","nan",217.816,0.117,-0.677,0.055,0.344,0.464,0.031,-1.391,0.271,0.862,0.276,98,0.008,0.0005,0.5,1,756.0,730.0,"nan",0,104.4868,-4.655
"FoF_936,Teutsch_61","nan",235.366,0.053,0.153,0.032,0.168,0.307,0.045,-2.276,0.299,3.076,0.285,82,0.006,0.0004,0.5,1,958.0,1175.0,6426.0,1,113.6634,-19.7806
"FoF_947","n",244.336,0.048,0.195,0.038,0.127,0.34,0.032,-4.259,0.142,3.725,0.175,68,2.51,0.1506,-0.75,1,"nan","nan","nan",0,118.6041,-27.5286
"FoF_960,Ruprecht_50","nan",248.229,0.059,0.124,0.037,0.175,0.388,0.042,-1.913,0.335,2.446,0.316,84,0.576,0.0346,-0.25,1,1098.0,1072.0,6779.0,0,120.873,-30.8813
"FoF_984,Collinder_205","nan",269.178,0.071,-1.857,0.03,0.237,0.5,0.034,-4.916,0.263,3.919,0.262,65,0.008,0.0005,0.5,1,1255.0,226.0,"nan",0,135.0866,-48.9688
"FoF_987,NGC_2910","nan",275.313,0.122,-1.168,0.071,0.589,0.737,0.042,-6.771,0.23,6.123,0.236,241,0.044,0.0026,-0.25,1,1312.0,795.0,7462.0,1,142.6326,-52.9115
"FoF_998,Ruprecht_82","nan",277.726,0.062,-0.479,0.042,0.216,0.433,0.035,-6.402,0.41,4.317,0.24,159,0.589,0.0353,-0.25,1,1341.0,1087.0,7534.0,0,146.4293,-54.0013
"FoF_1013,Collinder_220","nan",284.55,0.048,-0.337,0.037,0.137,0.351,0.028,-7.173,0.396,2.973,0.448,112,0.063,0.0038,0.5,1,1424.0,227.0,7740.0,0,156.4437,-57.9132
"FoF_1062,Ruprecht_93","nan",290.469,0.085,-1.145,0.091,0.346,0.447,0.022,-6.462,0.345,2.843,0.566,223,0.562,0.0337,0.25,1,1492.0,1092.0,"nan",0,166.0716,-61.3966
"FoF_1123,NGC_4052","nan",297.392,0.037,-0.888,0.033,0.125,0.35,0.023,-6.678,0.323,0.152,0.265,74,0.576,0.0346,0.25,1,1578.0,816.0,8248.0,0,180.4861,-63.2262
"FoF_1129,NGC_4609","nan",301.901,0.076,-0.137,0.06,0.272,0.676,0.053,-4.877,0.234,-1.028,0.193,235,0.035,0.0021,-0.25,1,1642.0,825.0,8423.0,0,190.589,-62.9906
"FoF_1168,NGC_5281","nan",309.133,0.054,-0.717,0.046,0.177,0.609,0.031,-4.676,0.205,-2.36,0.228,138,0.051,0.0031,-0.25,1,1729.0,832.0,8704.0,1,206.5872,-62.9258
"FoF_1172,Ruprecht_111","nan",315.68,0.077,0.273,0.064,0.297,0.668,0.03,-7.254,0.23,-6.088,0.239,150,2.63,0.1578,-0.75,1,1796.0,1021.0,8928.0,0,219.0325,-59.9819
"FoF_1180","n",325.18,0.052,-1.67,0.05,0.171,0.359,0.028,-1.747,0.414,-3.149,0.278,120,0.661,0.0397,0.25,1,"nan","nan","nan",0,236.5675,-56.7901
"FoF_1182","n",326.706,0.064,-1.139,0.058,0.193,0.475,0.033,-1.067,0.24,-2.268,0.211,151,0.038,0.0023,0.5,1,"nan","nan","nan",0,238.1119,-55.4234
"FoF_1185,NGC_6134","nan",334.909,0.112,-0.216,0.097,0.382,0.859,0.054,2.182,0.252,-4.453,0.226,626,0.912,0.0547,0.5,1,1941.0,857.0,9614.0,1,246.9534,-49.1702
"FoF_1186,NGC_6204","nan",338.552,0.065,-1.044,0.049,0.265,0.826,0.068,-0.682,0.277,-0.588,0.23,228,0.135,0.0081,-0.25,1,1980.0,863.0,9785.0,1,251.5351,-47.0254
"FoF_1205,Ruprecht_130","nan",359.227,0.027,-0.975,0.03,0.084,0.381,0.035,0.365,0.315,-1.865,0.304,73,0.955,0.0573,0.25,1,2164.0,1030.0,10913.0,0,266.9014,-30.103
"FoF_1218","n",12.847,0.027,-0.613,0.029,0.078,0.359,0.022,-0.074,0.249,-1.196,0.375,60,0.513,0.0308,0.5,1,"nan","nan","nan",0,273.9597,-18.089
"FoF_1235","n",27.797,0.068,-1.492,0.053,0.169,0.469,0.025,0.3,0.361,-2.055,0.41,145,0.398,0.0239,0.25,1,"nan","nan","nan",1,281.8454,-5.2499
"FoF_1275,Roslund_2","nan",60.164,0.166,-0.192,0.056,0.529,0.465,0.028,-1.734,0.243,-5.113,0.255,125,0.008,0.0005,0.5,1,2523.0,1007.0,"nan",0,296.2479,23.9365
"FoF_1312,King_18","nan",107.777,0.034,-1.026,0.026,0.118,0.34,0.03,-2.707,0.212,-2.075,0.203,66,0.692,0.0415,0.5,1,2914.0,596.0,3285.0,0,343.0369,58.2916
"FoF_1321,FSR_0498","nan",120.355,0.087,-0.371,0.034,0.316,0.327,0.024,-3.145,0.389,-0.739,0.239,87,0.007,0.0004,0.5,1,39.0,355.0,3658.0,1,7.2926,62.3893
"FoF_1328","n",123.735,0.21,0.129,0.05,0.574,0.334,0.031,-1.717,0.589,-0.413,0.375,157,0.55,0.033,0.5,1,"nan","nan","nan",0,14.628,62.9897
"FoF_1332","n",129.832,0.163,-1.693,0.077,0.515,0.321,0.018,-0.979,0.389,-0.494,0.322,102,0.191,0.0115,0.5,1,"nan","nan","nan",0,26.9398,60.422
"FoF_1334","n",131.257,0.194,-0.401,0.05,0.437,0.301,0.027,-0.811,0.371,-0.354,0.329,98,0.309,0.0185,0.25,1,"nan","nan","nan",0,30.4243,61.3299
"FoF_1364,NGC_1496","nan",149.828,0.05,0.19,0.03,0.195,0.613,0.029,1.508,0.138,-0.771,0.13,60,0.417,0.025,0.0,1,246.0,669.0,4339.0,0,61.1131,52.6765
"FoF_1365,NGC_1664","nan",161.673,0.126,-0.452,0.089,0.506,0.737,0.05,1.733,0.25,-5.701,0.206,297,0.372,0.0223,0.25,1,310.0,680.0,4587.0,0,72.7653,43.6741
"FoF_1366,Skiff_J0458p43.0","nan",162.968,0.13,0.145,0.04,0.346,0.279,0.039,0.465,0.42,-1.323,0.38,98,0.562,0.0337,0.5,1,319.0,1121.0,4616.0,0,74.5248,43.0442
"FoF_1370","n",185.42,0.135,2.018,0.094,0.348,0.264,0.016,0.297,0.463,-1.62,0.491,75,0.576,0.0346,0.25,1,"nan","nan","nan",0,91.4321,25.272
"FoF_1372","n",181.882,0.127,3.079,0.073,0.394,0.267,0.024,0.29,0.45,-1.529,0.433,95,0.562,0.0337,0.5,1,"nan","nan","nan",0,90.5262,28.8731
"FoF_1375","n",182.827,0.083,3.068,0.082,0.252,0.259,0.03,0.264,0.559,-1.593,0.527,89,0.562,0.0337,0.5,1,"nan","nan","nan",0,91.0416,28.0453
"FoF_1377","n",182.346,0.107,3.102,0.099,0.336,0.246,0.019,0.44,0.486,-1.428,0.533,117,0.977,0.0586,0.25,1,"nan","nan","nan",1,90.8083,28.4808
"FoF_1380,FSR_0951","nan",196.631,0.125,0.34,0.092,0.372,0.546,0.045,0.273,0.264,-0.001,0.266,193,0.977,0.0586,-2.0,1,599.0,389.0,"nan",0,95.5741,14.6258
"FoF_1395,Alessi_60","nan",215.182,0.061,1.945,0.032,0.233,0.338,0.038,-0.778,0.257,-0.495,0.352,102,0.186,0.0112,0.25,1,785.0,60.0,5873.0,0,105.6169,-1.1142
"FoF_1399","n",219.765,0.136,1.561,0.057,0.28,0.272,0.016,-0.831,0.439,0.828,0.399,73,0.661,0.0397,0.0,1,"nan","nan","nan",0,107.3803,-5.3608
"FoF_1400,NGC_2353","nan",224.684,0.123,0.396,0.083,0.54,0.834,0.066,-1.087,0.239,0.746,0.262,231,0.132,0.0079,0.5,1,857.0,737.0,6192.0,0,108.635,-10.26
"FoF_1411,DBSB_7","nan",234.414,0.099,0.857,0.049,0.263,0.362,0.033,-1.748,0.194,2.344,0.21,78,0.006,0.0004,0.5,1,"nan",287.0,"nan",0,113.8252,-18.6065
"FoF_1412,NGC_2428","nan",233.051,0.164,2.693,0.083,0.537,0.715,0.041,-3.293,0.237,2.429,0.17,156,0.447,0.0268,0.25,1,981.0,754.0,6366.0,0,114.8082,-16.5211
"FoF_1425,Haffner_21","nan",244.838,0.055,1.636,0.038,0.176,0.27,0.039,-1.719,0.461,1.907,0.563,141,0.562,0.0337,0.5,1,1086.0,528.0,6702.0,0,120.2832,-27.2049
"FoF_1428","n",245.16,0.205,0.516,0.053,0.355,0.279,0.029,-2.388,0.514,2.551,0.542,86,0.692,0.0415,0.25,1,"nan","nan","nan",0,119.3975,-28.0666
"FoF_1429","n",245.545,0.121,0.244,0.06,0.305,0.254,0.018,-2.263,0.387,2.814,0.494,80,0.501,0.0301,0.5,1,"nan","nan","nan",0,119.3619,-28.5369
"FoF_1437","n",252.06,0.116,0.901,0.136,0.36,0.246,0.019,-2.591,0.427,3.033,0.572,216,0.525,0.0315,0.5,1,"nan","nan","nan",0,124.1146,-33.6689
"FoF_1438,Haffner_26","nan",249.631,0.069,2.329,0.044,0.19,0.292,0.041,-1.748,0.348,2.422,0.382,139,0.661,0.0397,0.0,1,1132.0,531.0,6827.0,0,123.9169,-30.8571
"FoF_1463,NGC_2671","nan",262.163,0.087,0.794,0.076,0.304,0.665,0.052,-1.561,0.212,0.975,0.238,308,0.468,0.0281,0.25,1,1222.0,790.0,7092.0,0,131.5703,-41.8858
"FoF_1526,Trumpler_18","nan",290.947,0.037,-0.121,0.055,0.152,0.63,0.026,-7.146,0.157,0.561,0.167,80,0.034,0.002,-0.25,1,1514.0,1197.0,8032.0,0,167.8026,-60.6392
"FoF_1540","n",291.586,0.034,1.554,0.039,0.139,0.337,0.034,-5.341,0.372,1.801,0.199,115,1.02,0.0612,0.5,1,"nan","nan","nan",0,170.1991,-59.3063
"FoF_1608,NGC_4852","nan",304.036,0.087,3.258,0.07,0.28,0.764,0.046,-8.104,0.232,-1.165,0.193,182,0.135,0.0081,-0.25,1,1657.0,828.0,8498.0,1,195.0379,-59.5951
"FoF_1611,NGC_5925","nan",324.369,0.116,1.732,0.085,0.368,0.684,0.039,-4.326,0.271,-5.152,0.246,325,0.562,0.0337,0.25,1,1849.0,848.0,9158.0,0,231.8582,-54.514
"FoF_1621,NGC_6242","nan",345.451,0.086,2.452,0.064,0.294,0.786,0.069,1.153,0.274,-0.834,0.258,422,0.032,0.0019,-0.25,1,2007.0,867.0,10109.0,0,253.8872,-39.4837
"FoF_1624","n",359.857,0.056,-0.26,0.066,0.213,0.486,0.039,1.46,0.514,-0.888,0.353,177,0.617,0.037,0.5,1,"nan","nan","nan",0,266.5739,-29.1936
"FoF_1747,Gulliver_38","nan",71.215,0.038,1.813,0.035,0.126,0.397,0.03,-0.925,0.147,-2.635,0.216,77,0.851,0.0511,0.25,1,"nan",489.0,"nan",0,300.8122,34.4398
"FoF_1773,Barkhatova_1","nan",86.21,0.05,0.807,0.032,0.139,0.474,0.036,-2.52,0.456,-4.328,0.437,74,0.759,0.0455,-0.75,1,2714.0,112.0,2813.0,0,313.4126,46.0313
"FoF_1800","n",105.249,0.127,0.094,0.096,0.441,0.709,0.034,-4.571,0.297,-2.633,0.203,167,0.479,0.0287,-1.0,1,"nan","nan","nan",0,337.8086,58.0689
"FoF_1819,Gulliver_49","nan",112.741,0.112,0.883,0.079,0.371,0.581,0.039,-3.986,0.205,-3.04,0.194,141,0.331,0.0199,0.25,1,"nan",501.0,3447.0,1,350.7297,61.9906
"FoF_1831","n",116.895,0.14,1.25,0.065,0.317,0.249,0.021,-2.606,0.916,-0.893,0.296,90,0.468,0.0281,0.25,1,"nan","nan","nan",0,359.2389,63.4814
"FoF_1847,FSR_0496","nan",120.191,0.124,1.271,0.08,0.395,0.654,0.044,2.228,0.204,-0.598,0.194,228,2.51,0.1506,-0.5,1,35.0,354.0,"nan",1,6.5963,64.0093
"FoF_1879,Czernik_6","nan",130.897,0.128,1.043,0.05,0.324,0.329,0.035,-1.151,0.626,-0.123,0.314,144,0.501,0.0301,0.5,1,133.0,275.0,"nan",0,30.5143,62.8175
"FoF_1888","n",123.676,0.194,0.388,0.073,0.506,0.356,0.018,-2.21,0.519,-0.265,0.376,117,0.537,0.0322,0.5,1,"nan","nan","nan",1,14.5128,63.2502
"FoF_1937","n",135.837,0.164,1.838,0.095,0.486,0.336,0.029,-0.333,0.732,-0.213,0.494,140,0.576,0.0346,0.25,1,"nan","nan","nan",0,41.0947,61.8465
"FoF_1970","n",183.44,0.105,3.489,0.1,0.282,0.248,0.016,0.196,0.4,-1.523,0.542,90,1.41,0.0846,-0.5,1,"nan","nan","nan",1,91.7945,27.7154
"FoF_1973","n",189.698,0.053,3.914,0.057,0.157,0.337,0.028,1.076,0.272,-2.633,0.214,69,0.708,0.0425,0.25,1,"nan","nan","nan",0,95.4814,22.4201
"FoF_1974,FSR_0905","nan",191.021,0.079,6.297,0.062,0.269,0.637,0.039,1.887,0.2,-3.839,0.188,78,0.355,0.0213,0.25,1,642.0,380.0,5213.0,0,98.425,22.3412
"FoF_1976,Berkeley_37","nan",217.139,0.087,5.951,0.036,0.261,0.287,0.041,-1.045,0.392,0.551,0.467,130,0.676,0.0406,0.5,1,882.0,153.0,5956.0,0,110.0728,-1.0121
"FoF_1993,ESO_130_08","nan",297.737,0.105,2.998,0.078,0.352,0.718,0.03,-5.938,0.171,-0.851,0.223,153,0.282,0.0169,0.25,1,1591.0,306.0,8263.0,1,182.6096,-59.4596
"FoF_1994","n",301.932,0.071,4.768,0.039,0.215,0.5,0.03,-2.185,0.19,-1.25,0.191,107,0.832,0.0499,0.25,1,"nan","nan","nan",0,190.9741,-58.0891
"FoF_1995,NGC_5138","nan",307.541,0.054,3.519,0.037,0.151,0.506,0.026,-3.583,0.153,-1.456,0.127,64,0.029,0.0017,-0.25,1,1691.0,829.0,8634.0,0,201.8267,-59.0314
"FoF_1996,NGC_5764","nan",320.96,0.053,5.877,0.043,0.18,0.48,0.034,-3.356,0.222,-2.278,0.247,88,1.2,0.072,0.5,1,1816.0,844.0,9073.0,0,223.3686,-52.67
"FoF_1998,FSR_1723","nan",333.035,0.048,5.857,0.029,0.163,0.634,0.038,-0.224,0.194,-1.393,0.144,78,0.151,0.0091,0.25,1,1882.0,451.0,9526.0,0,238.775,-46.0049
"FoF_2000","n",97.054,0.108,5.843,0.086,0.401,0.701,0.023,-3.1,0.209,-4.402,0.239,106,0.355,0.0213,0.25,1,"nan","nan","nan",0,319.0379,57.4589
"FoF_2034,Patchick_3","nan",162.886,0.085,4.287,0.036,0.2,0.572,0.03,-1.585,0.146,-1.248,0.158,57,2.19,0.1314,-0.5,1,362.0,972.0,4614.0,0,79.09,45.5945
"FoF_2040,NGC_6866","nan",79.594,0.112,6.842,0.104,0.416,0.683,0.036,-1.411,0.214,-5.748,0.204,225,0.562,0.0337,0.25,1,2580.0,925.0,2640.0,0,301.0003,44.1882
"FoF_2043,NGC_2539","nan",233.732,0.173,11.107,0.109,0.623,0.762,0.052,-2.319,0.185,-0.58,0.199,405,0.912,0.0547,0.0,1,1112.0,772.0,6379.0,0,122.6642,-12.843
"FoF_2044,FSR_0866","nan",186.303,0.119,13.849,0.098,0.363,0.796,0.035,1.401,0.224,-0.362,0.186,159,2.82,0.1692,0.0,1,744.0,376.0,5080.0,0,103.8229,29.7655
"FoF_2052,NGC_2669","nan",270.818,0.09,-6.079,0.078,0.303,0.865,0.055,-4.099,0.27,4.657,0.257,201,0.063,0.0038,0.5,1,1224.0,788.0,7357.0,0,131.5916,-52.9265
"FoF_2053,IC_4651","nan",340.105,0.155,-7.905,0.136,0.593,1.059,0.06,-2.408,0.293,-5.053,0.276,713,0.295,0.0177,-2.0,1,2082.0,569.0,9862.0,0,261.2161,-49.9184
"FoF_2054,NGC_6940","nan",69.885,0.188,-7.155,0.126,0.682,0.951,0.044,-1.971,0.236,-9.398,0.223,442,1.95,0.117,-0.5,1,2677.0,930.0,2324.0,0,308.632,28.2985
"FoF_2055,NGC_7209","nan",95.489,0.173,-7.32,0.114,0.5,0.819,0.031,2.275,0.167,0.296,0.177,156,0.525,0.0315,0.0,1,2847.0,948.0,3004.0,0,331.2547,46.4941
"FoF_2057,NGC_2318","nan",226.147,0.155,-4.51,0.074,0.511,0.712,0.03,-1.778,0.206,-2.148,0.209,88,1.15,0.069,-0.5,1,"nan",731.0,6220.0,0,104.8621,-13.8088
"FoF_2058,NGC_3114","nan",283.245,0.29,-3.795,0.215,0.972,0.955,0.046,-7.364,0.264,3.793,0.266,1121,0.066,0.004,0.0,1,1376.0,800.0,7694.0,1,150.5648,-60.0325
"FoF_2059","n",284.793,0.113,-3.737,0.055,0.269,0.459,0.021,-6.302,0.324,3.08,0.303,68,0.562,0.0337,0.5,1,"nan","nan","nan",0,153.1748,-60.8892
"FoF_2061,Collinder_277","nan",308.645,0.063,-3.815,0.048,0.151,0.599,0.027,-9.226,0.134,-4.142,0.147,81,1.45,0.087,-0.25,1,1732.0,234.0,8678.0,1,207.0261,-66.0562
"FoF_2063,NGC_6208","nan",333.748,0.101,-5.752,0.088,0.287,0.842,0.044,-0.952,0.248,-1.506,0.23,281,1.51,0.0906,0.0,1,1992.0,864.0,9573.0,0,252.3429,-53.7251
"FoF_2066,Harvard_13","nan",339.602,0.07,-4.081,0.064,0.212,0.816,0.025,-2.838,0.19,-7.165,0.179,96,2.29,0.1374,-0.5,1,2035.0,540.0,9837.0,1,256.0159,-48.1152
"FoF_2067,NGC_6728","nan",25.768,0.052,-5.696,0.046,0.136,0.549,0.025,1.278,0.142,-1.764,0.15,72,0.676,0.0406,0.25,1,2419.0,910.0,1163.0,0,284.7012,-8.9573
"FoF_2068","n",28.886,0.045,-3.305,0.041,0.151,0.504,0.036,-0.508,0.243,-4.283,0.209,93,0.576,0.0346,0.25,1,"nan","nan","nan",0,283.9634,-5.1048
"FoF_2069,Roslund_3","nan",58.843,0.046,-4.689,0.053,0.144,0.579,0.029,-0.379,0.142,-5.088,0.187,71,0.363,0.0218,0.25,1,2559.0,1008.0,2021.0,1,299.6995,20.5073
"FoF_2070,NGC_7082","nan",91.12,0.134,-2.864,0.09,0.451,0.726,0.041,-0.281,0.196,-1.119,0.196,244,0.132,0.0079,-0.25,1,2789.0,941.0,2908.0,0,322.1958,47.1022
"FoF_2071,King_20","nan",112.843,0.067,-2.857,0.045,0.226,0.498,0.032,-2.698,0.175,-2.575,0.174,72,0.006,0.0004,0.5,1,2966.0,599.0,3452.0,0,353.3107,58.4747
"FoF_2074,ASCC_6","nan",130.403,0.12,-4.307,0.055,0.386,0.621,0.029,-0.832,0.152,0.228,0.175,63,0.049,0.0029,0.5,1,117.0,25.0,3911.0,0,26.9207,57.7466
"FoF_2079,NGC_2323","nan",221.671,0.195,-1.303,0.164,0.694,0.997,0.058,-0.715,0.349,-0.633,0.298,753,0.048,0.0029,0.25,1,786.0,732.0,6084.0,1,105.6997,-8.3694
"FoF_2080,NGC_2335","nan",223.586,0.076,-1.18,0.066,0.229,0.571,0.046,-0.791,0.214,-0.654,0.213,124,0.355,0.0213,0.25,1,812.0,734.0,6141.0,0,106.6998,-10.0144
"FoF_2081,NGC_2343","nan",224.267,0.124,-1.216,0.107,0.438,0.92,0.047,0.206,0.282,-0.183,0.253,199,0.096,0.0058,0.25,1,829.0,735.0,6172.0,1,106.9855,-10.6356
"FoF_2083,NGC_2360","nan",229.799,0.157,-1.408,0.131,0.599,0.903,0.055,0.393,0.24,5.595,0.214,660,1.41,0.0846,-0.25,1,868.0,741.0,6289.0,1,109.4419,-15.6261
"FoF_2084,Basel_11a","nan",228.272,0.105,-0.759,0.046,0.307,0.703,0.037,-1.613,0.315,0.919,0.26,93,0.04,0.0024,0.25,1,866.0,115.0,6269.0,0,109.2986,-13.973
"FoF_2085,NGC_2447","nan",240.044,0.193,0.151,0.143,0.761,0.98,0.058,-3.579,0.237,5.051,0.241,673,1.15,0.069,-0.5,1,1005.0,758.0,6592.0,1,116.1435,-23.8531
"FoF_2086,Gulliver_36","nan",252.817,0.118,-0.523,0.085,0.36,0.728,0.033,-0.251,0.14,0.605,0.153,77,0.661,0.0397,0.0,1,"nan",487.0,6891.0,0,123.1878,-35.0886
"FoF_2087,Ruprecht_71","nan",266.363,0.085,-1.917,0.05,0.247,0.476,0.031,-5.165,0.331,4.628,0.275,99,0.015,0.0009,0.5,1,1233.0,1081.0,7245.0,1,132.3121,-46.8561
"FoF_2088,Pismis_8","nan",265.114,0.071,-2.573,0.028,0.251,0.506,0.037,-5.72,0.238,4.895,0.225,64,0.047,0.0028,0.5,1,1200.0,995.0,"nan",1,130.4351,-46.2877
"FoF_2090,NGC_3033","nan",279.567,0.063,-2.035,0.055,0.197,0.528,0.015,-7.535,0.218,4.272,0.209,64,0.576,0.0346,0.25,1,1345.0,798.0,7585.0,0,147.1563,-56.3754
"FoF_2094","n",294.863,0.056,-0.177,0.052,0.164,0.542,0.03,-3.78,0.287,1.257,0.208,80,0.275,0.0165,0.25,1,"nan","nan","nan",0,175.4893,-61.9554
"FoF_2098,SAI_118","nan",308.743,0.047,-0.859,0.039,0.142,0.507,0.033,-4.501,0.284,-2.282,0.226,105,0.021,0.0013,0.0,1,1722.0,1101.0,8685.0,0,205.8098,-63.1448
"FoF_2099,Trumpler_21","nan",307.58,0.07,-0.284,0.049,0.193,0.728,0.041,-4.674,0.209,-2.273,0.202,122,0.033,0.002,0.5,1,1700.0,1201.0,8638.0,0,203.0662,-62.7867
"FoF_2100","n",319.243,0.062,-2.089,0.055,0.168,0.453,0.016,-3.492,0.425,-3.443,0.356,93,0.525,0.0315,0.5,1,"nan","nan","nan",0,227.5882,-60.4843
"FoF_2101,Collinder_292","nan",325.036,0.046,-2.585,0.042,0.123,0.529,0.024,-2.413,0.202,-2.219,0.218,72,0.063,0.0038,-0.25,1,1875.0,235.0,9168.0,0,237.4064,-57.5972
"FoF_2102,NGC_6031","nan",329.274,0.041,-1.501,0.036,0.122,0.547,0.037,-2.171,0.359,-3.049,0.183,90,0.029,0.0017,0.25,1,1894.0,852.0,9316.0,0,241.89,-54.022
"FoF_2107,NGC_6383","nan",355.665,0.057,0.072,0.069,0.282,0.932,0.077,2.545,0.323,-1.642,0.269,150,0.007,0.0004,0.0,1,2116.0,878.0,10764.0,1,263.6534,-32.5707
"FoF_2117","n",28.734,0.064,-1.574,0.094,0.284,0.608,0.028,1.079,0.171,0.068,0.184,120,1.41,0.0846,-0.5,1,"nan","nan","nan",0,282.3468,-4.4535
"FoF_2118","n",28.705,0.116,-1.549,0.087,0.317,0.673,0.029,1.083,0.225,0.148,0.221,161,0.933,0.056,-0.25,1,"nan","nan","nan",0,282.3113,-4.4679
"FoF_2119,NGC_6735","nan",33.537,0.056,-2.279,0.06,0.172,0.462,0.021,0.084,0.242,-1.282,0.218,62,0.676,0.0406,0.25,1,2421.0,911.0,1415.0,0,285.1636,-0.5008
"FoF_2123","n",59.388,0.057,-2.479,0.039,0.147,0.592,0.033,-0.803,0.171,-2.38,0.316,59,0.363,0.0218,-0.25,1,"nan","nan","nan",1,297.9662,22.1113
"FoF_2124,Gulliver_60","nan",68.429,0.102,-2.641,0.101,0.47,0.909,0.04,1.752,0.241,0.191,0.201,133,0.044,0.0026,-0.25,1,"nan",514.0,"nan",0,303.4476,29.6844
"FoF_2126,Gulliver_24","nan",117.613,0.105,0.44,0.058,0.371,0.639,0.045,-3.185,0.286,-1.48,0.272,96,0.209,0.0125,-0.25,1,"nan",474.0,"nan",1,1.1482,62.827
"FoF_2127,NGC_189","nan",121.524,0.09,-1.739,0.053,0.237,0.768,0.027,0.323,0.208,-3.307,0.195,69,0.562,0.0337,0.25,1,49.0,691.0,3698.0,0,9.9465,61.1009
"FoF_2128,NGC_381","nan",124.941,0.098,-1.209,0.075,0.404,0.854,0.039,1.599,0.181,-2.254,0.248,160,0.363,0.0218,0.25,1,83.0,814.0,3783.0,0,17.0852,61.5968
"FoF_2129,NGC_663","nan",129.411,0.196,-1.073,0.12,0.506,0.456,0.021,-1.067,0.346,-0.308,0.256,121,1.1,0.066,0.5,1,115.0,899.0,"nan",1,26.3671,61.1172
"FoF_2131,NGC_581","nan",128.029,0.097,-1.82,0.096,0.452,0.455,0.024,-1.367,0.267,-0.544,0.389,94,0.06,0.0036,0.5,1,101.0,845.0,3852.0,1,23.2934,60.638
"FoF_2134","n",136.009,0.701,-2.08,0.154,1.327,0.454,0.017,-0.235,0.467,-0.793,0.511,252,0.141,0.0085,0.0,1,"nan","nan","nan",0,38.2606,58.1885
"FoF_2138,NGC_1528","nan",152.069,0.207,0.271,0.128,0.734,0.958,0.058,2.161,0.277,-2.232,0.232,304,0.288,0.0173,0.25,1,260.0,672.0,4406.0,0,63.8745,51.2162
"FoF_2139","n",157.327,0.133,-1.408,0.111,0.39,0.888,0.052,0.332,0.258,-4.22,0.24,156,0.331,0.0199,-0.25,1,"nan","nan","nan",1,67.6835,46.2993
"FoF_2141,NGC_1778","nan",168.919,0.097,-2.008,0.088,0.3,0.57,0.039,0.502,0.244,-3.134,0.202,123,0.204,0.0122,-0.25,1,341.0,685.0,4707.0,0,77.036,37.0151
"FoF_2143","n",184.003,0.081,2.323,0.044,0.216,0.519,0.044,0.393,0.213,-0.022,0.167,61,0.955,0.0573,-0.25,1,"nan","nan","nan",0,90.9577,26.6563
"FoF_2145,NGC_2396","nan",227.518,0.15,2.619,0.093,0.378,0.664,0.029,-1.514,0.267,-0.271,0.255,114,0.263,0.0158,0.25,1,926.0,746.0,6257.0,0,111.9901,-11.7159
"FoF_2146,NGC_2571","nan",249.13,0.107,3.517,0.057,0.31,0.716,0.04,-4.928,0.209,4.273,0.212,103,0.02,0.0012,-0.5,1,1141.0,777.0,6806.0,0,124.7344,-29.7783
"FoF_2148,Gulliver_44","nan",257.146,0.111,0.441,0.082,0.331,0.789,0.034,-0.699,0.193,2.289,0.219,84,0.562,0.0337,0.5,1,"nan",496.0,"nan",0,127.2395,-38.1045
"FoF_2149","n",267.524,0.133,2.424,0.053,0.394,0.496,0.043,-5.115,0.384,3.937,1.091,76,0.933,0.056,-0.25,1,"nan","nan","nan",0,138.0995,-44.8658
"FoF_2151,ASCC_67","nan",294.53,0.064,0.71,0.058,0.177,0.489,0.028,-6.594,0.383,0.904,0.28,104,0.11,0.0066,0.25,1,1554.0,27.0,8136.0,0,175.3132,-61.0117
"FoF_2152,Gulliver_12","nan",297.33,0.047,1.057,0.045,0.123,0.557,0.029,-5.957,0.265,-0.265,0.361,68,0.339,0.0203,0.25,1,"nan",461.0,"nan",0,181.1318,-61.3035
"FoF_2153,Ruprecht_105","nan",300.951,0.038,1.228,0.058,0.13,0.466,0.022,-5.914,0.47,-0.066,0.332,74,0.955,0.0573,-0.25,1,"nan",1018.0,8383.0,1,188.6955,-61.5797
"FoF_2178","n",74.341,0.138,1.158,0.083,0.334,0.48,0.021,-2.881,0.261,-5.695,0.268,117,0.013,0.0008,0.5,1,"nan","nan","nan",1,303.5734,36.7097
"FoF_2179","n",76.759,0.126,0.919,0.057,0.328,0.55,0.026,-3.285,0.311,-5.808,0.319,92,0.008,0.0005,0.5,1,"nan","nan","nan",1,305.5394,38.5749
"FoF_2183,Berkeley_86","nan",76.657,0.084,1.306,0.053,0.229,0.563,0.027,-3.468,0.229,-5.507,0.285,72,0.005,0.0003,0.5,1,2640.0,196.0,2524.0,1,305.0575,38.7109
"FoF_2187,NGC_1027","nan",135.745,0.174,1.539,0.128,0.638,0.887,0.042,-1.735,0.25,2.111,0.259,345,0.065,0.0039,0.5,1,181.0,656.0,4061.0,1,40.6543,61.6134
"FoF_2190,NGC_3330","nan",284.181,0.056,3.829,0.039,0.171,0.566,0.035,-7.733,0.252,3.004,0.175,84,0.085,0.0051,0.25,1,1452.0,805.0,7730.0,0,159.6656,-54.137
"FoF_2193,NGC_6709","nan",42.14,0.13,4.719,0.104,0.469,0.916,0.048,1.424,0.229,-3.516,0.285,243,0.204,0.0122,-0.25,1,2400.0,908.0,1570.0,0,282.8304,10.3375
"FoF_2195,NGC_7762","nan",117.194,0.162,5.869,0.137,0.62,0.995,0.041,1.478,0.274,4.002,0.248,453,2.63,0.1578,-0.25,1,3005.0,964.0,3554.0,0,357.4289,68.0505
"FoF_2198","n",210.902,0.145,6.256,0.063,0.586,0.808,0.051,0.724,0.218,-1.036,0.262,101,1.59,0.0954,-0.25,1,"nan","nan","nan",0,107.5167,4.6475
"FoF_2199,FSR_0278","nan",87.836,0.059,6.818,0.036,0.15,0.574,0.028,-4.64,0.246,-9.747,0.226,60,1.1,0.066,0.5,1,2667.0,337.0,2838.0,0,307.7424,51.0015
"FoF_2200,NGC_1502","nan",143.645,0.122,7.667,0.08,0.59,0.914,0.059,-0.587,0.248,-0.829,0.257,174,0.011,0.0007,0.0,1,252.0,670.0,4228.0,0,61.9292,62.357
"FoF_2201,NGC_6811","nan",79.199,0.167,11.999,0.12,0.603,0.881,0.041,-3.376,0.215,-8.78,0.22,269,0.933,0.056,0.0,1,2500.0,918.0,"nan",0,294.3338,46.3712
"FoF_2204,NGC_2215","nan",215.991,0.15,-10.125,0.111,0.432,1.014,0.049,0.383,0.292,-3.649,0.274,114,1.18,0.0708,-0.5,1,593.0,709.0,5896.0,0,95.1829,-7.2914
"FoF_2205,ASCC_11","nan",150.525,0.191,-9.242,0.13,0.509,1.138,0.054,0.965,0.228,-3.013,0.226,191,0.1,0.006,0.5,1,217.0,5.0,4352.0,0,53.017,44.8528
"FoF_2208,COIN-Gaia_2","nan",124.204,0.086,-7.445,0.059,0.233,0.772,0.04,-4.454,0.22,-1.901,0.241,64,0.537,0.0322,-0.75,1,"nan",1230.0,3758.0,0,15.0814,55.4048
"FoF_2210","n",330.827,0.069,-4.307,0.042,0.194,0.686,0.029,0.011,0.235,-1.287,0.238,66,0.063,0.0038,0.5,1,"nan","nan","nan",0,247.1768,-54.9449
"FoF_2211,Trumpler_29","nan",349.966,0.066,-5.108,0.076,0.232,0.665,0.018,0.471,0.276,-2.288,0.207,64,0.062,0.0037,0.5,1,2142.0,1207.0,10295.0,0,265.3236,-40.1486
"FoF_2212,Trumpler_33","nan",12.387,0.073,-3.208,0.057,0.211,0.688,0.03,0.509,0.272,0.526,0.216,77,0.029,0.0017,0.25,1,2322.0,1211.0,646.0,0,276.1511,-19.7162
"FoF_2214,NGC_7243","nan",98.822,0.18,-5.582,0.129,0.507,1.115,0.055,0.438,0.226,-2.846,0.213,250,0.093,0.0056,0.25,1,2864.0,951.0,3074.0,0,333.7897,49.8308
"FoF_2215,NGC_2301","nan",212.567,0.16,0.305,0.157,0.714,1.132,0.072,-1.364,0.272,-2.18,0.269,508,0.098,0.0059,0.25,1,723.0,726.0,5788.0,0,102.9645,0.4638
"FoF_2217,NGC_2546","nan",254.971,0.224,-1.997,0.156,0.758,1.037,0.051,-3.781,0.196,3.891,0.245,235,0.098,0.0059,0.25,1,1120.0,773.0,6926.0,0,123.1312,-37.6978
"FoF_2219","n",264.875,0.188,-2.02,0.121,0.51,0.66,0.013,-5.078,0.19,4.655,0.211,78,0.02,0.0012,0.25,1,"nan","nan","nan",1,130.8509,-45.7591
"FoF_2220","n",259.863,0.135,-1.306,0.076,0.377,0.719,0.029,-1.759,0.217,1.134,0.229,77,1.15,0.069,-0.5,1,"nan","nan","nan",0,127.4717,-41.3296
"FoF_2223,ASCC_77,LP_2223,FoF_2310","nan",312.03,0.103,-0.842,0.089,0.336,0.835,0.024,-4.202,0.196,-3.176,0.248,85,0.037,0.0022,0.25,1,1767.0,30.0,8827.0,1,212.7447,-62.3004
"FoF_2224,NGC_6193","nan",336.712,0.075,-1.583,0.046,0.197,0.793,0.027,1.405,0.324,-3.983,0.25,107,0.006,0.0004,-0.25,1,1970.0,862.0,9692.0,1,250.3453,-48.7685
"FoF_2225,NGC_6250","nan",340.664,0.075,-1.923,0.035,0.23,0.962,0.047,0.319,0.398,-2.383,0.279,75,0.019,0.0011,0.25,1,2015.0,869.0,9884.0,0,254.4699,-45.9538
"FoF_2226,NGC_6568","nan",9.413,0.12,-1.667,0.096,0.359,0.933,0.038,0.515,0.333,-1.426,0.245,195,0.933,0.056,0.0,1,2270.0,893.0,506.0,0,273.2004,-21.6087
"FoF_2227,NGC_6997","nan",85.494,0.155,-0.507,0.126,0.589,1.127,0.048,-4.302,0.25,-6.886,0.264,343,0.576,0.0346,0.5,1,2722.0,932.0,2790.0,0,314.1817,44.6359
"FoF_2228,NGC_743","nan",131.194,0.155,-1.666,0.093,0.559,0.896,0.039,-0.077,0.282,-1.647,0.276,95,0.029,0.0017,-0.25,1,129.0,959.0,3924.0,0,29.6204,60.1259
"FoF_2230","n",157.438,0.176,0.516,0.076,0.483,1.12,0.035,1.605,0.239,-4.022,0.23,84,0.355,0.0213,0.25,1,"nan","nan","nan",0,69.8694,47.5177
"FoF_2231,NGC_2168","nan",186.607,0.237,2.234,0.21,0.907,1.123,0.064,2.276,0.311,-2.905,0.29,1109,0.096,0.0058,0.25,1,536.0,702.0,5090.0,1,92.2746,24.3399
"FoF_2232,NGC_2423","nan",230.49,0.229,3.577,0.181,0.873,1.041,0.048,-0.733,0.215,-3.629,0.199,363,0.912,0.0547,0.5,1,970.0,752.0,6302.0,1,114.3144,-13.8578
"FoF_2233,NGC_2482","nan",241.628,0.12,2.024,0.09,0.295,0.736,0.023,-4.682,0.189,2.222,0.245,72,0.316,0.019,0.25,1,1058.0,765.0,6629.0,0,118.7914,-24.2657
"FoF_2234,Alessi_43","nan",262.547,0.197,1.504,0.122,0.634,1.022,0.06,-5.559,0.321,3.91,0.33,209,0.011,0.0007,-0.75,1,1235.0,54.0,7102.0,1,132.6347,-41.7368
"FoF_2235,Collinder_197","nan",261.53,0.077,0.944,0.094,0.31,1.024,0.073,-5.76,0.315,3.946,0.391,167,0.007,0.0004,0.5,1,1218.0,225.0,7069.0,1,131.1998,-41.2974
"FoF_2236","n",276.753,0.152,0.673,0.108,0.427,0.959,0.046,-1.661,0.2,-0.441,0.193,134,2.24,0.1344,-0.75,1,"nan","nan","nan",0,146.428,-52.4934
"FoF_2237,Ruprecht_91","nan",286.896,0.176,1.466,0.11,0.467,0.928,0.035,-11.153,0.288,2.442,0.287,168,0.055,0.0033,-0.25,1,1468.0,1091.0,"nan",0,161.9296,-57.5022
"FoF_2238","n",289.458,0.095,3.387,0.048,0.285,0.811,0.024,-7.478,0.196,0.656,0.181,60,2.63,0.1578,-2.0,1,"nan","nan","nan",0,167.7018,-56.8289
"FoF_2239,Alessi_Teutsch_8","nan",297.039,0.163,1.372,0.134,0.499,0.972,0.051,-6.611,0.264,1.627,0.226,281,0.093,0.0056,0.25,1,1580.0,68.0,8230.0,0,180.6601,-60.9402
"FoF_2240,Collinder_258","nan",299.955,0.089,1.964,0.045,0.292,0.759,0.035,-7.017,0.194,-0.274,0.216,83,0.093,0.0056,0.25,1,1615.0,228.0,8345.0,1,186.7586,-60.7666
"FoF_2241,NGC_5822","nan",321.55,0.198,3.62,0.158,0.625,1.184,0.045,-7.417,0.269,-5.524,0.281,416,0.933,0.056,0.5,1,1826.0,846.0,9090.0,1,226.03,-54.3842
"FoF_2242,NGC_6268","nan",346.056,0.074,1.331,0.053,0.217,0.683,0.022,0.943,0.28,-0.765,0.197,61,0.417,0.025,-1.25,1,2028.0,872.0,10145.0,0,255.5153,-39.7034
"FoF_2243,Trumpler_28","nan",355.997,0.049,-0.282,0.044,0.15,0.704,0.037,-0.826,0.349,-2.796,0.305,75,0.295,0.0177,0.25,1,2125.0,1206.0,10784.0,0,264.2194,-32.4822
"FoF_2246,Berkeley_82","nan",46.836,0.099,1.616,0.047,0.328,0.709,0.033,-0.033,0.274,-3.158,0.213,87,0.234,0.014,-1.25,1,2443.0,193.0,1663.0,0,287.8324,13.0991
"FoF_2248,ASCC_114","nan",97.087,0.163,1.029,0.102,0.555,1.069,0.036,-3.718,0.238,-3.429,0.229,140,0.032,0.0019,-0.25,1,2810.0,9.0,3035.0,0,324.995,54.0011
"FoF_2250,NGC_886","nan",132.889,0.245,2.689,0.134,0.706,0.955,0.04,3.135,0.248,-3.965,0.262,170,0.295,0.0177,0.25,1,154.0,1273.0,3950.0,1,35.8613,63.7678
"FoF_2251,FSR_0551","nan",128.025,0.109,2.456,0.103,0.343,1.032,0.062,0.105,0.282,-1.406,0.243,95,0.019,0.0011,-0.25,1,108.0,361.0,"nan",1,24.9054,64.8502
"FoF_2253","n",83.61,0.073,3.982,0.069,0.207,0.688,0.034,-1.159,0.301,-1.037,0.379,64,0.026,0.0016,-0.75,1,"nan","nan","nan",0,307.5099,45.9304
"FoF_2255,FSR_0398","nan",108.879,0.136,5.047,0.069,0.384,1.025,0.068,-3.199,0.284,-1.152,0.244,100,0.016,0.001,-1.0,1,2897.0,348.0,3329.0,1,339.1338,64.1738
"FoF_2256,NGC_7160","nan",103.979,0.156,6.411,0.124,0.598,1.054,0.049,-3.451,0.257,-1.347,0.247,87,0.009,0.0005,-1.0,1,2835.0,947.0,"nan",1,328.4246,62.547
"FoF_2257,Ruprecht_135","nan",16.402,0.138,6.249,0.087,0.479,0.906,0.037,1.386,0.236,-1.375,0.228,81,1.15,0.069,-0.5,1,2205.0,1032.0,804.0,0,269.5273,-11.6585
"FoF_2258,Collinder_463","nan",127.39,0.318,9.337,0.225,0.939,1.137,0.039,-1.727,0.205,-0.279,0.228,336,0.093,0.0056,0.25,1,116.0,242.0,3836.0,1,27.0114,71.7171
"FoF_2259,NGC_1708","nan",155.759,0.188,6.834,0.119,0.665,1.029,0.054,0.278,0.234,-1.429,0.271,119,0.331,0.0199,0.25,1,331.0,681.0,4489.0,0,75.8351,52.8267
"FoF_2260,NGC_3680","nan",286.733,0.095,16.934,0.081,0.324,0.929,0.033,-7.255,0.287,1.153,0.276,74,0.269,0.0161,-0.75,1,1538.0,812.0,7817.0,0,171.3772,-43.2186
"FoF_2261,NGC_1647","nan",180.342,0.309,-16.791,0.267,1.195,1.698,0.074,-1.036,0.329,-1.503,0.304,466,0.098,0.0059,0.5,1,299.0,678.0,4976.0,0,71.4664,19.0992
"FoF_2264,NGC_1039","nan",143.675,0.36,-15.652,0.269,1.317,1.957,0.102,0.736,0.372,-5.678,0.346,478,0.063,0.0038,0.5,1,179.0,658.0,4227.0,0,40.5184,42.7197
"FoF_2265,NGC_1342","nan",154.939,0.226,-15.377,0.205,0.762,1.498,0.057,0.516,0.273,-1.595,0.254,323,0.871,0.0523,0.25,1,216.0,664.0,4474.0,0,52.8699,37.356
"FoF_2266,NGC_1758","nan",179.184,0.129,-10.45,0.1,0.571,1.102,0.068,3.148,0.257,-3.474,0.204,190,0.355,0.0213,0.25,1,334.0,684.0,4957.0,0,76.1998,23.7983
"FoF_2267,NGC_1750","nan",179.226,0.205,-10.681,0.198,0.748,1.359,0.055,-0.919,0.24,-2.393,0.206,186,0.066,0.004,0.25,1,334.0,683.0,4958.0,0,76.0223,23.629
"FoF_2268,COIN-Gaia_27","nan",192.733,0.165,-8.417,0.077,0.47,0.918,0.037,0.662,0.296,-3.632,0.299,61,1.18,0.0708,-0.5,1,"nan",1255.0,5262.0,0,85.7364,13.7237
"FoF_2269,NGC_2287","nan",230.966,0.269,-10.414,0.198,0.832,1.358,0.054,-4.348,0.249,-1.381,0.239,496,0.098,0.0059,0.25,1,704.0,725.0,6319.0,0,101.5098,-20.696
"FoF_2271,ASCC_32","nan",237.851,0.268,-9.345,0.202,0.624,1.219,0.046,-3.264,0.19,3.461,0.215,127,0.019,0.0011,-0.75,1,783.0,22.0,6509.0,1,105.742,-26.3626
"FoF_2272,Collinder_394","nan",14.889,0.188,-9.284,0.124,0.538,1.39,0.047,-1.493,0.256,-5.875,0.229,184,0.05,0.003,0.25,1,2402.0,240.0,748.0,1,283.1158,-20.2189
"FoF_2273,NGC_6716","nan",15.427,0.108,-9.495,0.117,0.418,1.392,0.041,-1.462,0.26,-5.998,0.232,87,0.047,0.0028,0.5,1,2409.0,909.0,"nan",1,283.5623,-19.8312
"FoF_2274,NGC_7063","nan",83.078,0.121,-9.897,0.088,0.369,1.479,0.034,1.505,0.194,-2.454,0.17,65,0.052,0.0031,-0.25,1,2780.0,939.0,2729.0,0,321.1171,36.4902
"FoF_2275","n",105.847,0.273,-9.925,0.134,0.886,1.794,0.052,2.652,0.211,-1.909,0.201,86,0.032,0.0019,0.25,1,"nan","nan","nan",0,346.4501,49.4103
"FoF_2276,Gulliver_21","nan",237.529,0.135,-7.963,0.108,0.38,1.488,0.042,-1.932,0.158,4.18,0.206,57,0.282,0.0169,0.25,1,"nan",471.0,6492.0,0,106.9674,-25.4702
"FoF_2277,Alessi_6","nan",313.653,0.11,-5.549,0.106,0.281,1.108,0.044,-10.512,0.213,-5.545,0.265,99,0.347,0.0208,0.0,1,1800.0,59.0,8871.0,0,220.086,-66.1274
"FoF_2278,NGC_6025","nan",324.53,0.143,-5.89,0.119,0.396,1.267,0.055,-2.879,0.232,-3.021,0.261,207,0.066,0.004,0.25,1,1889.0,851.0,9159.0,0,240.7975,-60.4499
"FoF_2279,NGC_6087","nan",327.774,0.138,-5.42,0.116,0.381,1.018,0.055,-1.577,0.246,-2.413,0.25,214,0.068,0.0041,0.0,1,1919.0,854.0,9264.0,0,244.7651,-57.8972
"FoF_2281,ASCC_99","nan",16.197,0.075,-7.51,0.077,0.292,1.054,0.054,-1.099,0.255,-4.082,0.231,79,0.093,0.0056,0.25,1,"nan",38.0,799.0,0,282.0237,-18.2803
"FoF_2285,NGC_2358","nan",231.022,0.175,-2.277,0.081,0.541,1.048,0.048,-1.342,0.314,0.514,0.243,77,0.331,0.0199,0.25,1,863.0,740.0,6316.0,1,109.2343,-17.1126
"FoF_2286,Haffner_13","nan",245.008,0.45,-3.614,0.201,1.537,1.775,0.052,-6.201,0.299,5.856,0.249,155,0.041,0.0025,0.0,1,987.0,520.0,6707.0,0,115.236,-30.0282
"FoF_2288,IC_2395","nan",266.54,0.23,-3.636,0.114,0.922,1.386,0.068,-4.441,0.266,3.231,0.289,232,0.011,0.0007,-0.75,1,1204.0,561.0,7255.0,1,130.4845,-48.0643
"FoF_2289,Pismis_4","nan",262.962,0.183,-2.383,0.128,0.493,1.416,0.033,-8.217,0.227,5.326,0.245,68,0.041,0.0025,0.0,1,1175.0,992.0,7114.0,1,128.7952,-44.4623
"FoF_2292,IC_4725","nan",13.718,0.121,-4.434,0.141,0.386,1.511,0.038,-1.696,0.272,-6.124,0.271,235,0.068,0.0041,-0.25,1,2341.0,571.0,707.0,1,277.9537,-19.103
"FoF_2297,Trumpler_2","nan",137.357,0.165,-3.924,0.081,0.439,1.441,0.048,1.574,0.273,-5.323,0.242,86,0.081,0.0049,0.25,1,175.0,1199.0,4123.0,1,39.2223,55.966
"FoF_2299,NGC_1582","nan",159.381,0.153,-3.03,0.105,0.361,0.998,0.037,2.215,0.263,-1.366,0.225,77,0.132,0.0079,-0.25,1,282.0,675.0,4549.0,1,67.9958,43.6926
"FoF_2300,COIN-Gaia_24","nan",186.907,0.135,0.407,0.101,0.301,0.956,0.037,2.538,0.243,-2.944,0.236,62,0.063,0.0038,0.5,1,"nan",1252.0,"nan",0,90.6923,23.1863
"FoF_2301,COIN-Gaia_25","nan",189.907,0.196,-0.252,0.111,0.416,1.183,0.041,-0.599,0.291,-2.694,0.326,54,1.18,0.0708,-0.5,1,"nan",1253.0,"nan",1,91.6575,20.2486
"FoF_2305,NGC_2448","nan",240.933,0.23,-0.445,0.136,0.495,0.895,0.026,-3.396,0.286,2.961,0.224,95,0.096,0.0058,0.25,1,"nan",759.0,"nan",1,116.0641,-24.921
"FoF_2307,NGC_2925","nan",275.962,0.118,-1.25,0.115,0.373,1.29,0.034,-8.54,0.184,5.379,0.227,88,0.063,0.0038,0.5,1,1319.0,796.0,7478.0,0,143.3323,-53.4133
"FoF_2308,Lynga_2","nan",313.826,0.116,-0.44,0.082,0.303,1.036,0.046,-6.663,0.274,-4.703,0.271,127,0.093,0.0056,0.25,1,1777.0,635.0,8881.0,1,216.0606,-61.3333
"FoF_2309","n",310.437,0.121,-1.741,0.067,0.325,1.0,0.04,-6.165,0.279,-1.758,0.269,73,1.15,0.069,-0.5,1,"nan","nan","nan",1,209.9421,-63.6127
"FoF_2314,NGC_6416","nan",356.913,0.153,-1.519,0.113,0.406,0.921,0.035,-1.939,0.222,-2.322,0.208,160,0.302,0.0181,0.25,1,2149.0,883.0,10821.0,1,266.0372,-32.3618
"FoF_2315,NGC_6425","nan",357.971,0.064,-1.579,0.07,0.224,0.991,0.052,3.733,0.239,-1.677,0.203,95,0.363,0.0218,0.25,1,2160.0,884.0,10861.0,1,266.7463,-31.49
"FoF_2320,Stock_7","nan",134.722,0.156,0.01,0.124,0.519,1.441,0.046,-3.464,0.257,0.517,0.28,94,0.043,0.0026,0.0,1,161.0,1142.0,4030.0,1,37.4633,60.6091
"FoF_2321,King_6","nan",143.345,0.131,-0.097,0.096,0.537,1.344,0.07,3.871,0.274,-1.821,0.29,212,0.047,0.0028,0.5,1,212.0,606.0,4223.0,0,51.9807,56.4419
"FoF_2322,NGC_1545","nan",153.348,0.158,0.222,0.104,0.462,1.348,0.056,-1.975,0.28,-0.093,0.181,81,0.066,0.004,0.25,1,269.0,673.0,4442.0,0,65.267,50.2876
"FoF_2323,ASCC_12","nan",162.991,0.106,-1.923,0.087,0.321,0.938,0.056,-0.586,0.303,-2.858,0.226,64,0.129,0.0077,0.5,1,308.0,11.0,4617.0,1,72.3736,41.7203
"FoF_2325,NGC_2422","nan",230.959,0.354,3.132,0.217,1.644,2.063,0.081,-7.07,0.355,0.989,0.334,496,0.058,0.0035,0.25,1,965.0,751.0,6317.0,0,114.1479,-14.4832
"FoF_2327,NGC_2527","nan",246.079,0.228,1.892,0.152,0.709,1.542,0.043,-5.598,0.235,7.288,0.203,180,0.871,0.0523,0.25,1,1102.0,770.0,6725.0,0,121.2721,-28.1198
"FoF_2328,BH_56","nan",264.482,0.197,1.604,0.071,0.476,1.077,0.049,-5.62,0.254,5.282,0.285,70,0.021,0.0013,-0.5,1,"nan",100.0,"nan",1,134.4243,-43.1538
"FoF_2329,NGC_3532","nan",289.545,0.457,1.381,0.362,1.974,2.063,0.079,-10.374,0.428,5.202,0.436,1880,0.282,0.0169,0.25,1,1497.0,807.0,7970.0,1,166.393,-58.7117
"FoF_2330,ESO_130_06","nan",297.403,0.116,3.081,0.065,0.447,1.228,0.04,-11.255,0.167,-0.84,0.209,73,0.033,0.002,0.25,1,1585.0,305.0,8246.0,0,181.99,-59.3232
"FoF_2331,NGC_5662","nan",316.803,0.203,3.341,0.137,0.521,1.286,0.037,-6.444,0.224,-7.228,0.237,144,0.035,0.0021,-0.25,1,1795.0,841.0,"nan",1,218.7176,-56.7192
"FoF_2332,NGC_6281","nan",347.763,0.24,1.999,0.195,0.92,1.882,0.071,-1.897,0.43,-3.989,0.363,457,0.269,0.0161,0.25,1,2042.0,873.0,10196.0,0,256.1689,-37.9432
"FoF_2334,ASCC_88","nan",350.031,0.105,2.983,0.119,0.3,1.076,0.036,0.834,0.285,-3.225,0.251,58,0.55,0.033,0.25,1,2047.0,34.0,10291.0,0,256.891,-35.5416
"FoF_2336,NGC_6494","nan",9.903,0.21,2.863,0.16,0.55,1.367,0.055,0.293,0.261,-1.786,0.254,555,0.282,0.0169,0.25,1,2203.0,888.0,524.0,0,269.2453,-18.9625
"FoF_2338,NGC_6793","nan",56.16,0.16,3.305,0.086,0.47,1.67,0.05,3.774,0.232,3.577,0.257,117,0.066,0.004,0.25,1,2469.0,915.0,1941.0,1,290.8163,22.13
"FoF_2340,NGC_6800","nan",59.177,0.127,3.995,0.076,0.273,0.951,0.031,0.47,0.202,-0.828,0.243,66,0.437,0.0262,0.0,1,2482.0,916.0,2036.0,0,291.6992,25.1111
"FoF_2342,NGC_6991","nan",87.367,0.31,1.578,0.22,1.101,1.775,0.042,5.571,0.264,8.508,0.27,146,1.95,0.117,-0.5,1,2718.0,931.0,"nan",1,313.6368,47.4129
"FoF_2344,Stock_5","nan",130.71,0.151,2.585,0.109,0.468,1.011,0.05,-0.721,0.302,-2.11,0.224,106,0.03,0.0018,-1.5,1,136.0,1141.0,3917.0,1,31.0603,64.3517
"FoF_2345,NGC_5593","nan",316.304,0.129,5.617,0.076,0.425,0.944,0.044,-5.802,0.259,-2.042,0.213,100,0.04,0.0024,0.5,1,1779.0,838.0,8937.0,1,216.3887,-54.7927
"FoF_2346,NGC_5749","nan",319.51,0.093,4.535,0.073,0.251,0.913,0.035,-2.783,0.225,-3.057,0.24,61,0.063,0.0038,0.5,1,1813.0,843.0,9026.0,1,222.1988,-54.5151
"FoF_2347,NGC_6124","nan",340.733,0.202,6.03,0.168,0.683,1.554,0.061,-0.211,0.386,-2.091,0.366,692,0.085,0.0051,0.25,1,1937.0,856.0,9888.0,0,246.3132,-40.6493
"FoF_2349,ASCC_108","nan",74.319,0.253,6.066,0.122,0.659,0.873,0.02,-0.475,0.221,-1.679,0.192,67,0.058,0.0035,0.5,1,"nan",4.0,"nan",0,298.2762,39.294
"FoF_2355,Trumpler_3","nan",138.017,0.153,4.559,0.12,0.582,1.459,0.048,-3.305,0.29,-0.096,0.268,141,0.38,0.0228,0.25,1,201.0,1208.0,4144.0,1,48.0322,63.2329
"FoF_2356,Alessi_31","nan",15.381,0.153,7.672,0.08,0.379,1.474,0.045,-1.157,0.306,-4.115,0.28,68,0.347,0.0208,0.25,1,2179.0,52.0,767.0,0,267.7521,-11.8355
"FoF_2357,Alessi_62","nan",52.751,0.214,8.741,0.102,0.573,1.595,0.048,0.305,0.205,-1.11,0.196,86,1.15,0.069,-0.5,1,2414.0,61.0,1828.0,1,283.9412,21.5641
"FoF_2358,Alessi_Teutsch_11","nan",87.445,0.142,9.264,0.114,0.409,1.52,0.036,-0.153,0.227,-1.222,0.217,76,0.105,0.0063,0.25,1,2622.0,64.0,2833.0,0,304.1409,52.0572
"FoF_2359,COIN-Gaia_30","nan",125.634,0.153,7.864,0.104,0.43,1.34,0.035,-6.187,0.254,2.037,0.234,73,0.079,0.0047,0.5,1,"nan",1258.0,"nan",0,20.928,70.5662
"FoF_2360,NGC_5460","nan",315.734,0.157,12.695,0.146,0.483,1.337,0.05,-6.637,0.262,-3.467,0.268,113,0.047,0.0028,0.25,1,1764.0,836.0,8929.0,0,211.8155,-48.283
"FoF_2362,NGC_2548","nan",227.813,0.265,15.347,0.225,0.846,1.283,0.055,-1.31,0.267,1.012,0.241,343,0.661,0.0397,-0.25,1,1127.0,775.0,6263.0,0,123.3603,-5.7235
"FoF_2366,ASCC_23","nan",167.439,0.189,14.464,0.167,0.552,1.586,0.039,1.144,0.254,-0.648,0.198,78,0.316,0.019,0.0,1,590.0,19.0,4671.0,0,95.0919,46.7593
"FoF_2367,ASCC_16","nan",201.182,0.403,-18.249,0.509,1.614,2.841,0.117,1.359,0.414,-0.172,0.431,397,0.011,0.0007,-0.25,1,388.0,16.0,5459.0,1,81.3262,1.6808
"FoF_2368,NGC_1662","nan",187.713,0.406,-20.992,0.255,1.097,2.401,0.073,-1.124,0.316,-1.958,0.262,135,0.295,0.0177,0.0,1,306.0,679.0,5113.0,1,72.2245,10.9928
"FoF_2372,ASCC_19","nan",205.018,0.518,-19.219,0.454,1.942,2.768,0.093,1.193,0.345,-1.138,0.44,223,0.011,0.0007,-0.25,1,404.0,17.0,5542.0,1,82.2218,-1.9709
"FoF_2374,Gulliver_6","nan",205.323,0.437,-18.066,0.351,1.271,2.368,0.102,-0.311,0.777,-0.081,0.601,376,0.014,0.0008,0.0,1,"nan",513.0,5554.0,1,83.3757,-1.6831
"FoF_2378,NGC_2516","nan",273.846,0.583,-15.866,0.471,2.295,2.409,0.067,-4.661,0.521,11.17,0.438,1415,0.093,0.0056,0.25,1,1068.0,769.0,7424.0,1,119.5258,-60.7838
"FoF_2380,NGC_752","nan",136.869,0.411,-23.306,0.248,1.286,2.224,0.069,9.801,0.344,-11.73,0.33,190,2.46,0.1476,0.25,1,126.0,962.0,4113.0,0,29.1166,37.7995
"FoF_2381,Collinder_69","nan",195.467,0.739,-11.75,0.524,2.215,2.456,0.112,1.179,0.525,-2.182,0.371,410,0.009,0.0005,-0.5,1,430.0,244.0,"nan",1,84.2085,9.7094
"FoF_2383","n",224.148,0.301,-13.728,0.202,0.917,2.651,0.088,-5.377,0.312,4.967,0.316,88,0.033,0.002,0.25,1,"nan","nan","nan",1,95.3833,-16.0441
"FoF_2385","n",248.869,0.896,-13.345,0.513,3.35,3.578,0.092,-9.755,0.366,7.029,0.375,211,0.006,0.0004,0.0,1,"nan","nan","nan",1,106.8507,-37.8411
"FoF_2386,Collinder_135","nan",249.039,0.568,-11.019,0.194,1.445,3.301,0.084,-10.107,0.333,6.192,0.277,92,0.055,0.0033,0.5,1,869.0,222.0,6792.0,1,109.5944,-37.0098
"FoF_2389,Alessi_24","nan",328.993,0.361,-14.6,0.193,1.261,2.051,0.064,-0.389,0.269,-8.956,0.173,111,0.066,0.004,0.25,1,2075.0,50.0,9306.0,0,260.8262,-62.7007
"FoF_2390,Ruprecht_147","nan",20.875,0.302,-12.816,0.234,0.883,3.234,0.057,-0.92,0.359,-26.636,0.424,59,0.912,0.0547,0.5,1,2452.0,1037.0,990.0,1,289.116,-16.4046
"FoF_2391,Alessi_12","nan",67.518,0.465,-11.464,0.322,1.383,1.828,0.059,4.358,0.257,-4.645,0.269,191,0.083,0.005,0.0,1,2701.0,41.0,2261.0,0,310.9452,23.8591
"FoF_2393,NGC_2232","nan",214.491,0.392,-7.474,0.188,1.205,3.071,0.066,-4.734,0.267,-1.844,0.266,104,0.034,0.002,0.25,1,617.0,711.0,5856.0,1,96.8999,-4.7795
"FoF_2394,Pozzo_1","nan",262.799,0.646,-7.793,0.326,2.669,2.778,0.144,-6.331,0.419,9.279,0.654,437,0.007,0.0004,0.5,1,"nan",1001.0,7109.0,1,122.2464,-47.3906
"FoF_2395,NGC_2547","nan",264.381,0.41,-8.612,0.211,2.123,2.545,0.065,-8.592,0.329,4.261,0.308,243,0.038,0.0023,0.0,1,1110.0,774.0,7163.0,1,122.4514,-49.1524
"FoF_2397,Collinder_140","nan",244.824,0.434,-7.876,0.213,1.51,2.547,0.066,-8.023,0.247,4.695,0.245,71,0.032,0.0019,0.0,1,897.0,223.0,6706.0,1,110.7578,-31.8871
"FoF_2399,Stock_12","nan",111.518,0.432,-8.472,0.187,1.61,2.256,0.056,8.519,0.226,-1.853,0.237,86,0.046,0.0028,-0.75,1,2969.0,1130.0,3419.0,1,354.0057,52.7204
"FoF_2400,NGC_2451B","nan",252.36,0.422,-6.849,0.174,1.191,2.723,0.059,-9.707,0.38,4.799,0.32,128,0.038,0.0023,0.0,1,1003.0,761.0,6886.0,1,116.1672,-37.9943
"FoF_2401,Gulliver_9","nan",265.046,0.349,-5.372,0.182,1.014,1.954,0.069,-5.915,0.308,6.778,0.311,93,0.038,0.0023,-0.5,1,"nan",517.0,7196.0,1,127.0754,-47.9033
"FoF_2403,BH_164","nan",314.354,0.397,-6.3,0.211,1.693,2.337,0.065,-7.368,0.296,-10.672,0.331,109,0.038,0.0023,0.0,1,1812.0,87.0,8898.0,0,222.4529,-66.5101
"FoF_2404,NGC_6475","nan",355.857,0.825,-4.515,0.565,3.458,3.593,0.11,3.105,0.605,-5.313,0.559,1017,0.186,0.0112,-0.25,1,2192.0,887.0,10779.0,0,268.4754,-34.8037
"FoF_2405,ASCC_97","nan",14.241,0.365,-5.572,0.196,1.099,1.773,0.051,-2.488,0.304,-6.377,0.293,152,0.059,0.0035,0.5,1,2360.0,37.0,713.0,1,279.2773,-19.1556
"FoF_2406,ASCC_113","nan",83.028,0.458,-6.567,0.401,1.48,1.774,0.039,0.78,0.256,-3.652,0.276,211,0.065,0.0039,-0.25,1,2756.0,8.0,"nan",1,318.0428,38.763
"FoF_2407,Alessi_5","nan",288.001,0.38,-1.991,0.212,1.387,2.494,0.06,-15.354,0.341,2.569,0.345,201,0.034,0.002,-0.25,1,1461.0,56.0,7929.0,1,160.6911,-61.0761
"FoF_2408,Stock_2","nan",133.383,0.663,-1.597,0.348,3.079,2.638,0.058,15.841,0.529,-13.673,0.488,698,0.676,0.0406,0.25,1,144.0,1135.0,3962.0,1,33.832,59.5617
"FoF_2409,Alessi_20","nan",117.503,0.364,-3.766,0.241,1.005,2.308,0.066,8.152,0.303,-2.404,0.335,148,0.009,0.0005,-0.5,1,16.0,48.0,3564.0,1,2.4005,58.6641
"FoF_2410,Alessi_21","nan",223.56,0.486,-0.088,0.273,1.832,1.769,0.041,-5.498,0.285,2.644,0.249,89,0.05,0.003,0.25,1,842.0,49.0,6134.0,0,107.671,-9.4881
"FoF_2411,Trumpler_10","nan",262.721,0.526,0.593,0.308,1.544,2.255,0.066,-12.354,0.341,6.5,0.306,271,0.05,0.003,0.25,1,1228.0,1189.0,7108.0,1,131.8303,-42.4467
"FoF_2413,BH_99","nan",286.575,0.355,-0.591,0.238,1.168,2.203,0.075,-14.444,0.326,0.984,0.326,299,0.046,0.0028,-0.25,1,1451.0,111.0,7813.0,1,159.5363,-59.1625
"FoF_2414,ASCC_58","nan",281.711,0.343,1.206,0.148,1.116,2.074,0.067,-13.319,0.306,2.709,0.307,77,0.087,0.0052,0.25,1,1404.0,24.0,7644.0,1,153.6587,-55.0706
"FoF_2415,NGC_6405","nan",356.58,0.218,-0.783,0.206,0.862,2.16,0.093,-1.339,0.395,-5.846,0.38,484,0.048,0.0029,0.0,1,2140.0,882.0,10807.0,0,265.0895,-32.2569
"FoF_2417","n",63.261,0.387,-0.525,0.24,0.887,1.829,0.046,2.363,0.281,-2.123,0.206,71,0.06,0.0036,0.0,1,"nan","nan","nan",1,298.3004,26.4372
"FoF_2418,Roslund_5","nan",71.423,0.257,0.103,0.191,0.769,1.835,0.056,1.997,0.303,-1.146,0.25,119,0.031,0.0019,-1.25,1,2604.0,1010.0,2374.0,1,302.686,33.6929
"FoF_2419,NGC_7058","nan",92.882,0.239,0.621,0.153,0.896,2.729,0.059,7.444,0.303,2.901,0.341,115,0.041,0.0025,0.0,1,2774.0,937.0,2939.0,0,320.4175,50.8287
"FoF_2420,NGC_3228","nan",280.794,0.379,4.472,0.152,1.032,2.029,0.067,-14.908,0.346,-0.638,0.258,74,0.029,0.0017,0.25,1,1415.0,801.0,7615.0,1,155.4085,-51.8424
"FoF_2422,IC_4756","nan",36.316,0.419,5.296,0.318,1.436,2.094,0.065,1.285,0.3,-4.899,0.324,380,0.891,0.0535,0.0,1,2363.0,572.0,1482.0,1,279.6726,5.4167
"FoF_2423,ASCC_105","nan",62.848,0.296,2.105,0.16,0.817,1.778,0.044,1.408,0.266,-1.535,0.193,68,0.066,0.004,-0.25,1,2511.0,2.0,2132.0,1,295.5198,27.4074
"FoF_2425,NGC_6633","nan",36.149,0.339,8.325,0.249,1.17,2.514,0.06,1.2,0.374,-1.775,0.319,186,0.501,0.0301,0.5,1,2329.0,901.0,1477.0,1,276.8763,6.629
"FoF_2426,Teutsch_35","nan",69.584,0.34,7.23,0.244,1.082,2.007,0.056,-0.682,0.259,-2.463,0.312,125,0.033,0.002,0.25,1,2498.0,1166.0,2304.0,1,294.0898,35.7638
"FoF_2432,IC_4665","nan",30.522,0.308,17.188,0.3,0.818,2.896,0.069,-0.905,0.285,-8.477,0.293,81,0.033,0.002,0.25,1,2158.0,570.0,1362.0,1,266.4378,5.6813
"FoF_2433,Stephenson_1","nan",66.899,0.331,15.39,0.184,1.106,2.783,0.071,1.19,0.322,-2.975,0.348,122,0.046,0.0028,0.25,1,2407.0,1127.0,2248.0,0,283.5357,36.9009
"FoF_2434,Alessi_3","nan",257.276,0.752,-15.218,0.349,1.747,3.558,0.068,-9.829,0.381,11.977,0.353,72,0.437,0.0262,0.25,1,"nan",51.0,"nan",1,108.9741,-46.0503
"FoF_2437,NGC_2451A","nan",252.374,0.864,-7.246,0.557,2.314,5.146,0.096,-20.919,0.635,15.265,0.529,219,0.04,0.0024,0.0,1,990.0,760.0,"nan",1,115.7352,-38.1998
"FoF_2438,IC_2391","nan",270.362,0.539,-6.807,0.336,2.088,6.559,0.113,-24.65,0.703,23.304,0.597,144,0.041,0.0025,0.0,1,1196.0,560.0,7340.0,1,130.1752,-53.014
"FoF_2439","n",218.511,0.887,-2.038,0.595,2.397,3.542,0.087,-7.381,0.355,-2.569,0.364,148,0.008,0.0005,0.5,1,"nan","nan","nan",1,103.5883,-5.8938
"FoF_2442","n",343.644,1.002,4.478,0.73,3.504,5.658,0.145,-11.894,0.607,-21.208,0.586,363,0.006,0.0004,0.0,1,"nan","nan","nan",0,250.372,-39.5646
