"Cluster","Comment"
"SAI 10","Embedded cluster."
"SAI 15","Embedded cluster."
"SAI 18","Embedded cluster."
"SAI 19","Embedded cluster."
"SAI 20,FSR 584","Embedded cluster."
"SAI 22","Embedded cluster."
"SAI 23","Embedded cluster."
"SAI 24","Embedded cluster."
"SAI 28","Embedded cluster."
"SAI 32,FSR 655","Embedded cluster."
"SAI 38,FSR 699","Embedded cluster."
"SAI 39,FSR 696","Embedded cluster."
"SAI 52,FSR 812","Embedded cluster."
"SAI 53,FSR 874","Embedded cluster."
"SAI 54,FSR 855","Embedded cluster."
"SAI 55,FSR 826","Embedded cluster."
"SAI 97,FSR 1432","Embedded cluster."
"SAI 113","Embedded cluster."
"SAI 119,FSR 1662","Embedded cluster."
"SAI 125,FSR 31","Embedded cluster."
"SAI 126","Embedded cluster."
"SAI 134,FSR 198","Embedded cluster."
"SAI 152,FSR 469","Embedded cluster."