"COCD","Name","GLON","GLAT","DistMod","E(B-V)","Dist","logt","rt","e_rt","logM","e_logM","rtA","e_rtA","logMA","e_logMA","_RA.icrs","_DE.icrs"
1,"Berkeley 58",116.73,-1.29,14.555,0.55,3715,8.2,"nan","nan","nan","nan",22.9,10.9,3.38,0.623,0.0032,60.961
2,"Berkeley 59",118.22,5.0,13.782,1.22,1000,6.8,"nan","nan","nan","nan",8.0,3.5,2.221,0.564,0.5539,67.4203
3,"Blanco 1",14.17,-79.02,7.18,0.01,269,8.32,22.8,3.8,3.646,0.219,20.0,2.4,3.48,0.16,0.8223,-30.1429
4,"Alessi 20",117.64,-3.69,8.948,0.22,450,8.22,5.4,1.6,1.742,0.391,4.0,0.8,1.362,0.25,2.6369,58.761
5,"Mayer 1",119.44,-0.93,12.015,0.4,1429,7.74,"nan","nan","nan","nan",16.7,5.6,3.15,0.442,5.4692,61.7412
6,"Stock 20",119.92,-0.1,10.413,0.2,909,8.53,"nan","nan","nan","nan",6.6,1.3,1.974,0.26,6.2994,62.6182
7,"Stock 21",120.05,-4.83,11.447,0.4,1100,8.72,"nan","nan","nan","nan",8.3,2.4,2.259,0.376,7.4466,57.9205
8,"NGC 129",120.27,-2.54,12.759,0.55,1625,7.87,14.9,2.7,2.984,0.24,15.2,2.7,3.011,0.235,7.4992,60.2209
9,"NGC 146",120.87,0.5,13.897,0.48,3032,7.37,"nan","nan","nan","nan",20.8,7.1,3.298,0.445,8.267,63.2982
10,"NGC 225",122.01,-1.08,9.925,0.27,657,8.19,"nan","nan","nan","nan",5.7,1.3,1.787,0.311,10.91,61.7778
11,"Berkeley 4",122.28,1.53,14.696,0.7,3200,7.08,30.0,5.7,3.751,0.25,31.2,7.8,3.803,0.328,11.3514,64.3941
12,"IC 1590",123.12,-6.24,12.879,0.32,2384,6.84,"nan","nan","nan","nan",6.0,1.8,1.723,0.394,13.1994,56.6313
13,"Alessi 1",123.26,-13.3,9.825,0.1,800,8.85,12.3,3.2,2.791,0.346,9.9,1.5,2.512,0.2,13.3518,49.5705
14,"NGC 381",124.94,-1.21,11.176,0.34,1058,8.77,"nan","nan","nan","nan",4.7,1.4,1.515,0.384,17.0829,61.5959
15,"Platais 2",128.23,-30.57,6.671,0.05,201,8.54,10.5,1.2,2.626,0.156,11.0,2.3,2.678,0.281,18.2435,32.0801
16,"NGC 433",125.88,-2.61,13.21,0.55,2000,7.65,"nan","nan","nan","nan",12.2,4.0,2.682,0.43,18.78,60.1261
17,"NGC 457",126.63,-4.37,13.384,0.47,2429,7.38,23.3,5.3,3.478,0.299,20.3,3.7,3.299,0.239,19.8894,58.2997
18,"NGC 581",128.05,-1.81,12.915,0.39,2194,7.44,"nan","nan","nan","nan",8.9,1.9,2.245,0.276,23.339,60.6445
19,"NGC 637",128.54,1.73,13.563,0.61,2160,7.21,"nan","nan","nan","nan",7.0,1.9,1.926,0.363,25.7525,64.0388
20,"NGC 654",129.08,-0.37,14.246,0.87,2041,7.3,"nan","nan","nan","nan",7.9,3.4,2.096,0.561,25.9903,61.8732
21,"NGC 659",129.37,-1.54,13.452,0.65,1938,7.8,"nan","nan","nan","nan",7.4,2.3,2.024,0.405,26.087,60.6687
22,"NGC 663",129.46,-0.94,13.87,0.78,1952,7.14,27.8,6.2,3.746,0.293,23.4,3.4,3.523,0.193,26.5241,61.2371
23,"Collinder 463",127.28,9.4,10.162,0.3,702,8.35,17.5,1.7,3.251,0.13,17.9,1.9,3.279,0.146,26.7169,71.8023
24,"Stock 4",131.25,-4.81,10.706,0.1,1200,8.7,9.8,1.7,2.448,0.227,11.2,1.9,2.623,0.224,28.2354,57.0651
25,"NGC 752",137.12,-23.26,8.428,0.04,458,9.14,20.0,1.9,3.44,0.133,17.4,1.5,3.258,0.123,29.4131,37.7807
26,"NGC 744",132.4,-6.17,11.587,0.38,1207,8.41,5.7,1.9,1.748,0.441,9.0,1.7,2.335,0.248,29.6264,55.464
27,"Stock 5",130.73,2.6,11.447,0.4,1100,7.73,"nan","nan","nan","nan",9.5,1.9,2.413,0.267,31.1143,64.3606
28,"Stock 2",133.36,-1.92,8.953,0.34,380,8.17,41.1,2.8,4.383,0.097,30.3,2.4,3.987,0.11,33.5879,59.2627
29,"NGC 869",134.63,-3.72,13.077,0.48,2079,7.28,"nan","nan","nan","nan",162.9,12.6,6.022,0.108,34.7591,57.1488
30,"NGC 884",135.01,-3.6,13.587,0.56,2345,7.1,"nan","nan","nan","nan",191.0,15.0,6.2,0.11,35.4917,57.1336
31,"NGC 886",132.89,2.69,12.392,0.4,1700,8.48,"nan","nan","nan","nan",11.7,2.9,2.632,0.331,35.8642,63.7684
32,"Stock 7",134.66,0.09,10.955,0.56,698,7.13,"nan","nan","nan","nan",4.5,1.1,1.481,0.32,37.4062,60.7063
33,"IC 1805",134.72,0.91,13.393,0.65,1886,6.73,15.9,2.4,3.007,0.2,20.7,4.6,3.357,0.292,38.1571,61.444
34,"NGC 957",136.28,-2.65,13.898,0.84,1815,6.84,19.8,8.6,3.301,0.564,14.0,3.0,2.848,0.286,38.321,57.5582
35,"Trumpler 2",137.37,-3.97,10.053,0.32,649,7.93,7.9,1.8,2.205,0.293,10.9,1.6,2.634,0.191,39.211,55.9186
36,"NGC 1039",143.65,-15.62,8.708,0.07,499,8.42,7.5,2.0,2.155,0.349,5.8,0.7,1.827,0.164,40.5075,42.7589
37,"NGC 1027",135.74,1.55,10.461,0.33,772,8.55,6.8,1.1,2.011,0.223,7.0,1.1,2.035,0.214,40.6544,61.6255
38,"IC 1848",137.19,0.91,13.367,0.6,2002,6.65,25.9,2.9,3.627,0.154,33.7,7.3,3.97,0.285,42.789,60.4245
39,"Collinder 33",138.09,1.34,11.24,0.4,1000,8.36,11.8,2.2,2.705,0.244,12.2,2.2,2.748,0.238,44.8078,60.395
40,"Trumpler 3",138.01,4.5,8.948,0.22,450,8.34,9.4,4.5,2.455,0.622,7.8,1.2,2.204,0.213,47.9517,63.1859
41,"Stock 23",140.08,2.09,8.705,0.26,380,7.51,"nan","nan","nan","nan",2.8,0.8,0.86,0.399,49.0335,60.0531
42,"Melotte 20",147.2,-6.33,6.673,0.09,190,7.55,35.0,2.4,4.186,0.097,27.4,2.3,3.863,0.116,51.4835,49.1234
43,"King 6",143.35,-0.08,10.064,0.58,450,8.41,"nan","nan","nan","nan",2.0,0.5,0.463,0.331,52.0055,56.4532
44,"Alessi 13",237.65,-55.71,5.331,0.04,110,8.72,10.9,1.9,2.68,0.228,10.4,2.8,2.62,0.357,52.0415,-35.9017
45,"NGC 1342",154.97,-15.38,10.106,0.32,665,8.21,7.4,1.6,2.122,0.285,7.8,1.8,2.186,0.303,52.8979,37.3358
46,"IC 348",160.49,-17.81,10.519,0.82,394,7.79,"nan","nan","nan","nan",2.4,0.6,0.67,0.338,56.1358,32.1573
47,"Melotte 22",166.63,-23.47,5.632,0.02,130,8.08,21.3,1.4,3.54,0.092,10.9,0.9,2.672,0.112,56.8318,24.1179
48,"Tombaugh 5",143.94,3.57,10.775,0.25,1000,8.73,"nan","nan","nan","nan",8.1,2.3,2.211,0.376,56.9435,59.0494
49,"NGC 1502",143.67,7.65,11.587,0.65,821,6.8,"nan","nan","nan","nan",6.4,1.1,1.911,0.235,61.9436,62.3277
50,"NGC 1528",152.05,0.25,10.193,0.24,776,8.43,12.8,4.1,2.811,0.425,11.6,1.5,2.684,0.175,63.8294,51.2141
51,"NGC 1545",153.36,0.18,10.189,0.3,711,8.15,6.5,1.0,1.946,0.206,5.7,1.4,1.756,0.332,65.234,50.2494
52,"NGC 1582",159.25,-3.02,9.573,0.22,600,8.6,10.9,1.7,2.619,0.211,9.3,1.9,2.412,0.267,67.8823,43.7951
53,"Platais 3",138.74,15.98,6.815,0.1,200,8.7,9.3,2.2,2.457,0.314,15.2,2.5,3.103,0.218,68.841,71.581
54,"NGC 1647",180.33,-16.78,9.65,0.32,539,7.96,14.8,2.1,3.02,0.194,10.2,1.3,2.543,0.169,71.4682,19.115
55,"Alessi 2",152.29,6.36,9.057,0.18,501,8.6,5.5,0.5,1.754,0.126,5.1,1.0,1.654,0.265,71.5478,55.2279
56,"NGC 1662",187.68,-21.12,9.132,0.3,437,8.68,6.5,2.2,1.957,0.44,6.3,0.9,1.92,0.184,72.0996,10.9448
57,"NGC 1664",161.69,-0.45,11.169,0.25,1199,8.72,13.2,2.1,2.806,0.206,14.9,2.4,2.958,0.217,72.7824,43.6623
58,"Berkeley 14A",162.88,0.74,10.92,0.23,1100,6.97,31.4,3.0,3.941,0.131,29.8,4.2,3.874,0.19,75.0918,43.4815
59,"NGC 1708",155.74,6.85,9.883,0.32,600,8.76,7.0,1.2,2.05,0.227,5.4,1.2,1.703,0.291,75.8374,52.8514
60,"NGC 1746",179.07,-10.65,10.179,0.25,760,8.19,18.9,2.6,3.313,0.183,13.7,1.7,2.893,0.17,75.951,23.7711
61,"Platais 4",180.65,-10.9,7.98,0.25,276,8.24,14.7,8.2,3.045,0.727,11.8,1.8,2.752,0.207,76.7187,22.3665
62,"NGC 1778",168.9,-2.03,11.526,0.23,1454,8.18,"nan","nan","nan","nan",7.5,2.1,2.025,0.371,76.9997,37.0171
63,"NGC 1802",179.64,-9.24,8.785,0.25,400,8.66,"nan","nan","nan","nan",4.7,1.2,1.555,0.327,77.562,24.1397
64,"NGC 1817",186.15,-13.1,12.498,0.33,1972,8.25,19.2,3.2,3.191,0.219,20.0,5.2,3.244,0.343,78.0556,16.6927
65,"NGC 1901",279.03,-33.6,8.121,0.02,409,8.93,7.5,4.8,2.204,0.824,6.9,1.2,2.095,0.235,79.5675,-68.4434
66,"NGC 1893",173.58,-1.69,13.819,0.4,3280,6.82,28.1,6.7,3.48,0.313,27.7,6.2,3.461,0.296,80.6705,33.4104
67,"NGC 1896",177.34,-3.48,10.034,0.15,820,8.8,"nan","nan","nan","nan",4.9,1.3,1.541,0.353,81.4091,29.2977
68,"Collinder 65",188.86,-10.86,7.86,0.13,310,7.41,11.1,1.4,2.668,0.171,26.9,2.5,3.824,0.129,81.5186,15.6998
69,"NGC 1907",172.61,0.3,11.921,0.42,1330,7.94,"nan","nan","nan","nan",14.2,3.1,2.875,0.286,82.0081,35.3293
70,"Stock 8",173.37,-0.19,12.666,0.44,1821,7.61,"nan","nan","nan","nan",20.4,3.3,3.286,0.217,82.0256,34.4251
71,"NGC 1912",172.27,0.69,10.914,0.25,1066,8.56,18.5,1.9,3.25,0.137,16.0,1.7,3.062,0.144,82.1754,35.8285
72,"Collinder 69",195.26,-12.12,8.486,0.09,438,6.76,"nan","nan","nan","nan",7.7,1.4,2.178,0.237,83.7808,9.6954
73,"NGC 1981",208.06,-18.96,8.165,0.05,400,7.5,4.1,0.6,1.384,0.184,3.9,1.0,1.298,0.345,83.7878,-4.3971
74,"NGC 1976",209.01,-19.39,8.16,0.05,399,7.71,7.9,2.5,2.222,0.415,6.6,1.3,1.988,0.26,83.813,-5.3918
75,"NGC 1977",208.48,-19.1,8.65,0.05,500,7.08,"nan","nan","nan","nan",4.4,1.2,1.441,0.351,83.8445,-4.8143
76,"NGC 1980",209.51,-19.6,8.857,0.05,550,6.67,4.3,0.6,1.412,0.182,4.7,1.2,1.53,0.327,83.8383,-5.9072
77,"Collinder 70",205.03,-17.35,8.085,0.04,391,6.71,22.0,2.1,3.562,0.132,20.3,1.8,3.454,0.121,83.8759,-1.0997
78,"NGC 1960",174.53,1.07,11.282,0.22,1318,7.62,14.2,2.8,2.873,0.258,10.6,1.6,2.491,0.199,84.07,34.1427
79,"NGC 1996",181.8,-3.11,11.196,0.15,1400,8.45,"nan","nan","nan","nan",12.7,3.2,2.72,0.334,84.4982,25.7673
80,"Sigma Orionis, Sigma Ori",206.82,-17.36,8.16,0.05,399,6.82,"nan","nan","nan","nan",6.0,1.9,1.878,0.409,84.6669,-2.6143
81,"Stock 10",171.62,3.55,8.147,0.08,380,8.42,5.0,0.5,1.622,0.128,5.0,1.1,1.622,0.291,84.7387,37.9257
82,"NGC 2099",177.64,3.09,11.634,0.3,1383,8.54,18.0,2.6,3.177,0.192,14.1,1.6,2.856,0.156,88.0764,32.5487
83,"Basel 11B",187.44,-1.12,11.19,0.1,1500,8.82,"nan","nan","nan","nan",11.6,3.1,2.586,0.357,89.5432,21.9656
84,"NGC 2129",186.59,0.13,13.196,0.74,1515,7.08,"nan","nan","nan","nan",4.9,1.6,1.473,0.43,90.2597,23.3249
85,"NGC 2143",202.19,-8.02,9.515,0.0,800,9.15,"nan","nan","nan","nan",6.4,1.8,1.897,0.368,90.7728,5.776
86,"NGC 2169",195.6,-2.94,10.688,0.2,1032,6.89,"nan","nan","nan","nan",4.7,1.1,1.481,0.303,92.0914,13.969
87,"NGC 2168",186.6,2.24,10.401,0.26,830,8.18,24.7,3.2,3.657,0.171,22.9,1.9,3.558,0.116,92.2766,24.349
88,"NGC 2180",203.84,-7.02,9.795,0.0,910,9.24,"nan","nan","nan","nan",6.6,1.5,1.937,0.298,92.436,4.81
89,"NGC 2184",211.41,-10.52,9.279,0.08,640,8.37,"nan","nan","nan","nan",5.5,1.9,1.721,0.459,92.7974,-3.4405
90,"NGC 2186",203.54,-6.2,11.605,0.26,1445,8.08,"nan","nan","nan","nan",5.1,1.5,1.547,0.388,93.0212,5.4593
91,"Platais 6",205.3,-6.19,7.708,0.0,348,7.79,"nan","nan","nan","nan",19.3,2.3,3.394,0.16,93.8536,3.9188
92,"NGC 2202",203.62,-4.9,9.771,0.0,900,8.74,"nan","nan","nan","nan",3.5,1.0,1.116,0.369,94.2119,6.0003
93,"Collinder 89",188.65,3.83,11.003,0.48,800,7.5,8.2,1.4,2.219,0.229,17.0,3.1,3.171,0.242,94.8703,23.3051
94,"NGC 2215",215.99,-10.1,11.488,0.3,1293,8.43,"nan","nan","nan","nan",12.0,2.5,2.685,0.272,95.205,-7.2794
95,"NGC 2232",214.54,-7.42,7.652,0.03,325,7.49,5.8,0.8,1.839,0.173,6.6,1.0,2.007,0.206,96.9703,-4.7986
96,"Collinder 95",201.81,0.03,9.035,0.1,556,8.36,"nan","nan","nan","nan",3.4,0.9,1.125,0.336,97.7641,9.8992
97,"Collinder 97",205.34,-1.74,8.712,0.07,500,8.32,"nan","nan","nan","nan",6.5,1.8,1.962,0.371,97.8275,5.9513
98,"NGC 2244",206.3,-2.08,12.039,0.4,1445,6.7,17.6,4.4,3.153,0.328,14.8,2.8,2.929,0.248,97.9693,4.9432
99,"NGC 2240",179.21,11.84,8.793,0.17,450,9.5,"nan","nan","nan","nan",4.2,1.0,1.404,0.301,98.2836,35.2493
100,"Basel 8",203.84,-0.16,11.763,0.37,1328,7.68,"nan","nan","nan","nan",14.8,3.4,2.939,0.301,98.5425,8.0109
101,"NGC 2252",206.22,-1.31,10.081,0.1,900,8.84,"nan","nan","nan","nan",4.5,1.2,1.43,0.349,98.6185,5.3689
102,"NGC 2251",203.57,0.1,11.207,0.19,1329,8.43,"nan","nan","nan","nan",9.8,1.8,2.402,0.242,98.65,8.3703
103,"Ruprecht 1",223.99,-9.69,10.672,0.15,1100,8.76,7.6,1.1,2.124,0.189,10.6,2.3,2.554,0.281,99.0989,-14.1829
104,"Collinder 106",206.03,-0.41,11.734,0.23,1600,6.74,"nan","nan","nan","nan",35.1,6.8,4.038,0.256,99.3339,5.9514
105,"Collinder 107",207.34,-0.76,12.047,0.4,1450,7.03,"nan","nan","nan","nan",7.2,2.6,1.988,0.466,99.6253,4.6269
106,"Collinder 110A",209.71,-1.85,9.258,0.32,450,8.19,"nan","nan","nan","nan",4.1,1.1,1.363,0.346,99.7422,2.0215
107,"NGC 2264",202.95,2.19,9.222,0.04,660,6.81,19.6,8.4,3.378,0.557,17.8,2.3,3.252,0.171,100.2431,9.8797
108,"NGC 2269",207.88,0.27,12.376,0.4,1687,8.76,"nan","nan","nan","nan",10.4,2.8,2.442,0.352,100.792,4.6184
109,"NGC 2270",208.98,-0.07,10.917,0.06,1400,8.64,16.0,3.1,3.039,0.255,17.7,2.6,3.172,0.196,100.9928,3.4846
110,"NGC 2287",231.02,-10.45,9.297,0.03,693,8.45,12.0,1.3,2.754,0.15,9.9,1.0,2.511,0.142,101.4992,-20.7594
111,"NGC 2281",174.9,16.88,8.919,0.06,558,8.7,9.0,2.4,2.378,0.351,6.7,0.9,1.987,0.182,102.0687,41.0791
112,"NGC 2301",212.56,0.28,9.76,0.03,858,8.31,6.7,2.5,1.973,0.48,7.1,0.9,2.051,0.175,102.9391,0.4587
113,"NGC 2302",219.29,-3.12,10.983,0.2,1182,8.49,"nan","nan","nan","nan",3.5,0.9,1.114,0.334,102.9739,-7.0786
114,"NGC 2306",219.7,-2.62,10.551,0.05,1200,8.85,"nan","nan","nan","nan",7.8,1.8,2.147,0.303,103.6102,-7.2166
115,"Collinder 121",235.14,-10.14,10.331,0.04,1100,7.08,"nan","nan","nan","nan",24.1,4.1,3.641,0.226,103.6749,-24.2937
116,"NGC 2311",217.75,-0.7,12.125,0.2,2000,8.6,"nan","nan","nan","nan",14.1,3.9,2.822,0.361,104.436,-4.6068
117,"NGC 2319",211.28,3.44,10.362,0.05,1100,8.61,"nan","nan","nan","nan",7.8,2.0,2.133,0.345,105.1713,3.0364
118,"NGC 2323",221.66,-1.33,10.376,0.21,881,8.13,12.9,1.8,2.826,0.184,12.0,1.4,2.734,0.162,105.6704,-8.372
119,"VDB 92, vdBergh 92",224.57,-2.49,11.655,0.25,1500,7.59,13.3,3.0,2.818,0.292,12.9,3.1,2.772,0.314,105.9734,-11.4888
120,"NGC 2335",223.6,-1.18,11.966,0.39,1417,8.08,13.6,2.7,2.85,0.259,14.0,3.4,2.889,0.316,106.7064,-10.0268
121,"Ruprecht 12",239.97,-9.29,9.926,0.05,900,7.56,"nan","nan","nan","nan",5.7,1.7,1.783,0.401,106.8221,-28.2212
122,"NGC 2343",224.27,-1.18,10.49,0.12,1056,8.23,"nan","nan","nan","nan",3.2,0.8,0.989,0.327,107.0195,-10.6217
123,"NGC 2345",226.57,-2.32,13.87,0.68,2251,7.74,"nan","nan","nan","nan",9.7,2.6,2.336,0.347,107.065,-13.1873
124,"Haffner 23",230.0,-3.81,10.31,0.1,1000,8.84,6.8,1.1,1.984,0.222,7.4,1.5,2.109,0.263,107.3196,-16.9143
125,"Alessi 21",223.44,0.0,8.712,0.07,500,7.47,9.3,6.7,2.432,0.947,9.1,1.6,2.408,0.226,107.6939,-9.3411
126,"Collinder 132",243.13,-9.3,8.131,0.02,411,7.51,"nan","nan","nan","nan",3.5,0.8,1.182,0.314,108.3853,-31.0282
127,"NGC 2354",238.36,-6.81,13.794,0.29,3794,8.1,"nan","nan","nan","nan",33.5,8.0,3.84,0.312,108.5195,-25.6908
128,"NGC 2353",224.69,0.38,10.461,0.07,1119,7.05,8.5,5.5,2.268,0.845,11.0,2.0,2.602,0.243,108.6235,-10.2727
129,"Alessi 3",257.84,-15.37,7.638,0.11,288,8.87,5.2,2.6,1.718,0.644,4.7,0.8,1.57,0.236,109.0858,-46.6099
130,"NGC 2358",231.05,-2.3,9.059,0.02,630,8.72,8.0,1.5,2.227,0.246,5.8,1.0,1.825,0.226,109.2266,-17.148
131,"Basel 11A",228.25,-0.78,11.438,0.18,1500,7.42,"nan","nan","nan","nan",8.9,4.0,2.302,0.586,109.2689,-13.9633
132,"NGC 2360",229.8,-1.43,11.72,0.11,1887,8.59,15.4,3.6,2.98,0.309,15.6,2.1,2.999,0.183,109.4222,-15.6373
133,"Collinder 135",249.12,-11.19,7.643,0.04,319,7.54,11.7,1.7,2.76,0.196,11.5,1.3,2.736,0.153,109.4445,-37.1556
134,"NGC 2362",238.2,-5.57,11.024,0.1,1389,6.64,10.2,1.5,2.504,0.197,14.9,2.4,3.002,0.213,109.6602,-24.9837
135,"NGC 2367",235.6,-3.84,12.532,0.33,2004,7.01,"nan","nan","nan","nan",16.8,4.7,3.099,0.365,110.0243,-21.886
136,"Collinder 140",245.0,-7.91,8.114,0.03,402,7.57,"nan","nan","nan","nan",6.9,1.2,2.062,0.228,110.8159,-32.0578
137,"NGC 2374",228.41,1.02,11.113,0.09,1468,8.68,17.2,3.1,3.16,0.235,17.1,2.7,3.154,0.206,110.9813,-13.2592
138,"NGC 2383",235.27,-2.47,11.745,0.21,1655,8.64,"nan","nan","nan","nan",7.0,2.0,1.99,0.368,111.1582,-20.9526
139,"NGC 2384",235.38,-2.4,12.434,0.26,2116,7.13,"nan","nan","nan","nan",12.4,4.1,2.693,0.432,111.2799,-21.0164
140,"Trumpler 7",238.21,-3.34,11.679,0.27,1474,7.72,"nan","nan","nan","nan",9.8,2.6,2.446,0.351,111.8318,-23.9511
141,"NGC 2396",227.52,2.63,9.002,0.05,588,8.52,4.3,0.5,1.432,0.152,4.9,0.9,1.6,0.23,112.001,-11.7125
142,"Bochum 5",232.45,0.77,12.745,0.4,2000,8.45,"nan","nan","nan","nan",19.1,4.2,3.261,0.291,112.7482,-16.9295
143,"Bochum 4",232.75,0.77,10.292,0.19,872,7.25,"nan","nan","nan","nan",3.2,0.7,1.02,0.306,112.8992,-17.1924
144,"NGC 2413",229.28,3.09,8.341,0.04,440,8.46,"nan","nan","nan","nan",3.9,0.9,1.296,0.298,113.2755,-13.036
145,"NGC 2414",231.41,1.95,14.039,0.56,2888,6.94,"nan","nan","nan","nan",10.3,2.8,2.366,0.349,113.3033,-15.4499
146,"NGC 2421",236.27,0.07,13.088,0.45,2181,7.41,"nan","nan","nan","nan",13.8,3.1,2.828,0.299,114.0548,-20.6107
147,"NGC 2422",230.95,3.13,8.672,0.07,491,8.12,7.7,1.0,2.191,0.167,8.8,1.0,2.364,0.152,114.1416,-14.4764
148,"NGC 2423",230.48,3.53,9.731,0.1,766,8.98,13.4,1.8,2.9,0.177,11.4,1.2,2.682,0.139,114.2671,-13.8719
149,"Ruprecht 26",232.05,2.69,11.102,0.1,1440,7.49,10.8,1.5,2.567,0.183,10.9,2.2,2.577,0.26,114.2969,-15.6502
150,"Melotte 71",228.95,4.49,12.835,0.11,3154,8.37,"nan","nan","nan","nan",17.6,4.1,3.02,0.304,114.3686,-12.0716
151,"Ruprecht 27",241.58,-2.57,9.206,0.15,560,8.41,"nan","nan","nan","nan",4.1,1.1,1.387,0.347,114.3669,-26.5323
152,"NGC 2428",233.08,2.72,11.766,0.05,2100,8.68,"nan","nan","nan","nan",10.4,2.0,2.463,0.251,114.8475,-16.5332
153,"NGC 2430",232.94,2.85,9.592,0.17,650,8.68,"nan","nan","nan","nan",3.7,0.9,1.241,0.314,114.8942,-16.3475
154,"ESO 493-03",242.48,-2.51,11.041,0.1,1400,8.6,"nan","nan","nan","nan",9.2,2.3,2.384,0.326,114.919,-27.2871
155,"Haffner 13",245.0,-3.73,9.423,0.05,714,7.51,8.1,1.6,2.264,0.26,11.7,1.9,2.735,0.218,115.1147,-30.0782
156,"NGC 2439",246.43,-4.47,14.17,0.4,3855,6.82,"nan","nan","nan","nan",25.2,7.1,3.513,0.371,115.1769,-31.6842
157,"NGC 2432",235.58,1.82,11.909,0.12,2030,8.18,"nan","nan","nan","nan",19.8,5.6,3.313,0.368,115.3161,-19.1506
158,"Ruprecht 151",233.09,3.23,12.231,0.2,2100,8.49,"nan","nan","nan","nan",20.5,3.6,3.342,0.232,115.3157,-16.2913
159,"NGC 2451A",252.5,-7.69,6.371,0.0,188,7.76,10.3,1.2,2.607,0.158,8.4,1.2,2.335,0.184,115.3162,-38.5235
160,"NGC 2437",231.85,4.05,11.157,0.15,1375,8.16,17.6,2.2,3.206,0.165,17.3,1.7,3.184,0.135,115.4248,-14.8105
161,"Ruprecht 31",250.09,-5.98,8.685,0.09,480,8.56,"nan","nan","nan","nan",2.8,0.9,0.888,0.401,115.7365,-35.6017
162,"NGC 2451B",252.05,-6.73,8.322,0.05,430,7.88,6.0,0.7,1.899,0.163,6.9,1.4,2.076,0.272,116.1081,-37.6676
163,"NGC 2447",240.05,0.15,10.234,0.05,1037,8.76,13.1,2.3,2.859,0.229,10.6,1.1,2.588,0.14,116.1458,-23.8588
164,"NGC 2448",240.76,-0.26,10.147,0.02,1040,7.19,"nan","nan","nan","nan",13.2,2.3,2.866,0.231,116.1455,-24.6787
165,"Ruprecht 34",237.19,2.15,9.825,0.1,800,8.9,"nan","nan","nan","nan",4.7,1.3,1.529,0.352,116.4706,-20.3825
166,"Haffner 16",242.09,0.47,13.06,0.18,3165,7.51,"nan","nan","nan","nan",17.8,5.4,3.096,0.398,117.5819,-25.459
167,"NGC 2477",253.56,-5.84,11.303,0.28,1222,8.61,9.7,1.9,2.488,0.261,9.2,1.8,2.409,0.257,118.037,-38.5283
168,"ESO 123-26",273.11,-16.32,9.105,0.13,550,8.33,6.0,1.1,1.905,0.244,5.3,1.0,1.755,0.247,118.0485,-60.3603
169,"NGC 2467",243.15,0.34,11.714,0.34,1355,8.05,"nan","nan","nan","nan",12.6,3.0,2.796,0.314,118.0595,-26.4368
170,"NGC 2479",235.98,5.37,10.706,0.1,1200,8.99,"nan","nan","nan","nan",7.6,2.2,2.138,0.374,118.7629,-17.7118
171,"NGC 2482",241.62,2.03,10.919,0.09,1343,8.48,12.6,2.9,2.79,0.303,11.4,1.9,2.666,0.215,118.7925,-24.2558
172,"NGC 2483",244.79,0.23,12.029,0.3,1659,7.49,"nan","nan","nan","nan",10.9,3.5,2.584,0.428,118.9031,-27.8991
173,"Trumpler 9",243.07,1.29,12.387,0.19,2289,7.99,"nan","nan","nan","nan",7.4,2.6,2.026,0.466,118.9208,-25.879
174,"NGC 2489",246.71,-0.77,13.988,0.37,3700,7.25,"nan","nan","nan","nan",19.4,9.2,3.185,0.618,119.064,-30.0593
175,"NGC 2516",273.81,-15.85,7.912,0.07,346,8.08,8.6,1.2,2.369,0.182,8.7,0.9,2.396,0.143,119.522,-60.7457
176,"Ruprecht 44",245.74,0.48,15.262,0.62,4655,7.33,"nan","nan","nan","nan",37.2,9.4,3.931,0.33,119.707,-28.5798
177,"Ruprecht 43",246.06,0.39,11.407,0.27,1300,8.47,"nan","nan","nan","nan",8.4,2.0,2.282,0.305,119.8109,-28.8995
178,"NGC 2506",230.56,9.93,12.943,0.08,3460,9.05,"nan","nan","nan","nan",33.7,8.4,3.841,0.329,119.9981,-10.7691
179,"Ruprecht 47",248.25,-0.19,13.165,0.25,3006,8.07,"nan","nan","nan","nan",20.1,5.6,3.303,0.368,120.5757,-31.066
180,"NGC 2527",246.09,1.85,9.018,0.04,601,8.85,12.9,5.1,2.869,0.517,9.7,1.1,2.504,0.151,121.2385,-28.1516
181,"ESO 430-18",248.57,0.75,9.595,0.0,830,9.05,4.1,1.1,1.367,0.363,6.2,1.2,1.902,0.258,121.7015,-30.8339
182,"Vel OB2",263.28,-7.99,8.162,0.03,411,7.26,16.7,1.7,3.235,0.14,17.6,1.7,3.298,0.132,122.3743,-47.8989
183,"NGC 2547",264.46,-8.6,8.424,0.04,457,7.7,5.4,1.5,1.764,0.359,4.9,0.8,1.628,0.23,122.5303,-49.2122
184,"NGC 2539",233.73,11.11,10.92,0.08,1363,8.75,26.4,5.1,3.739,0.256,20.1,2.2,3.387,0.15,122.6658,-12.8398
185,"Ruprecht 53",245.81,3.56,11.493,0.11,1700,8.59,"nan","nan","nan","nan",12.1,2.6,2.721,0.284,122.6924,-26.9933
186,"NGC 2546",254.83,-2.05,10.22,0.13,919,7.92,23.5,2.8,3.653,0.162,18.7,1.9,3.355,0.137,122.9775,-37.6092
187,"Ruprecht 55",250.69,0.81,15.183,0.56,4892,6.97,43.0,7.6,4.138,0.233,59.8,13.8,4.568,0.302,123.1175,-32.5792
188,"Ruprecht 56",257.29,-3.52,8.436,0.12,410,8.7,3.6,0.4,1.222,0.153,6.2,1.9,1.938,0.41,123.1292,-40.4699
189,"NGC 2548",227.87,15.39,9.523,0.03,769,8.75,19.4,2.4,3.374,0.167,15.1,1.4,3.046,0.126,123.4254,-5.7494
190,"VDBH 23, vdBergh-Hagen 23",254.02,-1.0,8.357,0.05,437,7.14,"nan","nan","nan","nan",5.4,1.0,1.743,0.238,123.516,-36.3549
191,"Haffner 26",249.6,2.34,10.248,0.08,1000,7.47,"nan","nan","nan","nan",4.2,1.7,1.4,0.523,123.9075,-30.8252
192,"NGC 2567",249.79,2.96,11.526,0.13,1677,8.64,"nan","nan","nan","nan",9.4,1.7,2.417,0.235,124.6291,-30.6363
193,"NGC 2571",249.1,3.53,11.068,0.14,1339,7.22,13.7,3.5,2.915,0.334,15.1,2.9,3.042,0.256,124.7274,-29.7463
194,"Collinder 185",255.05,0.56,11.511,0.21,1486,8.18,"nan","nan","nan","nan",7.6,2.0,2.159,0.342,125.8365,-36.3271
195,"VDBH 34, vdBergh-Hagen 34",262.57,-2.97,9.982,0.03,950,8.48,"nan","nan","nan","nan",8.7,2.8,2.365,0.422,127.8074,-44.4959
196,"Pismis 4",262.91,-2.47,8.896,0.01,593,8.11,9.6,0.9,2.501,0.133,9.4,1.6,2.475,0.233,128.654,-44.4727
197,"NGC 2627",251.58,6.65,11.821,0.09,2034,8.71,"nan","nan","nan","nan",7.6,2.1,2.117,0.371,129.3095,-29.9527
198,"Ruprecht 64",259.75,0.53,9.701,0.06,800,8.45,18.2,2.1,3.33,0.156,18.1,2.2,3.32,0.163,129.3287,-40.1447
199,"Pismis 6",264.78,-2.91,12.289,0.38,1668,7.58,"nan","nan","nan","nan",12.4,3.7,2.814,0.389,129.7545,-46.2291
200,"Ruprecht 65",263.07,-1.56,8.712,0.07,500,8.57,"nan","nan","nan","nan",5.5,1.2,1.773,0.279,129.8024,-44.0517
201,"NGC 2632",205.89,32.48,6.39,0.01,187,8.9,18.7,1.4,3.367,0.105,9.4,0.8,2.477,0.116,130.0866,19.6886
202,"IC 2391",270.36,-6.83,6.259,0.01,176,7.88,9.1,2.6,2.453,0.366,6.3,0.9,1.967,0.188,130.1427,-53.0264
203,"Ruprecht 67",262.79,-0.8,12.219,0.43,1504,8.38,"nan","nan","nan","nan",7.7,2.2,2.192,0.371,130.3978,-43.3656
204,"Mamajek 1",292.48,-21.65,5.106,0.0,105,6.9,"nan","nan","nan","nan",1.0,0.3,-0.373,0.368,130.5361,-79.024
205,"IC 2395",266.63,-3.59,9.47,0.07,709,7.08,7.9,3.5,2.246,0.586,9.6,1.7,2.503,0.24,130.6213,-48.107
206,"NGC 2659",264.17,-1.65,12.75,0.51,1713,7.23,"nan","nan","nan","nan",7.2,2.2,2.112,0.406,130.6467,-44.9763
207,"Bochum 7",265.19,-1.96,16.466,0.86,5754,7.08,"nan","nan","nan","nan",74.8,23.9,4.929,0.417,131.1986,-45.9691
208,"NGC 2670",267.48,-3.63,11.707,0.43,1188,8.1,"nan","nan","nan","nan",4.9,1.5,1.636,0.385,131.364,-48.7989
209,"NGC 2669",270.82,-6.07,10.656,0.18,1046,7.97,6.8,1.6,2.053,0.311,10.4,2.2,2.615,0.28,131.6054,-52.9225
210,"Trumpler 10",262.76,0.64,8.194,0.03,417,7.38,12.7,2.7,2.873,0.28,11.0,1.4,2.685,0.171,131.9131,-42.4476
211,"Ruprecht 71",266.37,-1.9,10.725,0.05,1300,8.78,"nan","nan","nan","nan",6.6,1.4,2.011,0.283,132.3378,-46.8508
212,"NGC 2682",215.7,31.92,9.976,0.06,908,9.41,9.6,1.9,2.446,0.259,7.5,1.1,2.132,0.186,132.8485,11.8069
213,"VDBH 56, vdBergh-Hagen 56",264.48,1.46,9.783,0.2,680,7.24,6.4,1.9,1.983,0.389,7.4,1.4,2.165,0.244,134.2725,-43.246
214,"Collinder 205",269.21,-1.85,13.267,0.77,1500,7.03,"nan","nan","nan","nan",9.1,2.4,2.432,0.346,135.1267,-48.9882
215,"ESO 165-09",274.92,-5.93,8.421,0.05,450,8.96,"nan","nan","nan","nan",2.4,0.7,0.693,0.384,136.2971,-55.9583
216,"Platais 8",277.54,-7.79,5.88,0.0,150,7.75,12.3,1.6,2.844,0.177,14.8,1.2,3.081,0.115,136.9461,-59.1371
217,"ESO 166-04",273.9,-3.97,10.2,0.15,885,8.45,"nan","nan","nan","nan",5.4,1.3,1.778,0.309,137.6303,-53.8877
218,"Platais 9",267.21,3.15,6.505,0.0,200,8.09,16.4,3.5,3.216,0.283,19.5,2.5,3.436,0.173,138.5358,-44.1387
219,"VDBH 66, vdBergh-Hagen 66",276.0,-3.01,15.155,0.3,7000,7.48,"nan","nan","nan","nan",57.5,18.2,4.618,0.415,141.3172,-54.7175
220,"IC 2488",277.83,-4.42,10.986,0.23,1134,8.53,10.3,1.3,2.613,0.175,13.9,2.1,3.008,0.201,141.9076,-57.0007
221,"Ruprecht 78",275.7,-1.88,12.161,0.35,1641,7.14,"nan","nan","nan","nan",14.3,3.9,3.037,0.361,142.2863,-53.695
222,"NGC 2910",275.31,-1.18,13.135,0.34,2607,7.46,"nan","nan","nan","nan",11.1,2.6,2.687,0.31,142.6154,-52.9182
223,"Turner 5",264.23,11.05,8.32,0.1,400,8.49,16.1,1.4,3.188,0.12,22.3,2.6,3.609,0.157,143.1269,-36.4615
224,"NGC 2925",275.91,-1.23,9.692,0.08,774,8.05,6.8,0.9,2.066,0.182,8.4,1.3,2.354,0.199,143.2909,-53.3634
225,"Ruprecht 79",277.09,-0.82,13.776,0.74,1979,7.84,"nan","nan","nan","nan",23.3,6.6,3.672,0.37,145.2326,-53.8459
226,"Ruprecht 80",270.75,6.71,12.92,0.3,2500,8.33,"nan","nan","nan","nan",10.1,3.0,2.554,0.381,145.5104,-44.0123
227,"Ruprecht 82",277.73,-0.47,12.849,0.29,2455,8.5,"nan","nan","nan","nan",12.8,4.2,2.891,0.432,146.4444,-53.997
228,"NGC 3033",279.59,-2.07,10.847,0.33,922,8.62,"nan","nan","nan","nan",6.5,1.8,2.022,0.367,147.148,-56.417
229,"Ruprecht 84",285.32,-8.82,11.586,0.1,1800,8.56,"nan","nan","nan","nan",8.0,2.1,2.311,0.344,147.2806,-65.252
230,"NGC 3036",283.66,-6.83,11.636,0.4,1200,8.61,"nan","nan","nan","nan",6.2,1.5,1.969,0.312,147.3147,-62.6705
231,"Pismis 16",277.82,0.68,13.196,0.61,1824,7.72,"nan","nan","nan","nan",6.6,2.3,2.042,0.455,147.7959,-53.1682
232,"Collinder 213",276.82,2.76,10.948,0.07,1400,8.84,"nan","nan","nan","nan",7.7,1.9,2.227,0.32,148.6441,-50.9202
233,"Ruprecht 85",280.15,0.16,11.382,0.21,1400,8.7,"nan","nan","nan","nan",6.6,1.7,2.047,0.337,150.3807,-55.0127
234,"NGC 3114",283.25,-3.87,10.046,0.08,911,8.24,16.6,1.9,3.247,0.158,15.5,1.5,3.159,0.13,150.4825,-60.0954
235,"Loden 28",282.21,-2.21,14.905,0.62,3950,7.3,32.7,8.9,4.103,0.358,41.5,12.0,4.415,0.378,150.7992,-58.1441
236,"Loden 1",281.02,-0.17,8.092,0.1,360,9.29,"nan","nan","nan","nan",2.6,0.5,0.823,0.272,151.2648,-55.7962
237,"Trumpler 12",283.82,-3.7,10.725,0.05,1300,8.81,"nan","nan","nan","nan",6.9,1.5,2.109,0.284,151.6059,-60.297
238,"Hogg 6",283.95,-3.85,11.176,0.05,1600,8.61,"nan","nan","nan","nan",6.1,1.9,1.939,0.401,151.6398,-60.4946
239,"Ruprecht 161",284.63,-4.34,10.145,0.09,940,8.39,9.5,1.9,2.526,0.267,12.2,2.2,2.85,0.237,152.1818,-61.2887
240,"VDBH 91, vdBergh-Hagen 91",284.03,-1.6,9.594,0.08,740,8.21,"nan","nan","nan","nan",4.8,1.3,1.638,0.354,154.3097,-58.6934
241,"NGC 3228",280.69,4.54,8.584,0.03,499,8.43,"nan","nan","nan","nan",2.6,0.6,0.832,0.301,155.3275,-51.7289
242,"Loden 46",282.6,2.07,9.096,0.14,540,9.03,8.6,4.2,2.386,0.636,6.9,1.1,2.1,0.217,155.7787,-54.8376
243,"IC 2581",284.59,0.02,13.337,0.45,2446,7.22,"nan","nan","nan","nan",17.6,4.9,3.331,0.365,156.8594,-57.6305
244,"Ruprecht 89",284.97,-0.34,9.499,0.04,750,8.98,"nan","nan","nan","nan",3.5,0.9,1.232,0.337,157.1161,-58.1359
245,"Loden 143",285.3,-0.89,9.201,0.1,600,8.45,"nan","nan","nan","nan",10.1,1.7,2.595,0.222,157.1083,-58.7773
246,"Loden 89",284.35,0.87,8.054,0.05,380,8.47,"nan","nan","nan","nan",4.5,0.8,1.551,0.228,157.2977,-56.7798
247,"Loden 59",283.08,3.28,9.127,0.02,650,8.45,"nan","nan","nan","nan",4.4,1.2,1.512,0.35,157.5747,-54.0606
248,"Collinder 223",286.05,-1.65,11.692,0.18,1686,8.41,"nan","nan","nan","nan",12.6,3.8,2.902,0.39,157.5956,-59.8155
249,"Ruprecht 90",285.4,-0.2,14.883,0.32,6000,7.1,"nan","nan","nan","nan",62.2,13.7,4.896,0.29,157.9522,-58.2371
250,"Loden 112",284.68,1.17,13.85,0.6,2500,6.96,"nan","nan","nan","nan",19.3,7.5,3.456,0.508,158.0946,-56.6914
251,"Loden 153",285.67,0.09,13.001,0.28,2670,6.74,"nan","nan","nan","nan",15.6,5.2,3.181,0.438,158.6719,-58.123
252,"Bochum 9",286.78,-1.57,9.597,0.11,710,8.38,"nan","nan","nan","nan",5.6,0.9,1.823,0.226,158.9344,-60.1153
253,"NGC 3293",285.85,0.07,12.739,0.25,2471,6.94,"nan","nan","nan","nan",7.8,1.8,2.28,0.301,158.9489,-58.2301
254,"NGC 3324",286.22,-0.19,13.236,0.46,2301,6.72,"nan","nan","nan","nan",18.8,6.4,3.427,0.443,159.318,-58.639
255,"VDBH 99, vdBergh-Hagen 99",286.52,-0.58,8.811,0.06,531,7.86,"nan","nan","nan","nan",6.3,1.0,1.984,0.207,159.4533,-59.126
256,"NGC 3330",284.19,3.86,9.912,0.05,894,8.3,"nan","nan","nan","nan",6.0,1.2,1.911,0.258,159.7047,-54.1144
257,"ESO 062-11",291.5,-9.15,11.097,0.42,910,8.53,"nan","nan","nan","nan",2.7,1.0,0.916,0.454,159.7202,-69.0258
258,"Melotte 101",289.86,-5.56,12.926,0.46,1995,8.35,16.3,13.2,3.255,1.056,16.4,3.2,3.262,0.258,160.5421,-65.0976
259,"IC 2602",289.54,-4.94,6.114,0.03,160,7.83,13.9,1.4,3.005,0.134,12.2,0.9,2.829,0.109,160.5798,-64.4007
260,"Bochum 10",287.04,-0.3,12.464,0.3,2027,6.93,"nan","nan","nan","nan",17.6,3.5,3.345,0.258,160.6042,-59.1317
261,"Alessi 5",288.08,-2.05,8.464,0.15,398,7.71,3.6,0.8,1.26,0.277,4.6,0.7,1.568,0.208,160.7772,-61.1654
262,"Collinder 228",287.64,-1.06,12.21,0.26,1909,6.68,"nan","nan","nan","nan",24.0,3.9,3.746,0.218,160.9389,-60.085
263,"Trumpler 14",287.4,-0.58,13.594,0.45,2753,6.67,"nan","nan","nan","nan",11.4,3.7,2.777,0.426,160.9669,-59.5485
264,"Trumpler 15",287.41,-0.37,13.024,0.45,2117,7.08,"nan","nan","nan","nan",8.2,2.3,2.345,0.372,161.178,-59.3677
265,"Trumpler 16",287.62,-0.65,13.88,0.52,2842,6.9,"nan","nan","nan","nan",14.0,5.3,3.05,0.496,161.2866,-59.7134
266,"Ruprecht 91",286.87,1.49,9.802,0.01,900,8.63,"nan","nan","nan","nan",5.5,1.3,1.82,0.31,161.9071,-57.4689
267,"Loden 189",286.72,2.59,9.69,0.13,720,8.64,7.8,0.9,2.265,0.156,9.1,1.7,2.459,0.248,162.5768,-56.4206
268,"Ruprecht 92",289.39,-1.98,13.292,0.46,2362,7.53,"nan","nan","nan","nan",19.9,3.9,3.512,0.26,163.2803,-61.7007
269,"ESO 128-16",287.93,1.16,9.864,0.03,900,8.92,"nan","nan","nan","nan",5.7,1.0,1.86,0.233,163.4101,-58.2386
270,"Trumpler 17",288.66,0.45,13.561,0.6,2189,7.51,"nan","nan","nan","nan",11.3,3.7,2.775,0.426,164.0851,-59.1947
271,"Collinder 236",289.58,-1.23,9.732,0.07,800,8.37,5.3,0.8,1.778,0.196,6.4,1.1,2.019,0.223,164.3157,-61.1066
272,"Bochum 12",289.85,-1.78,12.474,0.24,2218,7.68,"nan","nan","nan","nan",11.8,3.5,2.83,0.387,164.3375,-61.7192
273,"NGC 3496",289.53,-0.46,11.435,0.47,990,8.62,"nan","nan","nan","nan",7.9,1.7,2.298,0.287,164.887,-60.3872
274,"Pismis 17",289.48,0.09,14.18,0.47,3504,7.32,"nan","nan","nan","nan",28.7,6.0,3.991,0.273,165.2538,-59.8661
275,"Ruprecht 93",290.46,-1.11,11.5,0.23,1437,8.64,"nan","nan","nan","nan",6.8,1.1,2.101,0.215,166.0837,-61.3609
276,"NGC 3532",289.6,1.39,8.606,0.04,497,8.45,11.9,2.5,2.815,0.277,9.8,0.8,2.56,0.117,166.4971,-58.7252
277,"Loden 306",290.55,-0.82,12.249,0.24,2000,6.76,"nan","nan","nan","nan",17.8,3.6,3.369,0.267,166.4953,-61.1307
278,"Feinstein 1",290.15,0.44,11.622,0.42,1159,6.97,"nan","nan","nan","nan",21.7,3.0,3.611,0.182,166.755,-59.815
279,"VDBH 111, vdBergh-Hagen 111",291.95,-3.16,12.932,0.25,2700,8.35,"nan","nan","nan","nan",16.3,5.5,3.267,0.44,167.3097,-63.831
280,"Loden 309",290.74,-0.14,9.666,0.25,600,8.63,"nan","nan","nan","nan",2.8,0.7,0.913,0.322,167.3978,-60.5782
281,"NGC 3572",290.71,0.21,12.563,0.34,2004,6.88,"nan","nan","nan","nan",10.1,3.3,2.631,0.423,167.6117,-60.2431
282,"Basel 17",290.25,1.34,11.566,0.16,1637,7.88,"nan","nan","nan","nan",6.6,1.7,2.065,0.336,167.6185,-59.0231
283,"Trumpler 18",290.99,-0.13,11.625,0.31,1358,7.77,"nan","nan","nan","nan",8.0,1.4,2.316,0.227,167.877,-60.6637
284,"NGC 3590",291.2,-0.17,12.484,0.45,1651,7.55,"nan","nan","nan","nan",11.8,2.1,2.832,0.232,168.2448,-60.7792
285,"Stock 13",290.5,1.6,11.671,0.22,1577,7.37,10.8,3.2,2.715,0.391,17.0,2.9,3.3,0.23,168.2568,-58.8759
286,"IC 2714",292.4,-1.79,11.518,0.34,1238,8.41,"nan","nan","nan","nan",7.5,1.2,2.235,0.216,169.3652,-62.7242
287,"NGC 3680",286.75,16.92,10.069,0.07,934,9.09,7.0,3.2,2.124,0.603,6.6,1.2,2.04,0.25,171.3916,-43.2373
288,"Ruprecht 94",294.05,-1.98,13.587,0.3,3400,7.19,40.4,20.6,4.463,0.667,39.0,6.1,4.418,0.207,172.6641,-63.4501
289,"Ruprecht 164",293.23,0.62,9.801,0.11,780,9.0,"nan","nan","nan","nan",4.7,1.1,1.623,0.304,172.7025,-60.724
290,"Loden 372",292.55,2.76,11.636,0.4,1200,8.55,"nan","nan","nan","nan",5.1,1.5,1.742,0.388,172.7211,-58.4786
291,"Loden 402",293.44,0.7,12.504,0.18,2450,8.2,"nan","nan","nan","nan",19.7,4.6,3.517,0.305,173.1612,-60.7114
292,"IC 2944",294.49,-1.32,12.261,0.32,1794,6.9,"nan","nan","nan","nan",18.5,3.4,3.43,0.243,174.0308,-62.9507
293,"NGC 3766",294.11,-0.03,11.767,0.18,1745,7.52,10.8,2.2,2.728,0.27,13.8,2.2,3.046,0.209,174.0447,-61.6059
294,"VDBH 121, vdBergh-Hagen 121",294.81,-1.62,13.084,0.29,2735,6.64,25.5,3.5,3.864,0.185,39.8,7.0,4.443,0.232,174.5214,-63.3292
295,"IC 2948",294.99,-1.72,13.005,0.3,2600,6.75,"nan","nan","nan","nan",12.4,3.7,2.92,0.388,174.8454,-63.4752
296,"Stock 14",295.21,-0.66,12.34,0.22,2146,7.0,"nan","nan","nan","nan",11.6,3.1,2.829,0.355,175.936,-62.5125
297,"Ruprecht 96",295.89,-0.1,10.447,0.25,860,9.0,"nan","nan","nan","nan",4.0,1.1,1.425,0.342,177.6519,-62.1372
298,"Loden 481",295.84,0.77,11.653,0.24,1520,8.19,15.8,2.4,3.217,0.205,18.6,2.5,3.432,0.177,177.9734,-61.2792
299,"Loden 480",295.7,3.69,11.326,0.3,1200,8.71,"nan","nan","nan","nan",7.1,1.6,2.166,0.299,178.9876,-58.4005
300,"Ruprecht 98",297.3,-2.28,9.423,0.16,610,8.78,7.9,0.9,2.287,0.154,8.7,1.2,2.418,0.186,179.6576,-64.5728
301,"NGC 4052",297.3,-0.9,10.908,0.16,1209,8.4,"nan","nan","nan","nan",7.6,2.2,2.265,0.373,180.2806,-63.2202
302,"Ruprecht 99",297.66,-1.5,9.253,0.05,660,9.29,"nan","nan","nan","nan",3.6,0.7,1.257,0.256,180.8183,-63.8776
303,"NGC 4103",297.57,1.16,11.974,0.28,1664,7.59,"nan","nan","nan","nan",14.0,1.9,3.072,0.177,181.6611,-61.2446
304,"ESO 130-06",297.37,3.1,12.084,0.12,2200,8.33,"nan","nan","nan","nan",15.5,3.2,3.215,0.276,181.9326,-59.2989
305,"Loden 565",297.65,1.71,9.685,0.2,650,8.05,"nan","nan","nan","nan",5.8,1.6,1.877,0.363,182.0165,-60.7162
306,"ESO 130-08",297.73,2.94,9.515,0.0,800,9.02,"nan","nan","nan","nan",6.0,1.0,1.93,0.212,182.5779,-59.5157
307,"Loden 615",299.65,-2.1,10.155,0.05,1000,8.63,"nan","nan","nan","nan",6.7,1.4,2.088,0.284,185.1447,-64.7749
308,"Melotte 111",222.43,83.4,4.698,0.0,87,8.78,9.5,0.8,2.501,0.111,9.6,1.1,2.516,0.152,185.6227,25.8542
309,"NGC 4349",299.73,0.84,12.866,0.38,2176,8.32,20.3,2.5,3.577,0.167,21.4,2.7,3.644,0.17,186.0581,-61.8625
310,"Collinder 258",299.97,1.97,10.888,0.16,1198,8.05,"nan","nan","nan","nan",8.2,1.6,2.362,0.255,186.7904,-60.7621
311,"NGC 4439",300.06,2.65,12.343,0.35,1785,7.71,"nan","nan","nan","nan",3.5,0.9,1.288,0.328,187.0983,-60.0932
312,"Hogg 23",300.16,1.84,10.702,0.07,1250,8.31,"nan","nan","nan","nan",6.5,2.3,2.071,0.466,187.154,-60.9089
313,"NGC 4463",300.64,-2.01,11.718,0.52,1050,7.97,"nan","nan","nan","nan",5.4,1.5,1.821,0.355,187.4762,-64.7859
314,"Ruprecht 105",300.88,1.24,10.044,0.05,950,9.01,"nan","nan","nan","nan",5.7,1.5,1.889,0.333,188.5483,-61.563
315,"NGC 4609",301.89,-0.13,11.46,0.33,1223,7.78,"nan","nan","nan","nan",5.9,1.3,1.944,0.28,190.5653,-62.9832
316,"Loden 682",302.42,2.22,10.391,0.2,900,8.41,"nan","nan","nan","nan",5.6,1.3,1.858,0.31,191.8159,-60.6476
317,"Loden 694",303.12,2.12,11.896,0.24,1700,7.38,17.4,1.8,3.37,0.143,25.5,4.6,3.866,0.239,193.2442,-60.7512
318,"NGC 4755",303.2,2.51,12.657,0.38,1976,6.98,"nan","nan","nan","nan",19.0,3.6,3.492,0.251,193.4011,-60.3606
319,"NGC 4852",304.03,3.27,11.394,0.25,1330,8.63,8.6,1.3,2.441,0.208,10.6,1.7,2.718,0.21,195.0252,-59.5833
320,"NGC 5045",305.47,-0.63,12.027,0.37,1500,7.11,15.1,2.4,3.187,0.211,24.5,4.0,3.813,0.218,198.533,-63.3899
321,"NGC 5043",306.01,2.66,10.399,0.15,970,8.79,"nan","nan","nan","nan",6.8,1.3,2.12,0.26,199.0299,-60.0642
322,"Stock 16",306.08,0.2,12.562,0.48,1640,6.78,"nan","nan","nan","nan",14.6,3.5,3.151,0.317,199.691,-62.5046
323,"Collinder 269",306.16,-3.51,11.407,0.27,1300,8.52,"nan","nan","nan","nan",8.8,1.9,2.473,0.29,200.8595,-66.181
324,"Loden 821",307.02,2.83,13.786,0.5,2800,7.29,18.0,3.7,3.461,0.269,26.5,5.7,3.968,0.283,200.993,-59.7833
325,"Loden 807",306.75,0.13,10.451,0.2,925,8.3,"nan","nan","nan","nan",6.1,1.3,1.981,0.281,201.1498,-62.4957
326,"NGC 5138",307.53,3.53,12.296,0.26,1986,7.55,"nan","nan","nan","nan",15.9,3.1,3.28,0.257,201.8026,-59.022
327,"Basel 18",307.16,0.22,13.319,0.51,2226,7.92,"nan","nan","nan","nan",15.8,4.1,3.276,0.338,202.0011,-62.3512
328,"Hogg 16",307.47,1.34,12.271,0.41,1585,7.26,"nan","nan","nan","nan",4.0,1.3,1.456,0.414,202.3092,-61.1983
329,"Collinder 272",307.59,1.2,13.01,0.47,2045,7.02,"nan","nan","nan","nan",14.5,3.2,3.156,0.287,202.5992,-61.3189
330,"NGC 5168",307.72,1.57,12.271,0.33,1777,7.74,"nan","nan","nan","nan",9.6,2.8,2.616,0.38,202.7489,-60.9335
331,"Ruprecht 108",308.25,3.98,10.208,0.14,901,8.41,"nan","nan","nan","nan",6.5,1.6,2.055,0.316,203.0436,-58.4705
332,"Trumpler 21",307.57,-0.29,11.148,0.18,1312,7.76,"nan","nan","nan","nan",11.5,2.7,2.824,0.312,203.0467,-62.7942
333,"Loden 915",308.36,3.17,8.96,0.15,500,8.44,"nan","nan","nan","nan",4.6,0.9,1.574,0.261,203.5056,-59.2522
334,"Platais 10",309.33,3.04,7.203,0.08,246,8.2,"nan","nan","nan","nan",15.7,2.4,3.169,0.204,205.4138,-59.2065
335,"Loden 1010",309.51,1.94,9.845,0.2,700,8.69,6.6,1.3,2.077,0.251,7.9,1.4,2.308,0.231,206.1988,-60.2485
336,"NGC 5281",309.15,-0.71,11.06,0.27,1108,7.76,"nan","nan","nan","nan",6.8,1.2,2.135,0.224,206.6205,-62.9153
337,"Platais 12",309.71,-1.3,8.502,0.1,435,8.23,22.8,1.9,3.669,0.113,20.1,1.4,3.507,0.102,208.1198,-63.3656
338,"NGC 5316",310.22,0.12,11.26,0.27,1215,8.19,15.1,2.4,3.178,0.212,13.6,1.7,3.041,0.17,208.4657,-61.8652
339,"Loden 995",309.52,-2.88,12.831,0.3,2400,8.34,"nan","nan","nan","nan",27.1,6.1,3.994,0.295,208.5583,-64.9455
340,"Loden 1171",311.75,3.33,9.115,0.2,500,8.45,"nan","nan","nan","nan",2.1,0.6,0.552,0.368,209.8287,-58.3749
341,"Lynga 1",310.85,-0.33,13.219,0.46,2283,8.15,"nan","nan","nan","nan",14.8,4.1,3.206,0.361,210.0055,-62.1428
342,"NGC 5359",308.67,-8.28,12.3,0.1,2500,8.3,"nan","nan","nan","nan",9.8,2.9,2.673,0.381,209.9998,-70.3841
343,"Ruprecht 110",309.95,-5.61,10.57,0.0,1300,8.74,12.6,2.4,2.947,0.25,9.0,2.0,2.515,0.291,211.3604,-67.4678
344,"Loden 1194",312.17,1.82,8.65,0.05,500,8.53,"nan","nan","nan","nan",3.8,0.9,1.332,0.317,211.4116,-59.7141
345,"NGC 5460",315.74,12.64,9.419,0.09,673,8.31,10.7,3.7,2.703,0.451,7.4,1.1,2.232,0.198,211.8484,-48.3338
346,"Loden 1225",312.58,1.69,11.5,0.2,1500,8.67,"nan","nan","nan","nan",11.0,2.2,2.787,0.26,212.2641,-59.7199
347,"Ruprecht 167",313.91,2.04,11.815,0.1,2000,8.57,11.9,2.6,2.918,0.284,16.3,3.2,3.325,0.257,214.5265,-58.972
348,"Loden 1256",313.11,-0.28,11.661,0.3,1400,8.41,"nan","nan","nan","nan",12.7,2.5,2.964,0.263,214.5413,-61.426
349,"ESO 175-06",314.66,3.95,9.322,0.2,550,8.6,"nan","nan","nan","nan",3.6,1.0,1.259,0.371,214.6706,-56.9219
350,"Lynga 2",313.84,-0.44,10.62,0.2,1000,8.42,7.3,2.1,2.227,0.375,7.2,1.3,2.203,0.244,216.088,-61.3284
351,"NGC 5593",316.3,5.61,9.647,0.0,850,8.77,"nan","nan","nan","nan",4.4,0.9,1.559,0.261,216.3866,-54.8006
352,"NGC 5606",314.84,1.0,12.739,0.47,1805,6.84,"nan","nan","nan","nan",20.8,4.6,3.634,0.292,216.94,-59.6262
353,"NGC 5617",314.67,-0.1,12.416,0.48,1533,8.02,"nan","nan","nan","nan",10.5,1.7,2.732,0.22,217.4328,-60.7119
354,"Trumpler 22",314.64,-0.58,12.515,0.52,1516,8.11,"nan","nan","nan","nan",7.8,2.0,2.34,0.341,217.7434,-61.1686
355,"NGC 5662",316.93,3.4,10.117,0.31,678,7.64,9.4,3.0,2.542,0.416,8.2,1.2,2.36,0.19,218.8881,-56.6154
356,"Alessi 6",313.64,-5.53,8.791,0.19,437,8.3,5.5,0.4,1.809,0.114,5.4,1.0,1.8,0.255,220.0376,-66.1153
357,"VDBH 164, vdBergh-Hagen 164",314.28,-6.07,9.105,0.13,550,7.14,8.3,1.1,2.359,0.177,8.0,1.5,2.315,0.245,222.0351,-66.3358
358,"NGC 5749",319.53,4.55,11.213,0.37,1031,7.41,"nan","nan","nan","nan",3.6,0.9,1.319,0.333,222.2184,-54.4929
359,"Hogg 18",320.76,6.43,12.512,0.51,1535,7.58,"nan","nan","nan","nan",7.1,2.5,2.232,0.463,222.6688,-52.2655
360,"NGC 5822",321.57,3.59,10.277,0.15,917,8.83,19.6,2.6,3.519,0.174,15.9,1.4,3.247,0.124,226.0851,-54.4006
361,"NGC 5823",321.12,2.47,10.66,0.09,1192,8.9,"nan","nan","nan","nan",6.2,1.9,2.036,0.403,226.3592,-55.5971
362,"Alessi 8",326.49,4.27,9.077,0.09,575,7.92,7.5,2.7,2.245,0.461,6.2,1.1,1.997,0.228,232.3838,-51.2237
363,"Loden 2313",327.16,2.24,10.901,0.05,1410,8.74,"nan","nan","nan","nan",11.2,2.8,2.825,0.331,235.1821,-52.4813
364,"Collinder 292",325.04,-2.62,11.19,0.1,1500,8.73,"nan","nan","nan","nan",12.6,2.4,2.988,0.253,237.4531,-57.622
365,"Ruprecht 113",324.62,-4.69,10.007,0.15,810,8.23,"nan","nan","nan","nan",15.3,2.8,3.187,0.24,239.3597,-59.4854
366,"NGC 6025",324.55,-5.88,9.926,0.16,769,7.96,10.2,1.1,2.66,0.15,9.9,1.2,2.621,0.164,240.8142,-60.4292
367,"Nor OB5",332.98,1.86,13.942,0.86,1800,7.11,104.7,16.9,5.778,0.214,97.5,11.5,5.686,0.159,242.629,-49.0405
368,"Lynga 7",328.75,-2.74,10.212,0.27,750,7.11,"nan","nan","nan","nan",6.1,1.7,1.998,0.365,242.6721,-55.2888
369,"NGC 6067",329.74,-2.2,11.997,0.4,1417,8.01,12.3,1.3,2.951,0.144,11.6,1.5,2.874,0.178,243.2834,-54.2185
370,"Harvard 10",329.83,-3.27,11.365,0.25,1312,7.87,24.0,3.0,3.819,0.165,26.4,3.3,3.942,0.17,244.6755,-54.927
371,"NGC 6087",327.72,-5.42,10.332,0.18,901,7.93,12.4,1.1,2.923,0.118,15.4,1.7,3.203,0.149,244.6931,-57.935
372,"Ruprecht 116",332.38,-1.68,10.081,0.1,900,8.95,"nan","nan","nan","nan",3.7,0.8,1.364,0.281,245.8227,-52.0025
373,"NGC 6124",340.74,6.03,10.468,0.68,470,8.34,9.5,2.0,2.546,0.277,8.1,0.9,2.338,0.148,246.3196,-40.6442
374,"NGC 6134",334.92,-0.19,10.98,0.38,913,8.53,"nan","nan","nan","nan",3.8,0.9,1.389,0.313,246.9364,-49.1442
375,"Ruprecht 119",333.27,-1.88,11.669,0.57,956,7.43,"nan","nan","nan","nan",4.9,1.3,1.726,0.35,247.0567,-51.5047
376,"NGC 6152",332.91,-3.15,10.684,0.2,1030,8.65,14.0,1.7,3.097,0.162,13.5,1.6,3.049,0.159,248.1583,-52.6377
377,"NGC 6167",335.22,-1.42,12.672,0.79,1108,8.16,"nan","nan","nan","nan",9.4,2.3,2.582,0.325,248.631,-49.7685
378,"NGC 6178",338.4,1.22,10.712,0.22,1014,7.51,"nan","nan","nan","nan",6.7,2.1,2.136,0.408,248.9314,-45.6406
379,"NGC 6192",340.64,2.13,12.931,0.64,1547,8.13,"nan","nan","nan","nan",10.8,2.9,2.804,0.352,250.0812,-43.367
380,"NGC 6193",336.71,-1.57,11.77,0.47,1155,6.9,9.0,1.4,2.531,0.205,10.8,2.5,2.772,0.31,250.3285,-48.7614
381,"NGC 6200",337.99,-1.06,13.361,0.58,2054,7.0,"nan","nan","nan","nan",15.1,3.9,3.281,0.337,251.0134,-47.4619
382,"NGC 6204",338.55,-1.03,11.51,0.43,1085,8.28,"nan","nan","nan","nan",4.0,1.0,1.459,0.337,251.5176,-47.0179
383,"Hogg 22",338.56,-1.14,12.58,0.65,1297,6.7,"nan","nan","nan","nan",5.6,2.3,1.925,0.537,251.6499,-47.0816
384,"NGC 6208",333.75,-5.76,10.514,0.21,939,9.07,"nan","nan","nan","nan",3.2,0.9,1.149,0.357,252.3555,-53.7287
385,"NGC 6231",343.46,1.18,11.849,0.44,1250,6.81,"nan","nan","nan","nan",11.1,2.6,2.823,0.311,253.5422,-41.831
386,"ESO 332-08",344.39,1.81,11.016,0.2,1200,8.17,"nan","nan","nan","nan",4.8,1.1,1.732,0.303,253.6702,-40.712
387,"NGC 6242",345.47,2.47,11.445,0.38,1131,7.63,11.9,7.4,2.907,0.814,9.8,1.5,2.652,0.206,253.8844,-39.4577
388,"VDBH 205, vdBergh-Hagen 205",344.59,1.62,12.602,0.3,2160,7.12,"nan","nan","nan","nan",5.4,1.8,1.952,0.441,254.0307,-40.6756
389,"NGC 6249",341.53,-1.18,11.322,0.44,981,7.54,8.2,5.2,2.399,0.834,8.4,1.6,2.439,0.247,254.4082,-44.8138
390,"NGC 6250",340.68,-1.92,10.77,0.35,865,7.42,"nan","nan","nan","nan",12.1,2.6,2.9,0.283,254.4808,-45.9394
391,"NGC 6268",346.04,1.31,11.271,0.39,1029,8.24,"nan","nan","nan","nan",5.0,0.9,1.775,0.246,255.5242,-39.7289
392,"NGC 6281",347.72,1.98,8.934,0.15,494,8.51,8.0,3.5,2.331,0.566,7.3,0.8,2.206,0.147,256.1551,-37.9889
393,"Sco OB4",352.39,3.44,10.827,0.2,1100,6.82,88.2,10.6,5.512,0.162,68.2,5.4,5.178,0.11,258.137,-33.3734
394,"Bochum 13",351.2,1.37,12.61,0.79,1077,7.08,"nan","nan","nan","nan",8.6,2.7,2.475,0.416,259.3387,-35.5453
395,"NGC 6322",345.28,-3.05,11.632,0.53,995,7.16,"nan","nan","nan","nan",4.2,1.1,1.542,0.341,259.5976,-42.9289
396,"VDBH 221, vdBergh-Hagen 221",353.97,3.0,9.995,0.2,750,8.01,6.7,1.1,2.13,0.222,7.2,1.6,2.21,0.285,259.6531,-32.3437
397,"IC 4651",340.09,-7.9,10.114,0.12,888,8.92,"nan","nan","nan","nan",6.5,1.1,2.085,0.218,261.1969,-49.928
398,"Trumpler 26",357.52,2.84,12.67,0.14,2800,8.38,"nan","nan","nan","nan",16.4,5.5,3.464,0.44,262.1346,-29.5036
399,"Antalova 1",355.84,1.64,10.422,0.25,850,8.5,"nan","nan","nan","nan",6.7,1.9,2.137,0.369,262.218,-31.5658
400,"Ruprecht 125",348.49,-3.4,11.19,0.1,1500,8.77,"nan","nan","nan","nan",11.1,2.6,2.841,0.311,262.3976,-40.474
401,"Collinder 333",354.09,-0.17,10.001,0.11,855,8.9,"nan","nan","nan","nan",5.1,1.8,1.782,0.45,262.8691,-34.0231
402,"NGC 6383",355.68,0.05,10.897,0.3,985,6.71,8.3,1.2,2.429,0.19,9.6,1.9,2.607,0.258,263.685,-32.57
403,"Trumpler 27",355.06,-0.74,14.105,1.19,1211,7.47,"nan","nan","nan","nan",15.9,3.7,3.294,0.302,264.0787,-33.5185
404,"Trumpler 28",356.01,-0.3,12.903,0.73,1343,6.89,"nan","nan","nan","nan",7.5,2.1,2.33,0.368,264.2456,-32.481
405,"ESO 139-13",333.98,-13.8,11.5,0.2,1500,8.78,"nan","nan","nan","nan",3.9,1.1,1.481,0.37,264.4109,-58.1293
406,"Collinder 338",351.7,-3.29,10.497,0.25,880,8.65,9.6,1.8,2.597,0.248,8.7,1.8,2.475,0.277,264.5137,-37.7198
407,"NGC 6400",352.58,-3.24,10.23,0.11,950,8.78,9.1,5.7,2.534,0.828,6.7,1.3,2.137,0.26,265.0471,-36.9488
408,"NGC 6405",356.62,-0.74,8.872,0.14,487,7.91,5.5,1.2,1.847,0.289,6.4,0.9,2.039,0.186,265.0715,-32.2002
409,"Trumpler 29",349.98,-5.14,9.993,0.19,760,8.69,"nan","nan","nan","nan",4.4,0.9,1.576,0.261,265.3688,-40.1534
410,"Alessi 9",344.13,-9.13,6.667,0.07,195,8.42,10.7,3.9,2.681,0.481,7.9,1.1,2.281,0.184,265.9634,-47.1831
411,"NGC 6416",356.93,-1.55,10.124,0.25,741,8.78,5.1,0.6,1.76,0.153,6.2,1.0,2.022,0.204,266.079,-32.3635
412,"IC 4665",30.62,17.08,8.26,0.17,352,7.63,8.7,2.3,2.414,0.344,10.7,1.4,2.681,0.177,266.577,5.7165
413,"NGC 6425",357.94,-1.6,10.695,0.4,778,8.34,"nan","nan","nan","nan",3.9,0.9,1.405,0.313,266.7485,-31.5274
414,"Collinder 350",26.79,14.69,8.383,0.37,280,8.61,5.8,0.7,1.891,0.164,5.5,0.9,1.822,0.219,267.0191,1.3479
415,"Ruprecht 131",0.14,-0.84,9.201,0.1,600,9.17,"nan","nan","nan","nan",3.1,1.0,1.103,0.409,267.3104,-29.2513
416,"NGC 6444",355.39,-3.75,9.113,0.12,560,9.0,"nan","nan","nan","nan",3.4,0.7,1.225,0.266,267.3847,-34.8178
417,"Basel 5",359.76,-1.86,10.413,0.32,766,8.54,"nan","nan","nan","nan",6.0,1.9,1.989,0.403,268.0955,-30.0995
418,"Sco OB5",352.38,-6.2,13.312,0.23,3310,6.86,93.6,12.9,5.77,0.184,85.9,12.7,5.658,0.197,268.1289,-38.6437
419,"NGC 6469",6.55,1.94,9.632,0.3,550,8.36,"nan","nan","nan","nan",2.9,0.8,1.005,0.355,268.2947,-22.3216
420,"NGC 6475",355.86,-4.49,7.696,0.1,300,8.22,12.3,2.0,2.866,0.213,11.8,0.9,2.818,0.11,268.4509,-34.7886
421,"Trumpler 30",355.74,-5.25,10.682,0.22,1000,8.31,"nan","nan","nan","nan",5.0,1.3,1.771,0.327,269.1823,-35.2716
422,"NGC 6494",9.88,2.84,10.106,0.36,628,8.52,15.8,2.2,3.23,0.185,10.9,1.0,2.75,0.126,269.2542,-18.9939
423,"Collinder 359",29.72,12.63,9.527,0.16,640,7.45,27.5,2.7,3.944,0.133,26.0,4.2,3.87,0.215,270.1612,2.9259
424,"Ruprecht 139",6.41,-0.22,9.167,0.15,550,9.05,"nan","nan","nan","nan",2.5,0.6,0.798,0.298,270.2476,-23.5259
425,"NGC 6514",7.08,-0.28,10.147,0.19,816,7.28,"nan","nan","nan","nan",6.8,2.1,2.143,0.411,270.6649,-22.9732
426,"NGC 6520",2.88,-2.84,12.291,0.42,1577,7.75,"nan","nan","nan","nan",4.7,1.3,1.725,0.379,270.8458,-27.8875
427,"NGC 6531",7.67,-0.35,11.273,0.28,1205,6.82,11.7,1.6,2.894,0.178,17.3,3.6,3.401,0.277,271.0458,-22.494
428,"NGC 6530",6.07,-1.32,11.536,0.3,1322,6.67,"nan","nan","nan","nan",11.1,2.2,2.831,0.26,271.1114,-24.3639
429,"NGC 6546",7.32,-1.43,11.38,0.49,938,8.72,7.1,1.4,2.216,0.268,8.7,1.8,2.484,0.266,271.8833,-23.327
430,"VDB 113, vdBergh 113",9.13,-0.77,14.5,0.58,3470,7.5,39.4,7.0,4.655,0.235,45.5,8.2,4.841,0.239,272.209,-21.4244
431,"ESO 521-38",6.47,-2.38,11.958,0.22,1800,8.1,"nan","nan","nan","nan",7.0,2.2,2.275,0.407,272.3424,-24.5303
432,"Collinder 367",7.27,-2.02,11.481,0.35,1200,6.84,"nan","nan","nan","nan",18.7,4.0,3.503,0.278,272.4197,-23.6564
433,"NGC 6561",13.42,1.16,13.897,0.4,3400,6.92,"nan","nan","nan","nan",28.5,11.3,4.222,0.519,272.6168,-16.7363
434,"NGC 6568",9.41,-1.64,10.775,0.25,1000,8.71,6.9,2.3,2.186,0.435,9.6,1.6,2.62,0.213,273.1733,-21.5984
435,"Sgr OB7",10.7,-1.51,12.092,0.24,1860,6.64,"nan","nan","nan","nan",74.1,7.8,5.351,0.143,273.7114,-20.4036
436,"Markarian 38",12.01,-0.98,11.875,0.3,1545,6.95,"nan","nan","nan","nan",8.3,1.9,2.466,0.304,273.8796,-18.9997
437,"NGC 6596",14.3,-0.28,10.672,0.15,1100,8.6,"nan","nan","nan","nan",9.2,2.0,2.559,0.291,274.3764,-16.6524
438,"Dias 5",11.65,-1.73,12.251,0.33,1760,7.14,"nan","nan","nan","nan",12.0,3.3,2.966,0.356,274.3978,-19.6727
439,"NGC 6604",18.24,1.7,14.092,0.95,1696,6.64,16.4,4.4,3.364,0.352,20.3,3.8,3.646,0.245,274.5046,-12.2451
440,"NGC 6603",12.83,-1.31,13.847,0.5,2880,7.8,"nan","nan","nan","nan",19.6,5.5,3.699,0.367,274.5972,-18.4348
441,"NGC 6611",16.94,0.8,13.346,0.7,1719,6.72,13.7,4.0,3.136,0.381,12.4,2.2,3.003,0.239,274.6871,-13.8159
442,"Alessi 19",40.29,12.63,8.826,0.04,550,8.05,14.8,2.9,3.117,0.259,14.3,2.4,3.08,0.225,274.7664,12.1766
443,"NGC 6613",14.18,-1.01,11.958,0.45,1296,7.52,"nan","nan","nan","nan",7.3,1.5,2.274,0.273,274.9892,-17.1035
444,"NGC 6618",15.05,-0.7,16.253,1.6,1814,6.78,27.0,3.9,4.026,0.192,38.2,11.0,4.479,0.377,275.132,-16.1902
445,"Trumpler 33",12.39,-3.23,12.337,0.36,1755,7.84,"nan","nan","nan","nan",5.8,2.4,2.031,0.545,276.1732,-19.7238
446,"NGC 6633",36.01,8.34,8.485,0.18,385,8.76,6.5,0.5,2.039,0.103,6.8,0.7,2.097,0.141,276.8009,6.5127
447,"NGC 6639",18.91,-1.51,9.845,0.2,700,8.86,"nan","nan","nan","nan",5.2,1.3,1.791,0.33,277.7341,-13.1546
448,"Ruprecht 141",19.69,-1.2,15.469,0.57,5500,6.92,"nan","nan","nan","nan",29.0,11.5,4.345,0.517,277.8219,-12.3198
449,"IC 4725",13.68,-4.41,10.357,0.45,620,7.83,15.2,1.6,3.172,0.143,13.7,1.7,3.044,0.168,277.9128,-19.1257
450,"IC 4756",36.37,5.26,9.013,0.19,484,8.79,18.8,1.6,3.428,0.119,14.7,1.2,3.112,0.115,279.7292,5.4485
451,"NGC 6694",23.88,-2.91,12.856,0.6,1582,8.3,"nan","nan","nan","nan",7.6,1.7,2.356,0.3,281.3224,-9.3805
452,"Ruprecht 145",16.51,-8.01,10.207,0.25,770,8.64,9.9,1.6,2.63,0.208,9.6,1.5,2.59,0.204,282.6401,-18.2215
453,"NGC 6705",27.3,-2.77,12.7,0.43,1877,8.07,"nan","nan","nan","nan",10.8,1.9,2.82,0.237,282.7623,-6.2735
454,"NGC 6709",42.12,4.72,11.149,0.32,1075,8.14,9.0,2.3,2.504,0.343,7.6,1.2,2.295,0.216,282.8204,10.3202
455,"Collinder 394",14.9,-9.26,9.979,0.24,703,7.86,14.0,2.7,3.076,0.252,11.6,1.6,2.832,0.181,283.0978,-20.1987
456,"Stephenson 1",66.81,15.39,7.983,0.04,373,7.69,11.5,4.1,2.77,0.463,13.6,1.8,2.983,0.176,283.4945,36.8217
457,"NGC 6716",15.39,-9.58,10.105,0.2,789,7.47,"nan","nan","nan","nan",4.0,0.9,1.456,0.283,283.6271,-19.9007
458,"NGC 6728",25.74,-5.68,10.465,0.15,1000,8.93,"nan","nan","nan","nan",5.5,1.3,1.881,0.309,284.6741,-8.975
459,"NGC 6738",44.39,3.11,9.38,0.05,700,9.16,"nan","nan","nan","nan",3.2,1.0,1.14,0.412,285.3265,11.6115
460,"Ruprecht 147",20.99,-12.81,6.68,0.15,175,9.39,7.1,1.0,2.148,0.195,5.3,0.6,1.769,0.155,289.1595,-16.3004
461,"NGC 6793",56.16,3.32,10.734,0.17,1100,8.64,"nan","nan","nan","nan",6.9,1.7,2.138,0.317,290.802,22.137
462,"NGC 6800",59.23,3.95,11.24,0.4,1000,8.59,"nan","nan","nan","nan",6.2,1.3,1.997,0.281,291.7706,25.1365
463,"Stock 1",60.25,2.26,8.247,0.17,350,8.53,4.6,0.7,1.58,0.199,4.8,0.7,1.62,0.2,293.9489,25.2207
464,"NGC 6811",79.21,12.02,10.901,0.14,1240,8.76,10.0,1.1,2.578,0.154,12.7,1.7,2.899,0.181,294.3137,46.3903
465,"NGC 6823",59.4,-0.14,13.99,0.84,1893,7.01,18.6,3.2,3.453,0.227,28.1,6.6,3.996,0.31,295.7827,23.3004
466,"Turner 9",64.75,2.51,10.117,0.15,852,8.06,28.5,3.3,3.969,0.157,26.4,2.4,3.868,0.125,296.193,29.2579
467,"Roslund 1",54.6,-3.39,9.285,0.05,670,8.47,"nan","nan","nan","nan",3.9,1.0,1.395,0.318,296.2409,17.522
468,"Roslund 2",60.19,-0.28,14.295,0.9,2000,6.89,"nan","nan","nan","nan",27.1,7.7,3.949,0.373,296.3455,23.915
469,"NGC 6828",46.82,-9.27,9.511,0.2,600,8.56,"nan","nan","nan","nan",4.0,1.3,1.424,0.433,297.5614,7.8961
470,"NGC 6830",60.13,-1.8,12.623,0.5,1639,7.52,"nan","nan","nan","nan",15.6,5.2,3.218,0.439,297.7429,23.0953
471,"Roslund 3",58.8,-4.68,11.956,0.34,1515,7.61,10.6,3.6,2.715,0.445,11.9,2.6,2.861,0.283,299.6675,20.4753
472,"Dolidze 36",77.69,6.03,10.453,0.22,900,8.83,"nan","nan","nan","nan",6.7,1.5,2.072,0.298,300.5913,42.151
473,"NGC 6866",79.56,6.84,11.334,0.17,1450,8.68,"nan","nan","nan","nan",5.3,1.2,1.768,0.29,300.9781,44.1584
474,"Alessi 10",31.64,-20.98,9.233,0.22,513,8.71,"nan","nan","nan","nan",3.2,0.8,1.143,0.333,301.1782,-10.4861
475,"Dolidze 38",77.19,5.02,10.861,0.15,1200,8.95,"nan","nan","nan","nan",9.2,2.3,2.481,0.326,301.3891,41.1957
476,"NGC 6871",72.64,2.06,12.349,0.44,1574,6.99,10.8,2.6,2.698,0.316,14.2,2.5,3.062,0.234,301.4865,35.7758
477,"Biurakan 1",72.74,1.76,12.044,0.33,1600,7.25,"nan","nan","nan","nan",13.5,2.7,2.991,0.263,301.8643,35.6987
478,"Biurakan 2",72.74,1.35,11.335,0.36,1106,7.14,"nan","nan","nan","nan",7.0,1.4,2.135,0.271,302.2881,35.4767
479,"Roslund 5",71.47,0.23,8.416,0.1,418,7.77,6.8,2.5,2.087,0.474,8.1,1.1,2.31,0.174,302.589,33.8016
480,"NGC 6883",73.27,1.17,11.629,0.3,1380,7.53,"nan","nan","nan","nan",8.8,1.8,2.428,0.266,302.8295,35.8225
481,"Ruprecht 172",73.11,1.01,10.827,0.2,1100,8.91,"nan","nan","nan","nan",8.7,1.8,2.418,0.266,302.8864,35.6011
482,"NGC 6882",65.77,-3.84,7.732,0.02,342,8.16,"nan","nan","nan","nan",2.0,0.6,0.513,0.373,302.9312,26.8072
483,"IC 4996",75.35,1.31,13.053,0.6,1732,6.8,"nan","nan","nan","nan",14.1,3.6,3.042,0.335,304.1188,37.6326
484,"Collinder 419",78.07,2.79,10.4,0.34,740,6.85,"nan","nan","nan","nan",7.3,1.8,2.169,0.32,304.4978,40.7136
485,"Berkeley 86",76.66,1.27,13.021,0.9,1112,6.96,"nan","nan","nan","nan",5.7,2.0,1.864,0.445,305.0977,38.693
486,"NGC 6910",78.68,2.01,13.29,0.97,1139,7.33,"nan","nan","nan","nan",8.1,1.9,2.316,0.301,305.8019,40.7742
487,"Collinder 421",79.44,2.53,10.199,0.1,950,9.06,"nan","nan","nan","nan",3.7,0.8,1.295,0.295,305.8124,41.6946
488,"NGC 6913",76.9,0.6,13.338,0.98,1148,7.12,"nan","nan","nan","nan",4.1,1.0,1.431,0.333,305.977,38.5079
489,"Roslund 6",78.06,0.26,8.452,0.06,450,8.47,4.9,1.1,1.66,0.287,4.3,1.2,1.489,0.352,307.1968,39.2559
490,"Cyg OB2",80.21,0.79,14.91,1.3,1500,6.72,40.6,7.3,4.409,0.238,43.4,8.1,4.495,0.245,308.2988,41.3044
491,"NGC 6940",69.85,-7.15,10.083,0.21,770,8.94,11.5,1.4,2.77,0.162,9.7,1.0,2.56,0.145,308.6042,28.2734
492,"Alessi 12",67.41,-11.46,8.898,0.08,537,7.9,11.2,2.5,2.736,0.296,9.8,1.4,2.567,0.192,310.8725,23.7767
493,"Roslund 7",79.8,-4.22,9.845,0.2,700,8.67,9.4,1.3,2.494,0.184,9.5,1.5,2.51,0.212,313.0924,37.8925
494,"NGC 6991",87.39,1.6,9.225,0.0,700,9.11,10.6,1.1,2.643,0.143,8.3,1.1,2.334,0.174,313.6338,47.4446
495,"NGC 7039",87.88,-1.7,10.294,0.13,951,8.83,"nan","nan","nan","nan",11.7,2.4,2.769,0.271,317.6955,45.6206
496,"NGC 7058",92.9,0.59,8.196,0.06,400,8.35,"nan","nan","nan","nan",1.6,0.4,0.159,0.326,320.4723,50.8194
497,"NGC 7063",83.06,-9.88,9.47,0.09,689,8.08,6.5,1.3,2.009,0.255,7.4,1.8,2.178,0.321,321.0866,36.4896
498,"NGC 7082",91.16,-2.87,11.539,0.24,1442,7.91,16.4,2.3,3.201,0.19,22.2,3.5,3.595,0.208,322.2444,47.1253
499,"NGC 7092",92.41,-2.23,7.495,0.01,311,8.57,8.6,1.8,2.365,0.28,8.0,1.1,2.27,0.182,322.9458,48.4471
500,"IC 1396",99.28,3.74,11.065,0.47,835,6.69,17.8,2.8,3.299,0.21,19.8,3.2,3.439,0.215,324.7236,57.4834
501,"NGC 7160",104.0,6.46,10.584,0.35,794,7.66,"nan","nan","nan","nan",6.7,1.7,2.019,0.339,328.3931,62.5982
502,"NGC 7209",95.51,-7.36,10.831,0.16,1167,8.65,10.4,5.4,2.6,0.682,9.2,1.4,2.444,0.201,331.3136,46.4744
503,"NGC 7235",102.7,0.78,15.137,0.93,2823,6.76,"nan","nan","nan","nan",9.3,3.3,2.358,0.47,333.1046,57.2677
504,"NGC 7243",98.85,-5.52,10.219,0.22,808,8.09,14.9,1.5,3.073,0.133,14.5,1.7,3.039,0.16,333.7712,49.8977
505,"IC 1442",101.36,-2.2,13.526,0.54,2346,7.71,"nan","nan","nan","nan",22.8,7.0,3.559,0.403,334.1174,54.0506
506,"Pismis-Moreno 1",106.72,5.31,11.321,0.5,900,7.55,"nan","nan","nan","nan",5.2,1.3,1.693,0.327,334.6866,63.2692
507,"NGC 7281",104.44,0.29,12.598,0.5,1620,7.86,9.9,1.5,2.494,0.199,17.2,3.8,3.219,0.289,336.315,57.8151
508,"NGC 7380",107.1,-0.88,13.594,0.6,2222,6.72,21.0,8.5,3.436,0.531,24.7,6.5,3.645,0.346,341.7653,58.1164
509,"NGC 7438",106.7,-4.9,10.131,0.4,600,8.93,7.0,0.8,2.081,0.148,6.5,1.1,1.986,0.223,344.326,54.335
510,"Cep OB3",111.26,2.98,10.93,0.55,700,7.44,32.4,4.7,4.072,0.192,31.6,3.8,4.037,0.163,346.0436,63.3946
511,"NGC 7510",110.9,0.06,14.375,0.9,2075,7.22,"nan","nan","nan","nan",4.1,1.3,1.296,0.404,347.7608,60.565
512,"NGC 7654",112.81,0.43,12.778,0.65,1421,7.84,"nan","nan","nan","nan",7.9,1.7,2.193,0.286,351.1855,61.5862
513,"Czernik 43",112.84,0.13,14.16,0.7,2500,7.7,"nan","nan","nan","nan",20.4,5.0,3.356,0.322,351.4499,61.3124
514,"Stock 12",111.44,-8.48,8.165,0.05,400,8.45,4.9,2.7,1.613,0.737,4.7,0.8,1.557,0.229,353.8878,52.6902
515,"Aveni-Hunter 1",110.55,-12.58,8.805,0.1,500,8.26,9.7,1.1,2.504,0.157,10.0,2.7,2.55,0.354,354.4434,48.5128
516,"King 12",116.12,-0.13,13.71,0.59,2378,7.12,"nan","nan","nan","nan",16.7,4.1,3.091,0.319,358.242,61.966
517,"NGC 7788",116.43,-0.78,13.365,0.48,2374,7.48,"nan","nan","nan","nan",12.5,3.4,2.713,0.356,359.178,61.399
518,"NGC 7789",115.51,-5.38,12.525,0.22,2337,9.23,31.5,8.0,3.922,0.335,28.4,4.3,3.788,0.201,359.3092,56.7087
519,"Frolov 1",116.56,-0.57,13.901,0.6,2560,7.66,"nan","nan","nan","nan",16.7,5.1,3.078,0.395,359.3524,61.6315
520,"NGC 7790",116.58,-1.01,13.988,0.53,2944,7.91,"nan","nan","nan","nan",11.1,3.6,2.505,0.424,359.5829,61.2051
1001,"ASCC 1",118.15,0.19,13.506,0.16,4000,8.25,"nan","nan","nan","nan",36.9,7.0,3.962,0.25,2.3972,62.6726
1002,"ASCC 2",118.46,-6.89,10.706,0.1,1200,8.83,"nan","nan","nan","nan",15.3,3.0,3.054,0.256,4.9627,55.7072
1003,"ASCC 3",120.02,-7.48,11.679,0.17,1700,7.9,"nan","nan","nan","nan",12.8,3.5,2.789,0.359,7.7864,55.277
1004,"ASCC 4",123.13,-1.29,10.305,0.3,750,8.34,"nan","nan","nan","nan",12.2,1.9,2.785,0.206,13.2756,61.5811
1005,"ASCC 5",123.85,-7.02,11.655,0.25,1500,7.03,"nan","nan","nan","nan",8.1,2.3,2.194,0.374,14.4824,55.8402
1006,"ASCC 6",130.34,-4.34,11.326,0.3,1200,8.17,"nan","nan","nan","nan",13.5,2.4,2.866,0.239,26.7925,57.7279
1007,"ASCC 7",131.54,-2.77,13.055,0.5,2000,7.36,"nan","nan","nan","nan",22.6,5.6,3.468,0.324,29.7185,58.9701
1008,"ASCC 8",134.02,-1.33,13.417,0.55,2200,6.76,"nan","nan","nan","nan",34.3,6.9,3.98,0.265,35.1932,59.6047
1009,"ASCC 9",137.87,-1.76,15.102,0.9,2900,6.79,"nan","nan","nan","nan",24.9,6.2,3.469,0.325,41.7096,57.7256
1010,"ASCC 10",155.6,-17.79,9.535,0.1,700,8.65,"nan","nan","nan","nan",9.9,1.9,2.496,0.258,51.7394,35.0339
1011,"ASCC 11",150.56,-9.24,9.53,0.15,650,8.61,"nan","nan","nan","nan",7.6,1.3,2.158,0.23,53.0582,44.8344
1012,"ASCC 12",163.03,-1.86,8.96,0.15,500,8.42,"nan","nan","nan","nan",5.3,1.2,1.7,0.293,72.4718,41.7308
1013,"ASCC 13",163.4,3.26,10.135,0.2,800,7.71,18.4,5.2,3.281,0.372,20.1,3.0,3.396,0.195,78.3283,44.5804
1014,"ASCC 14",171.83,-1.03,10.765,0.18,1100,8.61,"nan","nan","nan","nan",9.5,2.0,2.384,0.279,80.1238,35.2249
1015,"ASCC 15",170.98,0.07,11.599,0.28,1400,8.6,"nan","nan","nan","nan",10.9,2.8,2.527,0.33,80.6436,36.5497
1016,"ASCC 16",200.98,-18.35,8.593,0.09,460,6.93,10.1,1.3,2.534,0.167,9.1,1.2,2.4,0.18,81.144,1.7984
1017,"ASCC 17",176.56,-3.08,12.497,0.32,2000,7.12,"nan","nan","nan","nan",22.6,5.3,3.393,0.307,81.2901,30.167
1018,"ASCC 18",202.08,-18.49,8.681,0.06,500,7.12,"nan","nan","nan","nan",11.5,1.9,2.708,0.218,81.5316,0.8193
1019,"ASCC 19",204.88,-19.47,7.751,0.01,350,7.64,8.5,0.8,2.331,0.128,10.2,1.5,2.567,0.191,81.9389,-1.9744
1020,"ASCC 20",201.67,-17.53,8.39,0.04,450,7.35,15.2,4.7,3.074,0.4,12.6,1.7,2.827,0.179,82.1808,1.627
1021,"ASCC 21",199.86,-16.49,8.588,0.03,500,7.11,14.9,2.8,3.042,0.247,13.7,1.8,2.93,0.177,82.2361,3.6455
1022,"ASCC 22",208.12,-7.92,11.5,0.2,1500,8.42,"nan","nan","nan","nan",10.4,2.3,2.463,0.294,93.622,0.6368
1023,"ASCC 23",167.52,14.42,9.108,0.07,600,8.45,9.1,1.5,2.383,0.225,7.7,1.4,2.163,0.245,95.0807,46.6697
1024,"ASCC 24",216.64,-8.23,8.444,0.14,400,6.96,"nan","nan","nan","nan",4.9,0.9,1.601,0.253,97.1805,-7.0213
1025,"ASCC 25",190.18,9.72,11.227,0.16,1400,8.86,"nan","nan","nan","nan",9.4,2.3,2.337,0.327,101.3749,24.5974
1026,"ASCC 26",206.35,3.06,9.918,0.13,800,8.09,"nan","nan","nan","nan",4.5,1.0,1.462,0.303,102.589,7.2506
1027,"ASCC 27",217.11,-1.46,10.675,0.09,1200,8.75,"nan","nan","nan","nan",9.4,2.2,2.384,0.308,103.4649,-4.3839
1028,"ASCC 28",213.38,0.5,9.67,0.05,800,8.34,"nan","nan","nan","nan",9.0,1.5,2.351,0.221,103.5088,-0.1708
1029,"ASCC 29",214.72,-0.12,9.53,0.05,750,8.06,"nan","nan","nan","nan",6.8,1.3,1.998,0.26,103.5682,-1.6461
1030,"ASCC 30",219.09,-1.6,9.98,0.15,800,8.2,"nan","nan","nan","nan",7.8,1.4,2.171,0.231,104.2454,-6.2096
1031,"ASCC 31",210.89,3.69,9.356,0.15,600,8.63,"nan","nan","nan","nan",3.7,0.9,1.202,0.314,105.2174,3.4967
1032,"ASCC 32",237.88,-9.61,9.623,0.08,750,8.18,10.4,1.7,2.58,0.214,13.4,1.9,2.907,0.186,105.4891,-26.5032
1033,"ASCC 33",236.67,-8.73,9.67,0.05,800,7.26,"nan","nan","nan","nan",28.6,3.0,3.891,0.141,105.7921,-25.0449
1034,"ASCC 34",209.67,6.99,8.826,0.04,550,8.55,"nan","nan","nan","nan",6.8,1.6,2.02,0.3,107.6217,6.0707
1035,"ASCC 35",213.46,5.68,9.701,0.06,800,8.49,"nan","nan","nan","nan",11.4,1.9,2.667,0.218,108.1571,2.1186
1036,"ASCC 36",234.31,-4.64,9.375,0.0,750,8.51,"nan","nan","nan","nan",5.2,1.1,1.658,0.291,108.6227,-21.1151
1037,"ASCC 37",237.69,-5.46,11.021,0.0,1600,8.73,"nan","nan","nan","nan",8.3,1.7,2.214,0.276,109.5107,-24.4823
1038,"ASCC 38",221.97,5.36,8.712,0.07,500,8.6,"nan","nan","nan","nan",5.4,1.1,1.714,0.265,111.7867,-5.5436
1039,"ASCC 39",237.95,-1.72,10.88,0.0,1500,8.71,"nan","nan","nan","nan",18.7,3.2,3.288,0.23,113.2471,-22.9481
1040,"ASCC 40",229.97,2.84,9.566,0.11,700,8.58,"nan","nan","nan","nan",4.3,0.9,1.425,0.285,113.3915,-13.7603
1041,"ASCC 41",219.35,12.35,7.903,0.02,370,8.44,"nan","nan","nan","nan",5.3,1.1,1.708,0.266,116.7546,0.0197
1042,"ASCC 42",266.41,-12.85,9.825,0.1,800,8.57,"nan","nan","nan","nan",11.9,2.4,2.786,0.271,118.2146,-53.0079
1043,"ASCC 43",244.73,-0.39,10.31,0.1,1000,8.28,"nan","nan","nan","nan",13.0,2.2,2.864,0.221,118.2662,-28.1676
1044,"ASCC 44",264.92,-10.47,10.765,0.18,1100,7.89,20.0,4.4,3.454,0.29,18.8,4.0,3.371,0.278,120.4124,-50.5693
1045,"ASCC 45",253.63,-0.31,14.246,0.6,3000,7.12,"nan","nan","nan","nan",31.2,7.4,3.907,0.311,123.9576,-35.6474
1046,"ASCC 46",264.44,-7.33,10.081,0.1,900,7.71,"nan","nan","nan","nan",15.5,2.9,3.129,0.247,124.1393,-48.5102
1047,"ASCC 47",258.26,0.31,10.081,0.1,900,7.88,15.4,2.5,3.103,0.216,17.9,3.2,3.3,0.235,127.9431,-39.0821
1048,"ASCC 48",257.39,1.61,8.01,0.0,400,9.09,5.4,0.5,1.758,0.12,4.4,1.0,1.498,0.287,128.6161,-37.6097
1049,"ASCC 49",259.31,3.47,9.833,0.02,900,8.14,"nan","nan","nan","nan",13.7,3.1,2.954,0.3,131.9636,-37.9875
1050,"ASCC 50",262.5,1.48,10.267,0.2,850,7.48,"nan","nan","nan","nan",12.0,2.3,2.786,0.252,132.5699,-41.7157
1051,"ASCC 51",286.24,-14.08,8.65,0.05,500,8.53,12.5,1.0,2.876,0.108,11.7,1.6,2.79,0.181,139.4901,-69.6862
1052,"ASCC 52",275.96,-2.41,11.004,0.04,1500,8.75,"nan","nan","nan","nan",17.9,2.8,3.332,0.21,141.985,-54.258
1053,"ASCC 53",280.56,-5.36,12.455,0.15,2500,8.12,"nan","nan","nan","nan",33.9,6.2,4.168,0.242,144.4791,-59.5416
1054,"ASCC 54",277.9,-0.9,10.551,0.05,1200,8.84,"nan","nan","nan","nan",11.3,1.8,2.736,0.21,146.1912,-54.435
1055,"ASCC 55",280.61,-2.09,10.796,0.19,1100,8.45,"nan","nan","nan","nan",9.3,1.8,2.49,0.249,148.569,-57.0745
1056,"ASCC 56",286.39,-6.87,9.856,0.11,800,8.08,10.1,1.1,2.608,0.143,11.1,2.1,2.728,0.251,152.0626,-64.3653
1057,"ASCC 57",287.97,-8.59,11.283,0.13,1500,8.7,"nan","nan","nan","nan",22.6,3.5,3.667,0.204,152.7125,-66.6755
1058,"ASCC 58",281.71,1.33,9.17,0.09,600,7.04,"nan","nan","nan","nan",9.6,1.4,2.521,0.195,153.7788,-54.9675
1059,"ASCC 59",283.78,-0.51,8.857,0.05,550,8.6,"nan","nan","nan","nan",7.4,1.0,2.192,0.177,155.0512,-57.6456
1060,"ASCC 60",285.67,-0.32,9.825,0.1,800,8.36,"nan","nan","nan","nan",3.7,0.9,1.289,0.313,158.2797,-58.4775
1061,"ASCC 61",286.41,1.94,11.865,0.23,1700,7.96,"nan","nan","nan","nan",25.4,3.8,3.816,0.199,161.5364,-56.8578
1062,"ASCC 62",288.43,-0.66,13.13,0.24,3000,7.5,"nan","nan","nan","nan",40.3,7.4,4.429,0.243,162.7145,-60.0921
1063,"ASCC 63",289.12,-0.67,14.115,0.45,3500,7.24,"nan","nan","nan","nan",24.4,5.7,3.775,0.308,163.9551,-60.4037
1064,"ASCC 64",290.14,-0.77,11.345,0.15,1500,7.92,"nan","nan","nan","nan",11.5,2.3,2.789,0.261,165.7611,-60.9208
1065,"ASCC 65",291.11,-0.57,13.96,0.4,3500,7.09,"nan","nan","nan","nan",40.8,6.3,4.457,0.204,167.7648,-61.1165
1066,"ASCC 66",289.29,4.84,10.31,0.1,1000,7.76,"nan","nan","nan","nan",12.3,2.5,2.864,0.272,168.399,-55.4189
1067,"ASCC 67",294.56,0.71,11.81,0.3,1500,7.67,"nan","nan","nan","nan",12.8,2.5,2.939,0.254,175.3728,-61.0197
1068,"ASCC 68",297.07,1.4,9.375,0.1,650,8.65,"nan","nan","nan","nan",4.9,0.8,1.656,0.206,180.7335,-60.9185
1069,"ASCC 69",299.04,-7.23,10.527,0.17,1000,7.91,"nan","nan","nan","nan",16.5,3.5,3.264,0.276,181.6351,-69.7618
1070,"ASCC 70",299.01,-1.83,13.242,0.35,2700,6.92,"nan","nan","nan","nan",43.1,9.0,4.566,0.276,183.7482,-64.4239
1071,"ASCC 71",299.99,-4.82,11.345,0.25,1300,7.88,"nan","nan","nan","nan",25.2,3.6,3.832,0.192,185.1742,-67.516
1072,"ASCC 72",300.69,1.84,10.703,0.16,1100,8.13,"nan","nan","nan","nan",13.2,2.2,2.983,0.221,188.2408,-60.9513
1073,"ASCC 73",301.49,-4.46,9.22,0.05,650,8.19,9.9,0.9,2.585,0.128,10.3,1.7,2.636,0.222,189.1337,-67.29
1074,"ASCC 74",308.66,3.57,8.857,0.05,550,8.5,"nan","nan","nan","nan",4.2,1.0,1.483,0.322,203.9486,-58.8076
1075,"ASCC 75",309.33,-0.24,13.316,0.3,3000,6.65,"nan","nan","nan","nan",25.9,6.4,3.955,0.326,206.7855,-62.4178
1076,"ASCC 76",308.97,-4.24,9.728,0.27,600,7.45,"nan","nan","nan","nan",8.0,1.7,2.315,0.275,208.0478,-66.3969
1077,"ASCC 77",312.0,-0.86,12.642,0.3,2200,6.99,30.6,3.8,4.152,0.169,29.9,5.2,4.123,0.23,212.6949,-62.3267
1078,"ASCC 78",314.77,-8.64,11.901,0.0,2400,8.48,"nan","nan","nan","nan",15.2,3.5,3.256,0.301,226.2653,-68.3841
1079,"ASCC 79",320.04,-2.86,10.011,0.16,800,6.86,"nan","nan","nan","nan",17.6,2.1,3.367,0.164,229.7918,-60.727
1080,"ASCC 80",320.92,-2.73,11.407,0.17,1500,7.93,"nan","nan","nan","nan",16.3,3.4,3.31,0.276,231.1435,-60.1399
1081,"ASCC 81",328.83,2.85,9.69,0.15,700,8.38,"nan","nan","nan","nan",7.6,1.5,2.269,0.263,236.7202,-50.9818
1082,"ASCC 82",320.55,-7.74,9.515,0.0,800,8.67,"nan","nan","nan","nan",9.5,1.8,2.569,0.248,236.8405,-64.4124
1083,"ASCC 83",328.1,1.11,9.356,0.15,600,8.4,"nan","nan","nan","nan",4.9,1.0,1.688,0.275,237.5471,-52.7983
1084,"ASCC 84",323.56,-5.44,10.236,0.15,900,7.68,"nan","nan","nan","nan",7.7,1.6,2.293,0.274,238.71,-60.7394
1085,"ASCC 85",339.89,-0.21,11.016,0.2,1200,7.42,"nan","nan","nan","nan",10.6,2.3,2.751,0.281,251.8701,-45.466
1086,"ASCC 86",330.63,-10.38,9.597,0.12,700,7.07,"nan","nan","nan","nan",13.5,2.4,3.019,0.231,255.4814,-59.0108
1087,"ASCC 87",355.15,8.02,10.577,0.26,900,8.52,18.4,1.9,3.454,0.141,21.9,3.7,3.677,0.225,255.7413,-28.4445
1088,"ASCC 88",349.88,3.08,12.944,0.5,1900,7.17,48.3,7.0,4.798,0.192,44.9,6.6,4.703,0.195,256.6845,-35.6042
1089,"ASCC 89",329.04,-14.56,8.805,0.1,500,7.03,16.8,2.8,3.288,0.218,19.6,2.2,3.486,0.153,260.8037,-62.641
1090,"ASCC 90",354.28,-1.91,9.425,0.3,500,8.81,"nan","nan","nan","nan",6.6,1.0,2.083,0.193,264.7683,-34.8035
1091,"ASCC 91",353.13,-4.93,9.825,0.1,800,8.65,"nan","nan","nan","nan",9.7,2.2,2.615,0.293,267.2166,-37.3579
1092,"ASCC 92",15.35,7.63,9.84,0.25,650,9.01,"nan","nan","nan","nan",8.2,1.9,2.368,0.304,267.7737,-11.883
1093,"ASCC 93",8.33,-1.04,12.858,0.28,2500,7.22,"nan","nan","nan","nan",30.8,6.4,4.259,0.273,272.0454,-22.2549
1094,"ASCC 94",15.54,0.92,10.267,0.2,850,8.78,"nan","nan","nan","nan",9.2,1.4,2.545,0.197,273.892,-14.991
1095,"ASCC 95",6.15,-4.27,11.872,0.32,1500,8.04,21.3,7.2,3.7,0.438,18.7,4.0,3.528,0.278,274.0085,-25.713
1096,"ASCC 96",0.63,-8.14,9.84,0.15,750,8.27,"nan","nan","nan","nan",6.5,1.2,2.074,0.242,275.0204,-32.3686
1097,"ASCC 97",14.16,-5.56,10.755,0.4,800,7.88,13.6,2.1,3.046,0.205,11.8,2.2,2.859,0.252,279.2274,-19.2221
1098,"ASCC 98",1.54,-12.94,9.639,0.04,800,8.33,"nan","nan","nan","nan",19.5,3.2,3.518,0.218,280.6437,-33.6364
1099,"ASCC 99",15.89,-7.91,7.701,0.15,280,8.71,"nan","nan","nan","nan",3.0,0.7,1.023,0.307,282.2613,-18.7294
1100,"ASCC 100",64.37,12.67,7.782,0.02,350,8.01,"nan","nan","nan","nan",3.7,0.7,1.271,0.257,285.3931,33.5667
1101,"ASCC 101",67.99,11.59,7.72,0.0,350,8.52,4.7,0.5,1.602,0.143,4.2,0.8,1.458,0.25,288.3993,36.3276
1102,"ASCC 102",63.27,6.64,10.88,0.0,1500,8.79,"nan","nan","nan","nan",11.1,2.5,2.759,0.295,291.2119,29.95
1103,"ASCC 103",69.48,7.22,9.225,0.0,700,8.37,"nan","nan","nan","nan",9.1,1.6,2.475,0.227,294.0403,35.6682
1104,"ASCC 104",54.9,-1.55,10.538,0.33,800,7.71,"nan","nan","nan","nan",15.5,2.4,3.181,0.209,294.7139,18.6919
1105,"ASCC 105",62.78,2.16,8.774,0.09,500,8.0,"nan","nan","nan","nan",11.3,1.5,2.754,0.174,295.4281,27.3755
1106,"ASCC 106",40.34,-10.73,9.58,0.35,500,8.42,"nan","nan","nan","nan",11.4,2.2,2.781,0.251,295.7771,1.5958
1107,"ASCC 107",58.86,-1.89,9.845,0.2,700,8.41,"nan","nan","nan","nan",2.9,0.7,0.999,0.303,297.1298,21.9557
1108,"ASCC 108",74.45,5.99,10.362,0.05,1100,8.64,"nan","nan","nan","nan",9.2,1.9,2.481,0.267,298.4462,39.3679
1109,"ASCC 109",70.33,3.51,8.266,0.0,450,8.31,"nan","nan","nan","nan",8.7,1.5,2.403,0.231,298.4957,34.5716
1110,"ASCC 110",70.45,1.4,9.98,0.15,800,8.75,"nan","nan","nan","nan",7.4,1.3,2.199,0.237,300.7441,33.5725
1111,"ASCC 111",74.62,2.08,11.951,0.3,1600,7.05,43.2,9.9,4.504,0.301,35.6,4.1,4.251,0.154,302.8009,37.45
1112,"ASCC 112",87.47,9.3,8.95,0.08,550,8.15,5.1,0.6,1.683,0.157,4.1,0.7,1.417,0.214,304.1134,52.0975
1113,"ASCC 113",82.88,-6.65,8.266,0.0,450,8.14,"nan","nan","nan","nan",7.3,0.9,2.171,0.168,317.9925,38.5988
1114,"ASCC 114",97.07,1.0,9.508,0.26,550,7.75,"nan","nan","nan","nan",3.1,0.6,1.041,0.241,325.0058,53.9681
1115,"ASCC 115",97.45,-2.54,9.356,0.15,600,8.59,"nan","nan","nan","nan",3.7,0.8,1.254,0.296,329.2167,51.4821
1116,"ASCC 116",99.49,-0.32,15.076,0.51,5000,7.03,"nan","nan","nan","nan",43.1,10.9,4.226,0.332,329.6382,54.4859
1117,"ASCC 117",104.85,5.39,11.326,0.3,1200,6.67,15.8,3.4,3.12,0.286,20.5,5.0,3.461,0.323,331.2519,62.2671
1118,"ASCC 118",104.48,4.21,10.701,0.3,900,7.02,"nan","nan","nan","nan",6.5,1.4,1.983,0.283,332.0865,61.0959
1119,"ASCC 119",97.73,-8.39,10.31,0.1,1000,8.83,"nan","nan","nan","nan",8.1,2.0,2.269,0.322,334.7998,46.8966
1120,"ASCC 120",104.73,-0.6,13.912,0.62,2500,7.08,"nan","nan","nan","nan",36.1,7.1,4.137,0.258,337.6399,57.207
1121,"ASCC 121",103.56,-2.59,12.92,0.3,2500,7.73,"nan","nan","nan","nan",26.6,5.0,3.741,0.247,337.6718,54.8989
1122,"ASCC 122",95.91,-15.9,9.535,0.1,700,6.98,"nan","nan","nan","nan",19.9,3.1,3.453,0.205,338.3056,39.6114
1123,"ASCC 123",104.74,-4.0,7.3,0.1,250,8.41,"nan","nan","nan","nan",10.9,1.6,2.669,0.194,340.6417,54.256
1124,"ASCC 124",101.73,-11.48,9.356,0.15,600,8.48,8.1,1.2,2.286,0.191,5.9,1.4,1.866,0.313,342.0255,46.2525
1125,"ASCC 125",110.17,2.76,13.081,0.71,1500,7.01,"nan","nan","nan","nan",45.2,8.4,4.467,0.244,344.0594,62.7419
1126,"ASCC 126",106.58,-8.46,9.825,0.1,800,7.26,"nan","nan","nan","nan",9.7,1.8,2.508,0.249,346.5702,51.0425
1127,"ASCC 127",112.26,4.13,8.03,0.1,350,7.82,8.9,1.1,2.408,0.17,9.2,1.4,2.445,0.205,347.1039,64.8453
1128,"ASCC 128",109.93,-5.96,10.174,0.13,900,8.44,11.6,1.3,2.725,0.154,12.0,2.0,2.769,0.219,350.1354,54.6009
1129,"ASCC 129",111.27,-5.37,10.558,0.18,1000,8.69,"nan","nan","nan","nan",8.5,1.6,2.309,0.247,351.9914,55.6003
1130,"ASCC 130",116.2,0.33,14.269,0.52,3400,7.03,"nan","nan","nan","nan",23.3,5.7,3.436,0.324,358.1872,62.4322
