"Seq","Name","l","Diam","R","Z","E(B-V)","logT","_RA","_DE"
1,"Trumpler 31",2,1.43,986,-39,0.35,8.87,269.975,-28.18333
2,"NGC 6520",2,2.29,1577,-78,0.43,7.72,270.85,-27.88333
3,"NGC 6530",6,5.42,1330,-31,0.33,6.87,271.125,-24.36667
4,"Bochum 14",6,0.34,578,-5,1.51,7.0,270.5,-23.7
5,"NGC 6514",7,6.65,816,-4,0.19,7.37,270.59583,-23.03
6,"NGC 6546",7,3.82,938,-23,0.49,7.85,271.9,-23.33333
7,"NGC 6531",7,2.91,1205,-7,0.28,7.07,271.05,-22.48333
8,"NGC 6494",9,5.3,628,31,0.36,8.48,269.25,-18.98333
9,"Markarian 38",11,0.86,1471,-24,0.4,6.88,273.82,-19.003
10,"Trumpler 33",12,2.55,1755,-99,0.36,7.68,276.175,-19.71667
11,"Collinder 469",12,1.29,1481,-20,0.42,7.8,274.1,-18.21667
12,"NGC 6603",12,6.28,3600,-82,0.79,8.3,274.6,-18.43333
13,"IC 4725",13,5.23,620,-48,0.48,7.96,277.925,-19.11667
14,"NGC 6613",14,1.88,1296,-23,0.45,7.22,275.0,-17.1
15,"Collinder 394",14,4.42,690,-112,0.24,7.8,283.1,-20.2
16,"NGC 6618",15,9.45,1300,-17,1.51,6.0,275.10833,-16.17667
17,"NGC 6716",15,2.3,789,-131,0.22,7.96,283.625,-19.9
18,"Blanco 1",15,5.48,269,-264,0.01,7.8,0.825,-30.13333
19,"NGC 6611",16,3.05,1749,24,0.78,6.88,274.7,-13.81667
20,"Trumpler 32",17,2.5,1720,39,0.64,8.48,274.375,-13.35
21,"NGC 6604",18,2.47,1696,50,0.97,6.81,274.5,-12.23333
22,"NGC 6631",19,4.54,2600,-8,0.45,8.6,276.8,-12.03333
23,"Ruprecht 147",21,1.27,174,-39,0.15,"nan",289.175,-16.3
24,"NGC 6649",21,1.99,1369,-19,1.2,7.57,278.375,-10.4
25,"NGC 6694",23,3.26,1600,-81,0.59,7.93,281.325,-9.38333
26,"NGC 6664",24,4.06,1164,-6,0.71,7.16,279.175,-8.21667
27,"NGC 6683",26,1.04,1197,-16,0.54,7.0,280.55,-6.28333
28,"NGC 6705",27,7.1,1877,-91,0.43,8.3,282.75,-6.26667
29,"Basel 1",27,3.17,2178,-74,0.48,7.89,282.05,-5.85
30,"NGC 6704",28,4.33,2974,-115,0.72,7.86,282.725,-5.2
31,"Trumpler 35",28,1.75,1206,0,1.22,7.86,280.725,-4.13333
32,"Collinder 359",29,17.37,249,54,0.19,7.51,270.15,2.93333
33,"IC 4665",30,7.17,352,103,0.17,7.63,266.575,5.71667
34,"Berkeley 79",31,4.01,2300,33,1.19,7.81,281.3,-1.21667
35,"Alessi 10",31,2.69,513,-184,0.22,8.35,301.2,-10.525
36,"Berkeley 81",33,4.36,3000,-131,1.0,9.0,285.4,-0.51667
37,"NGC 6994",35,1.62,620,-346,0.07,9.4,314.75,-12.63333
38,"NGC 6633",36,2.19,376,54,0.18,8.63,276.88,6.57
40,"IC 4756",36,5.49,484,44,0.19,8.7,279.63,5.49
41,"NGC 6755",38,5.79,1421,-42,0.83,7.72,286.95,4.23333
42,"NGC 6756",39,1.75,1507,-44,1.18,7.79,287.175,4.68333
43,"Alessi 19",40,14.08,550,121,0.04,8.0,274.6,12.025
44,"NGC 6709",42,4.38,1075,88,0.3,8.18,282.825,10.31667
45,"Berkeley 82",46,0.5,860,24,1.02,7.49,287.83333,13.11083
46,"Collinder 399",54,33.42,1291,44,0.38,8.2,291.35,20.18333
47,"NGC 6802",55,1.63,1124,18,0.85,8.87,292.65,20.26667
48,"Harvard 20",56,3.14,1540,-125,0.25,7.48,298.275,18.33333
49,"Roslund 3",58,2.13,1467,-120,0.35,8.04,299.675,20.48333
50,"NGC 6823",59,3.3,1893,-5,0.84,6.82,295.79167,23.29833
51,"NGC 6830",60,2.38,1639,-51,0.5,7.57,297.75,23.1
52,"Stock 1",60,7.45,320,13,0.15,"nan",293.95,25.21667
53,"Turner 1",63,1.95,1675,21,0.48,7.46,297.26667,27.29833
54,"NGC 7036",64,1.16,1000,-366,0.1,9.5,317.50833,15.51833
55,"NGC 6885",65,1.74,597,-42,0.08,9.16,303.0,26.48333
56,"NGC 6834",65,3.01,2067,43,0.71,7.88,298.05,29.41667
57,"Stephenson 1",66,2.27,390,104,0.04,7.73,283.5,36.81667
58,"Roslund 4",66,2.65,2510,-56,0.99,7.45,301.225,29.21667
59,"Alessi 12",67,6.25,537,-107,0.08,8.1,310.82917,23.775
60,"Saurer 6",67,4.89,9330,511,0.77,9.29,297.75,32.25
61,"NGC 6940",69,5.6,770,-96,0.21,8.86,308.6,28.28333
62,"NGC 6791",69,17.03,5853,1107,0.12,9.64,290.22083,37.77167
63,"Roslund 5",71,5.66,389,2,0.1,7.83,302.6,33.8
64,"NGC 6871",72,13.28,1574,56,0.44,6.96,301.5,35.78333
65,"Biurakan 2",72,6.43,1106,26,0.36,7.01,302.3,35.48333
66,"NGC 6819",73,3.43,2360,348,0.24,9.17,295.325,40.18667
67,"Basel 6",74,3.15,1548,89,0.58,7.98,301.7,38.35
68,"IC 4996",75,3.02,1732,39,0.67,6.95,304.125,37.63333
69,"Berkeley 87",75,1.84,633,3,1.37,7.15,305.42921,37.3705
70,"Dolidze 42",76,1.98,972,18,0.57,7.54,304.925,38.13333
71,"Berkeley 86",76,1.94,1112,25,0.9,7.12,305.05,38.69
72,"NGC 6913",76,3.34,1148,12,0.74,7.11,305.98333,38.52333
73,"IC 1311",77,7.76,5333,398,0.76,8.62,302.575,41.21667
74,"NGC 6910",78,3.31,1139,40,0.97,7.13,305.78333,40.775
75,"NGC 6811",79,4.95,1215,253,0.16,8.8,294.29167,46.375
76,"NGC 6866",79,5.91,1450,173,0.17,8.58,300.97917,44.15833
77,"NGC 7063",83,1.8,689,-118,0.09,7.98,321.1,36.48333
78,"Berkeley 54",83,2.68,2300,-166,0.77,9.6,315.8,40.46667
79,"NGC 7044",85,5.52,3161,-229,0.59,9.28,318.25,42.48333
80,"NGC 6996",86,1.44,620,1,0.54,8.0,314.10417,45.47
81,"NGC 7039",87,3.87,951,-28,0.13,7.82,317.7,45.61667
82,"Basel 12",88,1.71,1466,-32,0.57,8.5,317.625,46.23333
83,"Basel 14",88,1.4,964,-60,0.65,8.3,320.325,44.81667
84,"Basel 13",88,3.6,1236,-27,0.34,8.8,318.075,46.56667
85,"IC 1369",89,3.03,2083,-15,0.57,8.64,318.025,47.73333
86,"NGC 7062",89,2.15,1480,-71,0.45,8.46,320.825,46.38333
87,"Basel 15",90,2.36,1355,-2,0.67,8.5,318.975,48.85
88,"NGC 7082",91,10.49,1442,-73,0.24,8.23,322.25,47.13333
89,"NGC 7067",91,1.16,1332,-39,0.85,7.49,321.05,48.01667
90,"NGC 7031",91,3.67,900,36,0.85,8.14,316.80333,50.88194
91,"NGC 7092",92,2.75,326,-13,0.01,8.44,322.95,48.45
92,"Platais 1",92,3.69,1268,-36,0.36,8.24,322.50833,48.97667
93,"IC 5146",94,4.96,852,-82,0.59,8.02,328.38333,47.26833
94,"NGC 7086",94,4.53,1298,5,0.81,8.14,322.625,51.58333
95,"NGC 7209",95,4.76,1168,-149,0.17,8.62,331.325,46.48333
96,"NGC 6939",95,3.45,1185,253,0.32,9.35,307.875,60.66167
97,"NGC 7128",97,2.68,2307,17,1.02,7.25,326.0,53.71667
98,"NGC 7243",98,6.82,808,-78,0.22,8.06,333.775,49.9
99,"Trumpler 37",99,21.61,835,54,0.47,7.05,324.53625,57.44667
100,"IC 1442",101,3.41,2346,-90,0.54,6.98,334.125,54.05
101,"NGC 7245",101,3.06,2106,-68,0.47,8.25,333.825,54.33333
102,"NGC 7226",101,1.52,2616,-27,0.54,8.44,332.625,55.41667
103,"NGC 7235",102,4.11,2823,39,0.93,7.07,333.1,57.26667
104,"NGC 7772",102,1.31,1500,-1047,0.03,9.17,357.94167,16.24667
105,"Berkeley 94",103,2.3,2630,-54,0.61,7.0,335.725,55.87333
106,"Berkeley 96",103,1.8,3087,-111,0.63,6.82,337.47083,55.40833
107,"NGC 7160",104,1.15,789,89,0.38,7.28,328.4,62.6
108,"NGC 7261",104,2.44,1681,27,0.97,7.67,335.1,58.08333
109,"Berkeley 93",105,3.26,5600,713,1.5,8.0,329.05,63.93333
110,"NGC 7142",105,5.89,1686,278,0.4,9.28,326.2875,65.775
111,"Pismis-Moreno 1",106,1.57,900,83,"nan","nan",334.7,63.26667
112,"NGC 7380",107,12.93,2222,-34,0.6,7.08,341.775,58.11667
113,"King 10",108,3.93,3379,-23,1.14,7.45,343.725,59.16667
114,"NGC 7419",109,2.01,1382,27,1.83,7.28,343.575,60.83333
115,"Collinder 285",109,9.9,25,18,0.0,8.3,220.225,69.56667
116,"King 19",110,2.86,1967,5,0.55,8.56,347.075,60.51667
117,"NGC 7510",110,3.62,2075,2,0.86,7.58,347.75,60.56667
118,"Markarian 50",111,1.23,2114,-8,0.81,7.1,348.809,60.448
119,"NGC 7654",112,6.2,1421,11,0.65,7.76,351.2,61.58333
120,"Stock 17",115,0.62,2144,10,0.74,6.78,356.5,62.18333
121,"NGC 7789",115,16.99,2337,-219,0.22,9.24,359.35,56.70833
122,"King 21",115,2.45,2103,25,0.89,7.16,357.475,62.71667
123,"Berkeley 99",115,7.13,4900,860,0.3,9.5,350.4,71.75
124,"King 12",116,2.08,2378,-5,0.59,7.04,358.25,61.96667
125,"NGC 7788",116,2.76,2374,-32,0.28,7.59,359.2,61.4
126,"NGC 7790",116,4.28,2944,-52,0.53,7.75,359.6,61.21667
127,"Berkeley 58",116,5.4,3715,-84,0.55,8.4,0.0,60.96667
128,"King 11",117,4.21,2892,326,1.27,9.05,356.95,68.63333
129,"NGC 7762",117,3.03,744,76,0.71,8.42,357.45,68.03333
130,"Berkeley 60",118,3.81,4365,-125,0.86,8.2,4.4225,60.96111
131,"Berkeley 2",119,3.05,5250,-211,0.8,8.9,6.325,60.4
132,"NGC 103",119,3.52,3026,-73,0.41,8.13,6.325,61.35
133,"NGC 129",120,8.98,1625,-72,0.55,7.89,7.5,60.21667
134,"NGC 136",120,1.79,4093,-91,0.56,8.3,7.875,61.53333
135,"NGC 133",120,1.28,630,6,0.6,7.0,7.8,63.36667
136,"King 14",120,4.53,2593,17,0.41,7.92,7.975,63.16667
137,"King 15",120,2.76,3162,-51,0.7,8.4,8.2325,61.85944
138,"NGC 146",120,6.17,3032,27,0.48,7.82,8.275,63.3
139,"NGC 189",121,0.66,752,-23,0.42,7.0,9.9,61.06667
140,"Stock 24",121,4.1,2818,-44,0.5,8.08,9.925,61.95
141,"NGC 225",122,2.29,657,-12,0.27,8.11,10.925,61.78333
142,"NGC 188",122,10.12,2047,780,0.08,9.63,12.10833,85.255
143,"King 2",122,8.36,5750,-470,0.31,9.78,12.75,58.18333
144,"IC 1590",123,24.8,2940,-320,0.32,6.54,13.2,56.63333
145,"Alessi 1",123,4.22,302,-69,0.09,8.2,13.25,49.55
146,"Berkeley 62",123,2.67,1837,35,0.85,7.18,15.25,63.95
147,"NGC 366",124,1.82,1785,-18,1.26,7.41,16.625,62.23333
148,"NGC 381",124,2.0,1148,-24,0.4,8.5,17.08292,61.58389
149,"NGC 433",125,1.35,2323,-106,0.86,7.5,18.8,60.13333
150,"NGC 436",126,4.38,3014,-205,0.46,7.93,18.9,58.81667
151,"NGC 457",126,14.13,2429,-186,0.47,7.32,19.91667,58.28833
152,"NGC 559",127,2.2,1258,16,0.79,7.75,22.34,63.28
153,"Collinder 463",127,5.92,702,117,0.26,8.37,26.725,71.8
154,"NGC 609",127,3.47,3981,145,0.35,9.23,24.10375,64.53667
155,"NGC 581",128,3.19,2194,-69,0.38,7.34,23.35,60.65
156,"Trumpler 1",128,2.24,2563,-51,0.58,7.48,23.925,61.28333
157,"Platais 2",128,19.61,201,-102,"nan",8.6,18.45833,32.02833
158,"NGC 637",128,1.88,2160,65,0.63,6.98,25.775,64.03333
159,"NGC 654",129,2.97,2041,-13,0.87,7.15,26.0,61.88333
160,"NGC 659",129,2.82,1938,-53,0.65,7.55,26.1,60.66667
161,"NGC 663",129,7.95,1952,-32,0.78,7.21,26.55,61.23333
162,"IC 166",130,8.08,3970,-13,1.05,8.63,28.125,61.83333
163,"Berkeley 7",130,2.99,2570,17,0.8,6.6,28.55,62.36667
164,"Berkeley 64",131,2.32,3981,320,1.05,9.0,35.26167,65.89667
165,"NGC 744",132,1.76,1207,-130,0.38,8.25,29.65,55.46667
166,"Stock 2",133,3.97,303,-10,0.38,8.23,33.6,59.26667
167,"Basel 10",134,1.13,1944,-89,0.77,7.61,34.7,58.31667
168,"NGC 869",134,10.89,2079,-136,0.58,7.07,34.775,57.15
169,"Stock 7",134,1.02,698,0,0.61,7.21,37.4,60.71667
170,"IC 1805",134,10.97,1886,30,0.82,6.82,38.175,61.45
171,"NGC 884",135,12.28,2345,-146,0.56,7.03,35.5,57.13333
172,"Czernik 13",135,4.61,3961,160,0.76,6.85,41.175,62.35
173,"NGC 1027",135,4.49,772,21,0.32,8.2,40.65,61.63333
174,"Czernik 8",135,0.82,1409,-39,0.8,7.9,38.25,58.73333
175,"Berkeley 65",135,3.31,2274,11,1.12,7.0,39.75,60.41667
176,"King 4",136,4.61,3172,-66,0.86,7.6,38.925,59.0
177,"NGC 957",136,5.28,1815,-84,0.84,7.04,38.35,57.56667
178,"NGC 752",137,9.97,457,-180,0.03,9.05,29.42083,37.785
179,"IC 1848",137,10.48,2002,32,0.6,6.84,42.3375,60.63417
180,"Trumpler 2",137,3.22,651,-44,0.32,8.17,39.225,55.91667
181,"Platais 3",139,10.18,161,45,"nan",8.6,70.40417,71.23667
182,"Berkeley 66",139,6.05,5200,20,1.25,9.7,46.075,58.76667
183,"NGC 1220",143,2.09,1800,-124,0.7,7.78,47.925,53.33333
184,"King 6",143,2.53,871,-1,0.5,8.34,52.01458,56.45833
185,"NGC 1039",143,5.08,499,-134,0.07,8.25,40.525,42.76667
186,"NGC 1502",143,1.91,821,109,0.76,7.05,61.975,62.33333
187,"King 5",143,2.76,1900,-142,"nan",9.0,48.65,52.71667
188,"NGC 1245",146,7.53,2876,-446,0.3,8.7,48.675,47.25
189,"NGC 1193",146,3.75,4300,-909,0.12,9.9,46.38333,44.38333
190,"Melotte 20",146,16.12,185,-23,0.09,7.85,51.5,49.11667
191,"IC 361",147,1.87,1070,106,1.12,7.72,64.75,58.3
192,"NGC 1444",148,1.4,1199,-27,0.71,7.96,57.35,52.66667
193,"King 7",149,4.48,2200,-39,1.25,8.8,59.75,51.8
194,"NGC 1496",149,1.43,1230,4,0.45,8.8,61.1,52.61667
195,"Waterloo 1",151,6.4,4400,137,0.9,"nan",64.88717,52.97822
196,"NGC 1528",152,3.61,776,3,0.26,8.57,63.85,51.21667
197,"Alessi 2",152,4.37,501,55,0.18,8.5,71.6,55.25
198,"NGC 1513",152,3.84,1320,-36,0.67,8.11,62.65,49.51667
199,"NGC 1545",153,3.72,711,2,0.3,8.45,65.225,50.25
200,"NGC 1342",154,2.9,665,-176,0.32,8.66,53.31029,37.41786
201,"Berkeley 11",157,4.19,2881,-183,0.95,7.72,65.15,44.91667
202,"NGC 1605",158,4.47,2552,-71,0.97,7.61,68.75,45.25
203,"Ruprecht 148",160,3.52,3028,-21,0.7,7.72,71.64537,44.70978
204,"IC 348",160,0.78,385,-117,0.93,7.64,56.14167,32.16333
205,"Berkeley 12",161,3.68,3162,-110,0.7,9.67,71.15583,42.67722
206,"NGC 1664",161,3.14,1199,-9,0.25,8.46,72.8,43.66667
207,"Berkeley 69",162,5.86,1678,-70,0.67,8.39,81.15,32.65
208,"Berkeley 14",162,8.0,5500,68,0.52,9.2,75.1,43.48333
209,"Berkeley 18",163,20.25,5800,507,0.46,9.63,80.55,45.4
210,"Melotte 22",166,5.23,150,-60,0.03,8.13,56.85,24.11667
211,"Berkeley 70",166,7.26,4158,260,0.48,9.67,81.43583,41.89583
212,"Czernik 20",168,3.92,3370,78,0.42,7.17,80.025,39.46667
213,"Waterloo 2",168,0.66,570,31,0.17,"nan",82.00417,40.37167
214,"NGC 1778",168,3.42,1469,-52,0.34,8.16,77.0,37.01667
215,"Stock 10",171,2.76,380,24,0.06,8.35,84.75,37.93333
216,"NGC 1912",172,6.2,1066,13,0.25,8.46,82.17917,35.855
217,"NGC 1907",172,3.17,1556,8,0.42,8.57,82.025,35.325
218,"Stock 8",173,7.42,1821,-9,0.44,7.06,82.05,34.41667
219,"NGC 1893",173,10.5,3280,-96,0.58,7.03,80.675,33.41667
220,"NGC 1931",173,4.49,3086,15,0.74,7.0,82.86083,34.24944
222,"NGC 1960",174,3.83,1318,25,0.22,7.47,84.05,34.14
223,"NGC 2281",174,4.06,558,162,0.06,8.55,102.075,41.08333
224,"Berkeley 17",175,5.5,2700,-172,0.7,10.08,80.15,30.6
225,"King 8",176,7.45,6403,346,0.58,8.62,87.35,33.63333
226,"Berkeley 19",176,5.62,4831,-302,0.4,9.49,81.025,29.6
227,"NGC 2099",177,5.63,1383,75,0.3,8.54,88.07917,32.55333
228,"NGC 1758",179,1.99,760,-138,0.34,8.6,76.1,23.78333
229,"NGC 1750",179,3.67,630,-117,0.34,8.3,75.975,23.65
230,"Basel 4",179,8.25,5675,119,0.53,7.0,87.125,30.21667
231,"Melotte 25",180,4.31,45,-17,0.01,8.9,66.725,15.86667
232,"NGC 1647",180,6.28,540,-156,0.37,8.16,71.475,19.11667
233,"Platais 4",180,16.37,276,-52,"nan",8.0,76.84167,22.27833
234,"NGC 1817",186,9.18,1972,-447,0.33,8.61,78.05,16.68333
235,"IC 2157",186,2.97,2040,45,0.55,7.8,91.25,24.0
236,"NGC 2129",186,2.2,1515,1,0.65,7.32,90.275,23.31667
237,"Kharchenko 1",186,5.13,2520,95,"nan","nan",92.2,24.33167
238,"NGC 2168",186,5.93,816,32,0.26,7.98,92.275,24.35
239,"NGC 2158",186,7.38,5071,158,0.36,9.02,91.85417,24.09667
240,"Berkeley 21",186,7.27,5000,-219,0.76,9.34,87.925,21.78333
241,"Basel 11b",187,1.48,1692,-33,0.32,7.82,89.55,21.96667
242,"NGC 1662",187,2.54,437,-157,0.3,8.62,72.1,10.93333
243,"NGC 2266",187,4.95,3400,608,0.1,8.8,100.8,26.96667
244,"NGC 2175",190,2.37,1627,14,0.6,6.95,92.425,20.5
245,"Berkeley 23",192,8.05,6918,657,0.4,8.9,98.36875,20.54639
246,"Collinder 69",195,8.98,441,-92,0.1,7.05,83.8,9.7
247,"NGC 2169",195,1.53,1052,-54,0.2,7.07,92.13542,13.96583
248,"NGC 2304",197,3.48,3991,617,0.1,8.9,103.75375,18.02056
249,"NGC 2194",197,9.9,3781,-155,0.38,8.52,93.42667,12.80167
250,"Berkeley 29",197,25.95,14871,2076,0.16,9.02,103.2675,16.9275
251,"NGC 2141",198,11.73,4033,-408,0.25,9.23,90.775,10.43333
252,"NGC 2420",198,4.49,3085,1036,0.03,9.05,114.59583,21.57333
253,"Collinder 74",198,3.65,2510,-453,0.38,9.11,87.125,7.4
254,"Berkeley 22",199,2.23,7663,-1073,0.7,9.03,89.6,7.83333
255,"NGC 2259",201,2.89,3311,120,0.59,8.5,99.64333,10.89
256,"Trumpler 5",202,12.22,3000,55,0.58,9.61,99.175,9.43333
257,"NGC 2264",202,7.57,667,26,0.05,6.95,100.25,9.88333
258,"NGC 2355",203,4.48,2200,450,0.12,8.85,109.25,13.78333
259,"Berkeley 20",203,4.89,8400,-2494,0.12,9.78,83.25,0.21667
260,"NGC 2186",203,2.1,1445,-156,0.27,7.74,93.025,5.46667
261,"NGC 2251",203,3.87,1329,2,0.19,8.43,98.65,8.36667
262,"Basel 8",203,11.2,1328,-3,0.37,8.01,98.55,8.01667
263,"Basel 7",203,2.45,1684,16,0.4,8.03,99.15,8.35
264,"NGC 2254",204,3.44,2364,2,0.4,8.31,99.0,7.66667
265,"NGC 2236",204,5.97,2930,-87,0.48,8.54,97.425,6.83333
266,"NGC 2395",204,2.09,512,124,0.12,9.07,111.775,13.58333
267,"Collinder 70",205,15.76,387,-115,0.04,6.98,83.875,-1.1
268,"Platais 6",205,25.49,348,-38,"nan",7.78,93.85833,3.845
269,"Collinder 97",205,4.58,630,-19,0.0,8.0,97.825,5.95
270,"NGC 2112",205,4.45,850,-186,0.63,9.3,88.4375,0.41
271,"NGC 2632",205,3.81,187,100,0.01,8.86,130.1,19.68333
272,"Berkeley 31",206,12.03,8272,738,0.08,9.31,104.4,8.26667
273,"NGC 2244",206,12.19,1445,-52,0.46,6.9,97.975,4.93333
274,"Collinder 107",207,14.66,1738,-27,0.54,7.0,99.625,4.63333
275,"NGC 2269",207,1.47,1687,9,0.4,8.42,100.82125,4.62444
276,"Berkeley 32",207,5.41,3100,238,0.16,9.53,104.525,6.43333
277,"Collinder 96",207,3.36,962,-57,0.51,7.03,97.575,2.86667
278,"VDB 1, vdBergh 1",208,2.45,1687,-53,0.71,8.02,99.278,3.079
279,"NGC 1976",209,5.45,399,-132,0.05,7.11,83.82208,-5.39111
280,"Collinder 110",209,10.21,1950,-67,0.5,9.15,99.64583,2.04
281,"Berkeley 28",210,2.23,2557,67,0.76,7.85,103.03307,2.91123
282,"Berkeley 30",210,4.18,4790,389,0.5,8.48,104.425,3.21667
283,"Dolidze 25",211,36.67,6304,-140,0.72,6.84,101.275,0.3
284,"Bochum 2",212,1.16,2661,-18,0.83,6.66,102.225,0.38333
285,"NGC 2301",212,3.55,872,4,0.03,8.22,102.95,0.46667
286,"NGC 2324",213,7.75,3805,219,0.13,8.63,106.05,1.05
287,"Saurer 1",214,13.93,11970,1425,0.12,9.85,110.225,1.8
288,"NGC 2232",214,4.7,359,-46,0.03,7.73,97.00833,-4.84667
289,"NGC 2286",215,11.8,2897,-115,0.17,8.88,101.9,-3.16667
290,"NGC 2682",215,6.6,908,476,0.06,9.41,132.825,11.8
291,"NGC 2215",215,2.63,1293,-227,0.3,8.37,95.2,-7.28333
292,"NGC 2311",217,4.0,2290,-28,0.33,8.6,104.45,-4.61667
293,"Bochum 3",218,2.05,1762,11,0.24,7.89,105.85,-5.06667
294,"NGC 2302",219,1.72,1182,-64,0.21,7.85,102.975,-7.08333
295,"NGC 2309",219,3.65,2511,-98,0.35,8.4,104.05,-7.2
296,"Melotte 111",221,3.35,96,95,0.01,8.65,185.625,25.85
297,"NGC 2323",221,3.78,929,-22,0.21,8.1,105.7,-8.37667
298,"Berkeley 39",223,9.73,4730,838,0.12,9.9,116.675,-4.6
299,"NGC 2335",223,2.47,1417,-29,0.39,8.21,106.70417,-10.02833
300,"NGC 2343",224,1.54,1056,-22,0.12,7.1,107.025,-10.61667
301,"NGC 2353",224,5.86,1119,8,0.07,7.97,108.625,-10.26667
302,"Berkeley 33",225,5.39,4635,-374,0.7,8.85,104.425,-13.21667
303,"NGC 2204",226,7.65,2629,-729,0.08,8.9,93.7875,-18.64333
304,"NGC 2345",226,7.86,2251,-91,0.62,7.85,107.075,-13.18333
305,"Haffner 8",227,1.72,1182,28,0.03,9.15,110.85,-12.33333
306,"Haffner 6",227,5.33,3054,14,0.45,8.83,109.98833,-13.16083
307,"NGC 2548",227,6.71,769,204,0.03,8.56,123.425,-5.75
308,"Basel 11a",228,2.21,1520,-21,0.0,8.3,109.275,-13.96667
309,"NGC 2374",228,5.12,1468,26,0.09,8.46,110.975,-13.26667
310,"Platais 5",228,23.71,272,-88,"nan",7.78,92.4,-22.15167
311,"Melotte 71",228,6.42,3154,247,0.11,8.37,114.33417,-12.09806
312,"NGC 2401",229,3.43,5888,190,0.35,7.8,112.35,-13.96667
313,"NGC 2360",229,7.14,1887,-47,0.11,8.75,109.425,-15.63333
314,"Waterloo 7",230,2.12,2800,30,0.42,"nan",111.53333,-15.09333
315,"NGC 2423",230,2.67,766,47,0.1,8.87,114.275,-13.86667
316,"NGC 2506",230,12.08,3460,597,0.08,9.04,120.00417,-10.77
317,"Czernik 29",230,6.06,4168,68,0.48,8.3,112.075,-15.4
318,"Haffner 10",230,4.58,5248,92,0.52,9.1,112.15,-15.38333
319,"NGC 2422",230,3.56,490,27,0.07,7.86,114.15,-14.48333
320,"NGC 2287",231,7.86,693,-126,0.03,8.38,101.5,-20.76667
321,"NGC 2414",231,5.03,3455,117,0.51,6.98,113.3,-15.45
322,"NGC 2425",231,5.89,4053,231,0.31,9.2,114.575,-14.86667
323,"NGC 2437",231,8.0,1375,97,0.15,8.39,115.425,-14.81667
324,"Tombaugh 1",232,4.36,3000,-382,0.4,9.0,105.12083,-20.56667
325,"Bochum 5",232,3.8,872,12,0.19,7.54,112.75,-16.93333
326,"Bochum 4",232,3.33,2291,31,0.63,7.0,112.9,-17.18333
327,"Tombaugh 2",232,11.57,13260,-1588,0.08,9.01,105.85,-20.85
328,"NGC 2539",233,3.57,1363,263,0.08,8.57,122.675,-12.83333
329,"Bochum 6",234,11.58,3981,-15,0.7,7.0,113.0,-19.43333
330,"Collinder 121",235,12.19,471,-84,0.03,7.05,103.675,-24.3
331,"NGC 2383",235,2.41,1655,-71,0.21,7.17,111.17083,-20.945
332,"NGC 2384",235,3.08,2116,-88,0.26,6.9,111.3,-21.02333
333,"NGC 2432",235,3.32,1905,59,0.23,8.8,115.325,-19.15
334,"NGC 2367",235,2.91,2004,-134,0.33,6.74,110.025,-21.88333
335,"NGC 2421",236,4.44,2181,3,0.45,7.37,114.05,-20.61667
336,"Alessi 13",236,13.41,110,-90,0.04,"nan",53.5,-35.31667
337,"NGC 2362",238,2.02,1389,-134,0.1,6.91,109.65,-24.98333
338,"Trumpler 7",238,2.14,1474,-86,0.27,7.43,111.8375,-23.95667
339,"Ruprecht 46",238,0.66,752,77,0.07,9.6,120.54167,-19.465
340,"NGC 2354",238,21.39,4085,-483,0.31,8.13,108.52917,-25.74
341,"NGC 2243",239,6.48,4458,-1379,0.05,9.03,97.39167,-31.28333
342,"Ruprecht 18",239,2.15,1056,-91,0.7,7.65,111.2,-26.21667
343,"NGC 2447",240,3.02,1037,2,0.05,8.59,116.15,-23.86667
344,"Ruprecht 32",241,7.78,5346,-53,0.5,7.08,116.2425,-25.51139
345,"NGC 2482",241,3.91,1343,48,0.09,8.6,118.8,-24.26667
346,"Haffner 16",242,4.6,3165,26,0.18,7.08,117.58333,-25.45333
347,"Ruprecht 20",242,1.76,1208,-121,0.1,8.5,111.67083,-28.83
348,"Waterloo 3",242,3.03,5200,131,0.34,"nan",118.775,-25.365
349,"Ruprecht 36",242,2.44,1681,-10,0.17,7.61,117.09167,-26.30333
350,"Collinder 132",242,10.98,472,-72,0.04,7.08,108.4,-31.03333
351,"Trumpler 9",243,3.33,2289,51,0.25,8.0,118.925,-25.885
352,"Haffner 19",243,2.96,5094,47,0.42,6.93,118.175,-26.25
353,"Haffner 18",243,3.51,6028,47,0.61,6.89,118.125,-26.36667
354,"NGC 2467",243,5.52,1355,9,0.34,7.1,118.08042,-26.44167
355,"NGC 2453",243,2.5,2150,-35,0.45,7.19,116.89583,-27.195
356,"Ruprecht 49",244,1.06,1823,72,0.26,7.93,120.8125,-26.77333
357,"NGC 2483",244,3.38,1659,7,0.3,7.09,118.9,-27.9
358,"Haffner 21",244,2.58,2951,84,0.11,7.92,120.3,-27.16667
359,"Collinder 140",244,3.42,405,-56,0.03,7.55,110.825,-32.06667
360,"Ruprecht 44",245,13.76,4730,40,0.62,6.94,119.725,-28.58333
361,"NGC 2527",246,1.75,601,19,0.04,8.65,121.25,-28.15
362,"NGC 2439",246,10.09,3855,-300,0.41,7.25,115.2,-31.68333
363,"NGC 2489",246,6.91,3957,-53,0.37,7.26,119.075,-30.06667
364,"Haffner 20",246,2.72,3117,-51,0.57,8.12,119.075,-30.4
365,"Haffner 17",247,1.68,2880,-127,1.26,7.7,117.86833,-31.84
366,"NGC 2533",247,4.91,3379,77,0.05,8.88,121.75,-29.9
367,"Haffner 15",247,1.81,2078,-151,1.14,7.17,116.375,-32.84167
368,"Bochum 15",247,2.45,2806,-268,0.58,6.74,115.025,-33.55
369,"Arp Madore 2, Arp-Mado. 2",248,7.76,13341,-1366,0.57,9.34,114.69167,-33.84333
370,"Ruprecht 47",248,3.5,3006,-10,0.28,7.89,120.575,-31.07833
371,"Collinder 135",248,4.6,316,-61,0.03,7.41,109.45,-37.16667
372,"NGC 2571",249,3.12,1342,83,0.14,7.49,124.75,-29.75
373,"NGC 2567",249,3.41,1677,87,0.13,8.47,124.63333,-30.63333
374,"Ruprecht 55",250,7.12,4892,69,0.56,6.85,123.125,-32.58333
375,"NGC 2627",251,4.73,2034,236,0.09,8.57,129.3,-29.95
376,"NGC 2451B",252,9.49,302,-35,0.06,7.65,116.1,-37.66667
377,"NGC 2588",252,2.29,5248,224,0.3,8.6,125.8,-32.98333
378,"Ruprecht 59",253,0.76,874,14,0.09,7.73,124.82917,-34.485
379,"NGC 2477",253,5.33,1222,-124,0.28,8.85,118.025,-38.53333
380,"VDBH 23",254,4.96,437,-7,0.06,7.1,123.6,-36.4
381,"NGC 2658",254,3.53,2021,214,0.04,9.15,130.85,-32.65
382,"NGC 2579",254,2.1,1033,4,0.15,7.61,125.22083,-36.21333
383,"NGC 2546",254,18.71,919,-32,0.13,7.87,122.975,-37.61667
384,"Collinder 185",255,2.59,1486,14,0.21,8.11,125.825,-36.33333
385,"Pismis 1",255,5.15,5907,-73,0.58,7.93,124.45,-37.08333
386,"NGC 2635",255,1.67,5754,397,0.35,8.5,129.61667,-34.76
387,"Pismis 3",257,2.03,1394,12,1.3,9.03,127.75,-38.66667
388,"Alessi 3",257,6.03,288,-76,0.11,8.7,109.1,-46.6
389,"Saurer 2",257,5.47,4700,-82,1.24,9.4,126.375,-39.63333
390,"Pismis 2",258,3.85,3310,-193,0.05,9.06,124.47917,-41.67167
391,"Pismis 5",259,0.51,869,14,0.42,7.2,129.40833,-39.58389
392,"Ruprecht 72",259,2.63,3019,230,0.24,9.1,133.025,-37.6
393,"Ruprecht 158",259,2.42,4168,323,0.24,9.2,133.075,-37.56667
394,"Melotte 66",259,17.56,4313,-1061,0.14,9.44,111.59583,-47.66667
395,"Collinder 173",261,45.22,421,-60,0.05,7.14,120.9,-46.28333
396,"Collinder 197",261,6.09,838,14,0.55,7.13,131.16667,-41.27667
397,"NGC 2818",261,4.86,1855,277,0.12,8.63,139.0069,-36.62743
398,"NGC 2671",262,2.9,1660,23,1.04,7.9,131.55,-41.88333
399,"Trumpler 10",262,3.58,424,5,0.03,7.54,131.925,-42.45
400,"Ruprecht 67",262,2.62,1504,-21,0.43,8.26,130.4,-43.36667
401,"Pismis 4",262,4.31,593,-25,0.01,7.53,128.67458,-44.395
402,"NGC 2659",264,2.49,1713,-3,0.51,6.89,130.65,-44.98333
403,"NGC 2547",264,3.31,455,-68,0.04,7.56,122.60708,-49.1675
404,"NGC 2645",264,1.46,1668,-85,0.38,7.28,129.76667,-46.22667
405,"Waterloo 6",264,0.92,1578,-73,0.24,7.67,130.1,-46.13333
406,"Pismis 8",265,1.14,1312,-59,0.71,7.43,130.39583,-46.27333
407,"Bochum 7",265,33.48,5754,197,0.86,7.0,131.2,-45.96667
408,"NGC 2660",265,2.88,2826,-149,0.31,9.03,130.65833,-47.2
409,"IC 2395",266,3.49,705,-44,0.07,7.22,130.65417,-48.11333
410,"Platais 9",266,20.0,174,10,"nan",8.0,138.44583,-43.74
411,"NGC 2670",267,2.42,1188,-75,0.43,7.69,131.375,-48.8
412,"Collinder 205",269,2.7,1853,-60,0.75,7.2,135.125,-48.98333
413,"IC 2391",270,3.05,175,-21,0.01,7.66,130.15,-53.03333
414,"NGC 2669",270,6.09,1046,-111,0.18,7.93,131.6,-52.93333
415,"Pismis 11",271,1.63,2800,-20,1.25,7.34,138.95,-50.01667
416,"NGC 2866",273,1.11,1901,-25,0.63,7.66,140.51833,-51.10222
417,"Ruprecht 76",273,1.84,1262,-21,0.38,7.73,141.075,-51.665
418,"NGC 2516",273,3.57,409,-112,0.1,8.05,119.525,-60.75
419,"NGC 1252",274,2.61,640,-496,0.02,9.48,47.70417,-57.76667
420,"NGC 2972",274,1.8,2062,63,0.34,7.97,145.11875,-50.33611
421,"NGC 2910",275,3.03,2607,-54,0.34,8.2,142.625,-52.91667
422,"Ruprecht 78",275,1.43,1641,-54,0.35,7.99,142.3,-53.7
423,"NGC 2925",275,2.25,774,-17,0.08,7.85,143.3,-53.36667
424,"VDBH 66",276,8.14,7000,-367,0.4,8.9,141.325,-54.71667
425,"Ruprecht 77",276,6.01,4129,-225,0.62,7.5,141.775,-55.11667
426,"Ruprecht 79",277,2.88,1979,-25,0.72,7.09,145.25,-53.85
427,"Platais 8",277,35.94,132,-18,"nan",7.78,137.375,-59.12833
428,"Ruprecht 82",277,3.57,2455,-20,0.29,8.5,146.45,-54.0
429,"Pismis 16",277,1.06,1824,22,0.56,7.84,147.80417,-53.17667
430,"IC 2488",277,5.94,1134,-87,0.23,8.11,141.9,-57.0
431,"Basel 20",277,5.89,2024,-122,0.41,7.42,143.15,-56.31667
432,"Ruprecht 83",278,2.15,2459,-26,0.45,8.45,147.27833,-54.56861
433,"NGC 1901",279,1.81,415,-230,0.06,8.92,79.54583,-68.45
434,"NGC 3033",279,1.07,922,-33,0.33,7.84,147.125,-56.425
435,"NGC 3105",279,2.84,4884,22,0.99,7.24,150.2,-54.76667
436,"NGC 3228",280,0.79,544,43,0.03,7.93,155.35,-51.73333
437,"VDBH 90",283,2.99,2572,-66,0.53,7.94,152.975,-58.08333
438,"NGC 3114",283,9.27,911,-61,0.07,8.09,150.5,-60.1
439,"NGC 3330",284,1.04,894,60,0.05,8.23,159.7,-54.11667
440,"Westerlund 2",284,1.09,1874,-11,0.78,7.22,155.99208,-57.76361
441,"Trumpler 11",284,4.51,3100,-263,0.21,"nan",151.25,-61.61667
442,"NGC 3247",284,1.8,1547,-9,0.22,8.08,156.07208,-57.76
443,"IC 2581",284,3.56,2446,2,0.42,7.14,156.875,-57.63333
444,"Saurer 3",285,6.16,8830,462,0.62,9.45,160.375,-55.3
445,"NGC 3293",285,4.06,2327,3,0.26,7.01,158.95333,-58.21667
446,"Collinder 223",286,4.41,1686,-48,0.26,7.01,157.6,-59.81667
447,"NGC 3255",286,0.84,1445,-66,0.25,8.3,156.625,-60.66667
448,"NGC 3324",286,8.09,2317,-8,0.44,6.75,159.325,-58.63333
449,"Carraro 1",286,2.21,1900,-10,0.25,9.48,159.25,-58.73333
450,"VDBH 99",286,2.95,507,-6,0.06,7.6,159.475,-59.13333
451,"NGC 3680",286,1.36,938,273,0.07,9.08,171.40833,-43.24333
452,"Bochum 9",286,20.07,4600,-126,0.63,"nan",158.94042,-60.12611
453,"Bochum 10",287,11.79,2027,-11,0.31,6.86,160.55917,-59.14556
454,"ESO 092-18",287,15.43,10607,-1229,0.5,9.02,153.725,-64.61667
455,"Collinder 228",287,8.96,2201,-39,0.34,6.83,160.95,-60.08333
456,"Trumpler 14",287,3.97,2733,-28,0.52,6.83,160.975,-59.55
457,"Trumpler 15",287,7.55,1853,-12,0.43,6.93,161.175,-59.36667
458,"Collinder 232",287,3.49,2996,-27,0.57,6.67,161.2,-59.56667
459,"Trumpler 16",287,7.78,2673,-31,0.49,6.79,161.3,-59.71667
460,"Bochum 11",288,14.73,2412,-36,0.58,6.76,161.81333,-60.0975
461,"Alessi 5",288,3.82,398,-14,0.15,7.6,160.725,-61.2
462,"Trumpler 17",288,3.18,2189,17,0.6,7.71,164.1,-59.2
463,"Pismis 17",289,6.12,3504,9,0.47,7.02,165.26667,-59.81833
464,"Ruprecht 92",289,4.81,2362,-82,0.46,7.8,163.3,-61.71667
465,"NGC 3496",289,2.3,990,-7,0.47,8.47,164.9,-60.38333
466,"NGC 3532",289,7.07,486,11,0.04,8.49,166.3875,-58.73
467,"IC 2602",289,4.68,161,-14,0.02,7.51,160.8,-64.4
468,"Sher 1",289,1.71,5875,-25,1.37,6.71,165.025,-60.36667
469,"Bochum 12",289,6.45,2218,-69,0.24,7.61,164.34583,-61.735
470,"Melotte 101",289,8.7,1995,-193,0.48,7.89,160.55,-65.1
471,"Feinstein 1",290,8.43,1159,8,0.4,7.0,166.47958,-59.81167
472,"Ruprecht 93",290,2.93,1437,-28,0.23,8.19,166.1,-61.36667
473,"Stock 13",290,2.29,1577,44,0.22,7.22,168.275,-58.88333
474,"NGC 3572",290,2.9,1995,7,0.39,6.89,167.6,-60.25
475,"Hogg 10",290,1.55,1776,2,0.46,6.78,167.675,-60.36667
476,"Collinder 240",290,9.17,1577,5,0.31,7.16,167.8,-60.28333
477,"Hogg 11",290,1.32,2277,5,0.32,7.08,167.88333,-60.37167
478,"Trumpler 18",290,1.98,1358,-3,0.32,7.19,167.875,-60.66667
479,"NGC 3590",291,1.44,1651,-5,0.45,7.23,168.25,-60.78333
480,"NGC 3603",291,0.53,3634,-33,1.34,6.84,168.78792,-61.27139
481,"IC 2714",292,5.04,1238,-39,0.34,8.54,169.375,-62.73333
482,"Mamajek 1",292,1.13,97,-36,0.0,6.9,130.525,-79.02667
483,"Melotte 105",292,3.21,2208,-93,0.48,8.32,169.875,-63.5
485,"NGC 3766",294,2.54,1745,-1,0.18,7.16,174.05542,-61.61528
486,"NGC 3960",294,3.28,2258,243,0.3,8.82,177.725,-55.7
487,"IC 2944",294,18.26,1794,-52,0.32,6.82,174.585,-63.37278
488,"Stock 14",295,3.75,2146,-25,0.22,7.06,175.95,-62.51667
489,"Ruprecht 97",296,1.97,1357,-12,0.23,8.34,179.325,-62.65
490,"NGC 4052",297,3.17,1209,-19,0.16,8.5,180.3,-63.21667
491,"Ruprecht 98",297,2.01,494,-20,0.16,8.51,179.65,-64.55833
492,"NGC 4103",297,2.85,1632,33,0.29,7.39,181.67792,-61.25583
493,"Saurer 4",298,3.24,6190,-112,1.24,9.18,183.525,-63.6
494,"NGC 4337",299,0.57,489,39,0.15,8.45,186.02083,-58.12167
495,"NGC 4349",299,3.16,2176,32,0.38,8.32,186.05,-61.86667
496,"Collinder 258",299,1.72,1184,41,0.16,8.03,186.81667,-60.78
497,"Hogg 14",300,0.85,969,49,0.23,8.1,187.1625,-59.8
498,"NGC 4439",300,2.08,1785,82,0.35,7.91,187.1,-60.1
499,"NGC 4463",300,1.07,1050,-37,0.43,7.5,187.5,-64.78333
500,"Collinder 261",301,5.73,2190,-211,0.27,9.95,189.475,-68.46667
501,"NGC 4609",301,1.42,1223,-3,0.33,7.89,190.575,-62.98333
502,"Hogg 15",302,1.32,2262,-10,1.09,6.78,190.9,-63.1
503,"NGC 4755",303,5.75,1976,86,0.39,7.22,193.425,-60.36667
504,"NGC 4815",303,4.48,3079,-113,0.81,8.37,194.5,-64.95
505,"VDBH 144",305,4.08,9354,-515,0.6,8.83,198.81667,-65.92167
506,"Collinder 268",305,2.86,1963,-149,0.31,8.76,199.7,-67.2
507,"Ruprecht 107",305,1.26,1442,-56,0.46,7.48,200.15,-64.95
508,"Stock 16",306,1.43,1640,2,0.49,6.92,199.7,-62.51667
509,"Collinder 271",307,1.7,1169,-33,0.29,8.32,202.5,-64.18333
510,"Basel 18",307,1.94,2226,8,0.52,7.59,202.025,-62.35
511,"Hogg 16",307,2.77,1585,37,0.41,7.05,202.325,-61.2
512,"NGC 5138",307,4.04,1986,122,0.26,7.99,201.8,-59.03333
513,"Trumpler 21",307,1.84,1263,-7,0.2,7.7,203.05,-62.8
514,"Collinder 272",307,5.95,2045,43,0.47,7.23,202.6,-61.31667
515,"NGC 5168",307,2.07,1777,48,0.43,8.0,202.775,-60.945
516,"Pismis 18",308,2.61,2240,8,0.5,9.08,204.225,-62.09167
517,"Ruprecht 108",308,2.62,901,63,0.14,8.42,203.04167,-58.46667
518,"Platais 11",308,12.14,232,-15,"nan",8.3,206.9875,-66.02
519,"NGC 5281",309,2.26,1108,-14,0.22,7.15,206.625,-62.915
520,"Platais 10",309,23.15,246,13,"nan",8.0,205.86667,-59.12167
521,"Platais 12",309,14.03,402,-10,"nan",8.3,207.93333,-63.45333
522,"NGC 5316",310,4.95,1215,2,0.27,8.2,208.475,-61.86667
523,"Lynga 1",310,1.99,2283,-13,0.46,8.01,210.02917,-62.16167
524,"Alessi 6",313,6.1,437,-42,0.19,8.2,220.05,-66.175
525,"Lynga 2",313,2.91,1000,-8,0.2,8.12,216.08792,-61.3225
526,"Trumpler 22",314,4.41,1516,-15,0.52,7.95,217.75,-61.16667
527,"NGC 5617",314,4.46,1533,-3,0.48,7.92,217.45,-60.71667
528,"Pismis 19",314,2.09,2400,-13,1.45,9.0,217.675,-60.98333
529,"Melotte 227",314,2.44,120,-61,0.04,8.57,303.025,-79.31667
530,"NGC 5606",314,1.58,1805,31,0.47,7.08,216.94583,-59.64
531,"Hogg 17",314,1.52,1310,-21,0.59,8.03,218.45833,-61.36333
532,"NGC 5460",315,6.9,678,148,0.09,8.21,211.85,-48.33333
533,"NGC 5662",316,5.62,666,39,0.31,7.97,218.9,-56.61667
534,"NGC 5749",319,3.0,1031,82,0.38,7.73,222.225,-54.5
535,"Pismis 20",320,2.35,2018,-42,1.18,6.86,228.85,-59.06667
536,"Hogg 18",320,2.23,1535,172,0.5,7.76,222.675,-52.26667
537,"NGC 5823",321,4.16,1192,51,0.09,8.9,226.43667,-55.625
538,"NGC 5822",321,9.34,917,57,0.15,8.82,226.1,-54.4
539,"NGC 6025",324,3.08,756,-78,0.16,7.89,240.825,-60.43333
540,"NGC 6005",325,3.91,2690,-140,0.45,9.08,239.00167,-57.45167
541,"NGC 5999",326,1.79,2050,-69,0.45,8.6,238.05,-56.46667
542,"Alessi 8",326,4.02,575,43,0.09,8.15,232.375,-51.20833
543,"Loden 2326",327,0.42,900,31,0.41,8.3,235.8875,-52.475
544,"NGC 6087",327,3.63,891,-84,0.18,7.98,244.7,-57.93333
546,"Moffat 1",328,6.72,3300,-57,1.84,6.6,240.375,-54.13333
547,"NGC 6031",329,1.59,1823,-48,0.37,8.07,241.96417,-54.05083
548,"NGC 6067",329,5.77,1417,-55,0.38,8.08,243.3,-54.21667
549,"Harvard 10",329,9.54,1312,-75,0.36,8.34,244.7,-54.93333
550,"Lynga 6",330,2.33,1600,9,1.25,7.43,241.2,-51.91667
551,"Ruprecht 115",330,3.14,2160,-32,0.65,8.78,243.2,-52.38333
552,"Pismis 22",331,1.16,1000,-10,2.0,7.6,243.5375,-51.86667
553,"Ruprecht 118",332,1.17,1343,-42,0.41,8.11,246.15,-51.96667
554,"Ruprecht 119",333,2.22,956,-31,0.57,6.85,247.05,-51.5
555,"NGC 6208",333,4.92,939,-94,0.21,9.07,252.36667,-53.72833
556,"Pismis 23",334,0.76,2600,20,2.0,8.48,245.99167,-48.89167
557,"NGC 6134",334,1.59,913,-3,0.4,8.97,246.95,-49.15
558,"NGC 6167",335,2.26,1108,-28,0.78,7.89,248.65,-49.76667
559,"NGC 6253",335,1.76,1510,-164,0.2,9.7,254.775,-52.71667
560,"Ruprecht 120",336,1.75,2000,-17,0.7,8.18,248.85,-48.3
561,"NGC 6193",336,4.7,1155,-32,0.48,6.78,250.35,-48.76667
562,"NGC 6200",337,8.36,2054,-38,0.58,6.93,251.025,-47.46667
563,"NGC 6178",338,1.47,1014,21,0.22,7.25,248.95,-45.63333
564,"NGC 6204",338,1.58,1085,-20,0.43,7.56,251.53333,-47.01222
565,"Hogg 22",338,1.06,1216,-24,0.65,6.78,251.64583,-47.08333
566,"Westerlund 1",339,4.54,5200,-50,3.0,"nan",251.76667,-45.845
567,"IC 4651",340,2.58,888,-122,0.12,9.06,261.20417,-49.93333
568,"NGC 6192",340,4.05,1547,57,0.64,8.13,250.1,-43.36667
569,"NGC 6216",340,5.0,4300,0,0.45,7.54,252.35,-44.73333
570,"NGC 6250",340,2.52,865,29,0.35,7.42,254.49167,-45.94333
571,"NGC 6124",340,5.81,512,54,0.75,8.15,246.325,-40.65
572,"Lynga 14",340,0.77,881,-17,1.43,6.71,253.75333,-45.33333
573,"NGC 6249",341,1.43,981,-20,0.44,7.39,254.4,-44.81667
574,"NGC 6259",341,4.2,1031,-27,0.5,8.34,255.175,-44.66667
575,"NGC 6231",343,5.06,1243,26,0.44,6.84,253.53546,-41.82667
576,"Alessi 9",344,6.24,195,-30,0.07,8.4,266.0,-47.0
577,"Trumpler 24",344,19.86,1138,30,0.42,6.92,254.25,-40.66667
578,"NGC 6322",345,1.45,996,-53,0.59,7.06,259.6,-42.93333
579,"NGC 6242",345,2.96,1131,49,0.38,7.61,253.9,-39.46667
580,"NGC 6268",346,1.8,1029,23,0.39,7.24,255.66833,-39.73833
581,"NGC 6281",347,1.11,479,16,0.15,8.5,256.175,-37.98333
582,"NGC 6318",347,2.68,2300,-28,1.2,6.3,259.49375,-39.44222
583,"Havlen Moffat 1, Havlen-M 1",348,4.22,2900,-39,1.85,"nan",259.725,-38.83333
584,"VDBH 222",349,3.49,6000,-46,1.85,7.78,259.7,-38.28333
585,"Bochum 13",351,4.39,1077,26,0.85,6.82,259.35,-35.55
586,"Ruprecht 127",352,2.13,1466,-64,0.99,7.35,264.425,-36.26667
587,"Pismis 24",353,2.9,1995,22,1.72,7.0,261.35,-34.43333
588,"NGC 6396",353,1.04,1192,-37,0.93,7.51,264.525,-35.0
589,"Trumpler 27",355,2.11,1211,-16,1.19,7.06,264.08333,-33.50833
590,"NGC 6383",355,5.73,985,1,0.3,6.96,263.7,-32.56667
591,"NGC 6475",355,7.0,301,-24,0.1,8.48,268.45,-34.78333
592,"Trumpler 28",356,1.95,1343,-7,0.73,7.29,264.25,-32.48333
593,"NGC 6405",356,2.83,487,-7,0.14,7.97,265.075,-32.2
594,"NGC 6416",356,3.02,741,-20,0.25,8.09,266.1,-32.36667
595,"NGC 6425",357,2.26,778,-22,0.4,7.35,266.75875,-31.5
596,"Ruprecht 130",359,1.83,2100,-35,1.2,7.7,266.9,-30.11667
597,"VDBH 245",359,0.29,1000,-9,2.25,7.17,266.6,-29.7
598,"NGC 6451",359,4.24,2080,-58,0.67,8.13,267.675,-30.21667
599,"Collinder 347",359,4.4,1514,-9,1.16,7.08,266.6,-29.3
600,"Basel 5",359,1.11,766,-25,0.32,8.87,268.1,-30.1
