"ID","Flag","RAICRS","DEICRS","pmRA","pmDE","plx","[Fe/H]","e_[Fe/H]","logAge","e_logAge","m-M","e_m-M","E(BP-RP)","e_E(BP-RP)","AVmag","e_AVmag","Rc","e_Rc","Rt","e_Rt","R50Mem","R50Mass","RJ","e_RJ","Mass","e_Mass","fbin","Trlx","e_Trlx"
"alessi1","nan",13.36064251,49.53057108,6.482488534,-6.382492901,1.415265836,0.499999815,0.125,8.840106094,0.229842758,9.082851808,0.208905592,0.031189924,0.001871396,0.07590068,0.004554041,3.267386164,0.829819862,6.374721007,1.66629035,2.43283022,3.093078834,6.302562485,0.415138846,169.0,33.0,0.53,6.666163701,0.089381668
"alessi12","nan",310.8475768,23.81180416,4.314984658,-4.699768248,1.838391784,0.499999815,0.125,7.790285164,0.202547414,9.146522509,0.210370018,0.15100958,0.009060575,0.367481813,0.022048909,8.09210208,0.349619037,20.65682435,1.109329499,5.888450824,4.859135162,9.104614104,0.602863838,319.0,63.0,0.22,34.83547498,0.210969804
"alessi21","nan",107.6927678,-9.505923407,-5.522611326,2.668947042,1.761575454,0.249999244,0.125,7.770115295,0.202022998,8.928498837,0.205355473,0.108445873,0.006506752,0.263903031,0.015834182,4.573391029,0.091222248,"nan","nan",5.924480206,5.617702546,9.00820466,0.596892533,493.0,98.0,0.43,33.44397373,0.19680615
"alessi3","nan",109.2118932,-46.18586876,-9.788547074,11.95658498,3.611407565,0.249999244,0.125,8.920123326,0.231923206,7.100409502,0.163309419,0.01575854,0.000945512,0.038348407,0.002300904,6.947106645,0.475945322,14.9729991,1.012129402,4.923484909,5.142315136,6.789242497,0.452616166,195.0,39.0,0.53,30.34577851,0.23667065
"alessi43","nan",132.6180038,-41.74812873,-5.550020869,3.947957742,1.056902236,0.0,0.125,6.559999934,0.170559998,10.0,0.23,0.50955414,0.030573248,1.24,0.0744,4.914629645,0.132224107,35.53327611,4.003006687,6.178668,6.161449709,15.07578483,1.004113898,665.0,133.0,0.28,30.96514293,0.238365368
"alessi5","nan",160.8297101,-61.03852839,-15.35078112,2.46930143,2.514316592,0.0,0.125,7.609594409,0.197849455,8.55224939,0.196701736,0.311869065,0.018712144,0.758933369,0.045536002,4.121080702,0.081934834,9.187541274,0.262818174,3.745456034,4.901011874,9.36903856,0.622063536,492.0,98.0,0.17,41.08356507,0.187668641
"alessi62","nan",283.9857255,21.53791054,0.314434813,-1.152686195,1.629252381,0.499999815,0.125,8.959994838,0.232959866,8.966321418,0.206225393,0.210129777,0.012607787,0.511350812,0.030681049,4.444463618,0.376926239,30.22831282,10.71739379,4.750642084,4.590196768,10.67565652,0.711710435,672.0,134.0,0.48,24.56426283,0.13268669
"alessi94","nan",5.342501611,46.83860709,-2.052895663,-5.01643716,1.757437673,0.249999244,0.125,8.439332694,0.21942265,9.06972971,0.208603783,0.177734794,0.010664088,0.432517622,0.025951057,10.5761493,3.922148429,49.84508485,90.20359569,6.475247504,4.617102928,9.374298597,0.62495324,86.0,17.0,0.39,26.41983561,0.362115511
"alessi96","nan",75.55678745,37.43359533,0.65731228,-12.38944153,3.03447367,-0.249999398,0.125,7.699837726,0.200195781,8.432278703,0.19394241,0.491247117,0.029474827,1.195449859,0.071726992,3.814598616,0.259237197,10.15633309,1.266178416,2.965232393,3.355510606,6.041630508,0.400016632,146.0,29.0,0.19,17.00335375,0.139090996
"ascc101","nan",288.3780346,36.33531534,0.972818199,1.221999239,2.523790022,0.249999244,0.125,8.198762696,0.21316783,8.08,0.18584,0.184392569,0.011063554,0.448719318,0.026923159,4.497265936,0.12636686,8.284525895,0.301605449,3.587466355,2.978564582,6.736189455,0.44414436,182.0,36.0,0.27,12.11042619,0.101976271
"ascc105","nan",295.4913277,27.35836066,1.372184856,-1.614475199,1.77453157,0.249999244,0.125,7.810232518,0.203066045,9.475696125,0.217941011,0.298626728,0.017917604,0.726708143,0.043602489,5.744091741,0.146164038,13.84201329,0.410174987,3.954882595,3.987547372,6.855423959,0.452140261,187.0,37.0,0.22,14.65996601,0.144423974
"ascc108","nan",298.3367021,39.40123464,-0.451589397,-1.666479746,0.861212535,-0.249999398,0.125,8.829946696,0.229578614,10.40841914,0.23939364,0.267254547,0.016035273,0.650363941,0.039021836,7.281565569,0.445248514,74.78927905,44.20438076,6.410096508,6.703643102,10.05323426,0.669052048,540.0,108.0,0.41,38.83829645,0.243310409
"ascc11","nan",53.05848058,44.85590842,0.903985736,-3.070052849,1.183198813,0.499999815,0.125,7.989894564,0.207737259,10.66776141,0.245358512,0.414486791,0.024869207,1.008653606,0.060519216,4.038669859,0.070416421,18.78963871,0.89069873,3.867975411,4.745950737,10.8004151,0.720027674,915.0,183.0,0.46,22.37745375,0.119824826
"ascc111","nan",302.9628962,37.5439827,-1.129550675,-1.552188743,1.167091197,0.249999244,0.125,7.980003372,0.207480088,10.00180627,0.230041544,0.302697634,0.018161858,0.736614692,0.044196882,4.447019193,0.431425301,32.23276828,23.42806916,3.585668903,3.903184228,7.686853013,0.50469237,245.0,49.0,0.46,13.81726532,0.129543413
"ascc113","nan",317.9857953,38.62267874,0.82410213,-3.746081025,1.7637164,0.249999244,0.125,8.129999999,0.21138,8.8,0.2024,0.134372303,0.008062338,0.326995,0.0196197,16.11886751,0.992508277,14.37886213,0.217640613,5.527903786,5.085667426,10.63318362,0.707902491,451.0,90.0,0.39,41.47283181,0.219848373
"ascc124","nan",341.9160454,46.36600934,0.353506518,-1.673406559,1.420945844,0.0,0.125,7.640481437,0.198652517,10.1932744,0.234445311,0.4400731,0.026404386,1.070917889,0.064255073,5.163827297,0.209249419,14.05778902,1.08046394,4.385603065,5.414111539,9.019116577,0.597378492,463.0,92.0,0.19,24.42246489,0.172943634
"ascc125","nan",344.1533664,62.75355119,-1.150677957,-2.386017856,1.175517149,-0.749997542,0.125,7.170261715,0.186426805,10.42936974,0.239875504,1.220636918,0.073238215,2.970419941,0.178225196,4.968322875,0.785337174,"nan","nan",8.625890267,15.00800321,21.26349466,1.417340079,4913.0,982.0,0.52,155.1796895,0.460510446
"ascc127","nan",347.3080053,64.99666013,7.496633657,-1.800775037,2.640631691,0.499999815,0.125,7.309630167,0.190050384,7.644118326,0.175814721,0.002017938,0.000121076,0.004910652,0.000294639,4.909763124,0.091252459,14.05463029,0.532193042,4.185256228,6.241181788,6.394846378,0.42375488,166.0,33.0,0.14,36.45085171,0.319779252
"ascc16","nan",81.55253729,1.607000291,1.332593098,-0.187753793,2.870598868,0.249999244,0.125,7.220108088,0.18772281,7.365854578,0.169414655,0.027035798,0.001622148,0.065791614,0.003947497,5.42217388,1.237474756,"nan","nan",6.721341009,6.890562994,11.70086203,0.778581485,1057.0,211.0,0.45,94.69410909,0.282578234
"ascc41","nan",116.6974443,0.101462582,0.637697288,-3.954342006,3.371199155,-0.249999398,0.125,7.530199698,0.195785192,8.244349373,0.189620036,0.29812035,0.017887221,0.725475871,0.043528552,2.829633513,0.064115974,"nan","nan",3.501955968,3.437607583,6.904282452,0.453802602,213.0,42.0,0.22,20.50347518,0.133478801
"ascc42","nan",118.2122747,-53.02481429,-5.376627472,8.949047078,1.429807423,0.0,0.125,7.729974286,0.200979331,9.679454882,0.222627462,0.31630919,0.018978551,0.769738415,0.046184305,4.020383375,0.15493607,12.3898286,1.084126668,3.712044354,4.327620875,7.589977636,0.505998509,270.0,54.0,0.29,15.95098158,0.144066077
"ascc58","nan",153.617738,-54.98574302,-13.32008315,2.811282864,2.087571158,-0.249999398,0.125,7.640481437,0.198652517,8.709297499,0.200313842,0.251947441,0.015116847,0.613114098,0.036786846,5.471976178,0.128740227,17.20677204,1.127517009,5.746491302,6.800773583,7.788528133,0.511922037,284.0,56.0,0.15,51.48277731,0.326466371
"ascc6","nan",26.75902512,57.71798592,-0.853567313,0.06978968,0.614918449,0.249999244,0.125,8.0,0.208,11.23,0.25829,0.345181837,0.02071091,0.84,0.0504,6.440488499,0.059222987,94.91999532,15.3311194,9.2849001,7.678566894,10.6241209,0.707505698,720.0,144.0,0.58,49.37748846,0.285725307
"ascc68","nan",180.6352948,-60.93542212,-6.645073299,1.681265002,0.989562955,0.499999815,0.125,8.0,0.208,11.20110108,0.257625325,0.385623723,0.023137423,0.938415331,0.05630492,4.654847067,0.117651024,13.93832213,0.916359745,4.773764261,6.804083543,11.53055069,0.76688826,847.0,169.0,0.33,45.42429556,0.223892117
"ascc77","nan",212.7187907,-62.35930235,-4.256549122,-3.189859777,0.874779718,0.249999244,0.125,8.169999998,0.21242,10.31,0.23713,0.282853914,0.016971235,0.688325,0.0412995,5.161613332,0.152473727,13.66371501,0.738213041,3.618028564,5.07035198,9.292267239,0.616513334,417.0,83.0,0.52,16.37150768,0.146551486
"ascc85","nan",251.7666399,-45.60750788,0.152682303,-4.147170309,1.146093222,-0.249999398,0.125,7.829946696,0.203578614,10.06392061,0.231470174,0.392035751,0.023522145,0.954018999,0.05724114,7.699953638,1.016595656,14.5988601,2.288700254,4.415921572,5.058573744,9.175511488,0.611700766,400.0,80.0,0.35,19.29292402,0.157448556
"ascc88","nan",256.5854532,-35.50756373,1.24459754,-2.275836579,0.906350261,0.0,0.125,8.0,0.208,9.8012,0.2254276,0.714047668,0.04284286,1.737635,0.1042581,"nan","nan",14.68881553,4.525157707,5.844653798,7.226129422,12.31026431,0.818894354,981.0,196.0,0.52,27.25761957,0.185469884
"ascc89","nan",260.7761409,-62.65324595,-0.482656614,-8.939407132,2.069699094,0.249999244,0.125,7.699837726,0.200195781,8.957848157,0.206030508,0.180238828,0.01081433,0.438611187,0.026316671,6.203738837,0.412795543,11.33692482,0.801012004,3.988418966,6.194196422,8.009986468,0.533999098,290.0,58.0,0.14,47.54115218,0.292493673
"ascc90","nan",264.7942762,-34.88624347,-1.608090545,-2.723789237,1.73318294,0.249999244,0.125,8.920123326,0.231923206,9.050018098,0.208150416,0.251684562,0.015101074,0.612474382,0.036748463,4.862610128,0.20876596,16.20490526,1.727943498,4.533417319,3.666517574,8.821591014,0.581816163,313.0,62.0,0.33,8.630808699,0.096777271
"ascc92","nan",267.7248795,-11.84196384,-1.136177375,-4.179322706,1.475074599,-0.749997542,0.125,7.450249108,0.193706477,11.61502162,0.267145497,1.358360769,0.081501646,3.30557093,0.198334256,3.055061691,0.107510181,21.20071867,4.655763132,3.07871354,2.901997974,9.015406884,0.596439132,371.0,73.0,0.47,6.879785729,0.065180825
"ascc97","nan",279.3294701,-19.13964139,-2.370550175,-6.411637788,1.727233496,0.249999244,0.125,7.770115295,0.202022998,9.865507863,0.226906681,0.576480504,0.03458883,1.402865307,0.084171918,4.480456994,0.187229929,26.835182,4.10514308,4.600555781,4.298306069,11.09371587,0.738589663,746.0,149.0,0.43,24.07517962,0.119487126
"ascc99","nan",282.1601469,-18.75487674,5.292119098,-1.686754909,3.384356453,-0.499996571,0.125,7.540329475,0.196048566,8.559008223,0.196857189,0.617614597,0.037056876,1.502965121,0.090177907,7.301605966,0.782069724,13.17766455,1.765580481,4.81625127,4.505300904,6.526231183,0.432379706,161.0,32.0,0.17,22.95212365,0.199841708
"avenihunter1","nan",354.107611,48.22947164,0.129195872,-2.376912262,2.351920574,-0.249999398,0.125,6.689999983,0.17394,8.24,0.18952,0.349291144,0.020957469,0.85,0.051,10.18008902,1.868125218,28.65877823,11.17999489,7.494111752,8.663025314,8.4445821,0.560024642,382.0,76.0,0.52,73.52387233,0.430192797
"basel18","nan",202.171462,-62.3990179,-5.044248928,-1.968935189,0.554795645,-0.249999398,0.125,8.019999997,0.20852,11.02,0.25346,0.295870146,0.017752209,0.72,0.0432,17.58731908,6.116328496,16.76779701,2.372372821,8.789082546,13.50744758,10.34319833,0.686954275,532.0,106.0,0.38,56.79662868,0.545923833
"bica2","nan",308.1733901,41.21943514,-2.689468029,-4.334348656,0.581390454,0.499999815,0.125,6.769999959,0.176019999,11.14,0.25622,1.935483871,0.116129032,4.71,0.2826,6.987395967,0.485343928,"nan","nan",10.99755098,12.53376805,27.29086948,1.818909468,11328.0,2265.0,0.59,81.79586975,0.224671587
"coingaia25","nan",91.67253213,20.23672825,-0.518463109,-2.673140516,1.223056069,-0.499996571,0.125,9.041392685,0.23507621,9.564814287,0.219990729,0.291446123,0.017486767,0.709234141,0.042554048,8.581282691,0.434286908,14.566254,0.796106044,5.71649101,5.997818301,8.244296313,0.548298553,416.0,83.0,0.44,30.93767577,0.21589282
"collinder110","nan",99.67637191,2.099217038,-1.035443953,-1.964215272,0.452316184,0.0,0.125,9.11058971,0.236875332,12.93613374,0.297531076,0.753352565,0.045201154,1.833283467,0.109997008,7.749911069,0.246799248,34.41370757,4.531075065,10.09236581,6.222493187,20.95158635,1.396772423,5129.0,1025.0,0.63,23.89731806,0.103511693
"collinder115","nan",101.6642332,1.776410866,-1.184320846,-0.483234645,0.471005532,0.499999815,0.125,8.699837726,0.226195781,12.60837851,0.289992706,0.478723524,0.028723412,1.164973696,0.069898422,7.954336654,0.725789906,"nan","nan",12.44356892,13.77116069,15.42752958,1.028501972,4710.0,942.0,0.41,79.25969003,0.296443546
"collinder135","nan",109.4343246,-36.61635991,-10.12283837,6.222422005,3.328723924,0.249999244,0.125,7.519827994,0.195515528,7.556752723,0.173805313,0.062217611,0.003733057,0.151406556,0.009084393,5.568380456,0.232291088,42.2583197,12.83078587,5.160219612,5.547977262,8.515394154,0.561855484,389.0,77.0,0.19,55.19618186,0.251742133
"collinder272","nan",202.6682417,-61.33764582,-3.448042373,-1.719705943,0.447263162,0.0,0.125,7.913813852,0.252396825,11.84,0.27232,0.617630984,0.037057859,1.503005,0.0901803,7.476586498,0.616833536,"nan","nan",12.80936108,20.35487299,19.78047348,1.317567273,3498.0,699.0,0.46,150.462453,0.631658295
"collinder277","nan",207.0630699,-66.0669824,-9.252110862,-4.122186666,0.59564401,0.499999815,0.125,8.840106094,0.229842758,11.56115727,0.265906617,0.315277135,0.018916628,0.767226908,0.046033614,4.827114255,0.082318133,12.87442797,0.406220392,3.795828811,6.821148519,12.23452109,0.814719324,855.0,171.0,0.58,30.71993926,0.195416249
"collinder350","nan",267.110688,1.506335006,-4.852317965,-0.088998866,2.691875964,0.0,0.125,8.349999998,0.2171,7.85,0.18055,0.416396137,0.024983768,1.0133,0.060798,6.65748171,0.315150166,18.55533721,2.001745816,5.421328453,3.962972332,9.360777152,0.622726859,310.0,60.0,0.45,20.48692537,0.143543259
"collinder419","nan",304.8760848,40.88787785,-2.576037806,-6.334585595,0.978220854,0.0,0.125,6.619999913,0.172119998,10.01,0.23023,0.821861516,0.049311691,2.0,0.12,"nan","nan",10.35306637,2.197515535,5.996862927,7.433270711,13.13155629,0.87477186,1026.0,205.0,0.48,33.52191318,0.214490864
"collinder421","nan",305.8404453,41.67391488,-3.614197683,-8.316584775,0.827340909,0.499999815,0.125,8.189999998,0.21294,10.84,0.24932,0.8,0.048,1.9468,0.116808,3.590220092,0.05446679,13.77353184,0.720295076,4.132291076,3.530805087,12.35128996,0.822661118,885.0,177.0,0.62,10.60267594,0.072131645
"collinder463","nan",27.07576308,71.69463839,-1.731601582,-0.387865808,1.152596065,0.499999815,0.125,8.0,0.208,10.96475904,0.252189458,0.570077851,0.034204671,1.38728445,0.083237067,7.943987589,0.344524143,21.80379311,2.088710544,7.072576653,14.14049046,13.20816881,0.879989389,1149.0,229.0,0.56,149.5295199,0.673379527
"collinder69","nan",83.76868952,9.758882756,1.185523565,-2.130269552,2.505288023,0.499999815,0.125,6.759667845,0.175751364,7.93942698,0.182606821,0.020586884,0.001235213,0.050098182,0.003005891,3.70885541,0.155101018,"nan","nan",6.659102778,6.788049313,11.38795043,0.759196695,539.0,107.0,0.21,65.05518419,0.32988047
"cwnu1020","nan",135.4826007,-55.03237826,-10.7315475,7.623167711,2.281480657,0.0,0.125,7.209999974,0.187459999,8.4,0.1932,0.246558455,0.014793507,0.6,0.036,"nan","nan",20.66001133,7.187819467,9.056986456,14.33165266,7.265477258,0.476085404,234.0,46.0,0.31,152.9128449,1.048131874
"cwnu1044","nan",128.8018168,-50.97107293,-12.78945607,9.989095915,2.892965545,0.499999815,0.125,7.0,0.182,7.83944883,0.180307323,0.254674055,0.015280443,0.619749312,0.037184959,"nan","nan",14.08225123,5.962775815,7.356939391,11.29167466,7.732534187,0.515502279,217.0,43.0,0.54,104.1533408,0.787648548
"cwnu1057","nan",81.6941245,-6.92888862,0.765628448,-0.56853899,2.821188832,0.0,0.125,7.599999999,0.1976,5.95,0.13685,0.049291144,0.002957469,0.11995,0.007197,6.730563101,2.852835266,"nan","nan",5.005678316,6.131422835,9.585273474,0.635701528,418.0,83.0,0.52,42.42244982,0.260874435
"cwnu1065","nan",243.5004934,-51.30925913,0.15301241,-2.156072131,0.8325973,-0.249999398,0.125,8.130333768,0.211388678,10.96373337,0.252165868,0.587546751,0.035252805,1.429795019,0.085787701,7.317152922,0.406927916,44.07808652,8.895418909,7.331671547,9.378380117,10.16270728,0.674892876,488.0,97.0,0.48,41.59996875,0.353964207
"cwnu1069","nan",118.5300631,-43.49729148,-11.28116779,4.581068663,3.016048004,0.249999244,0.125,7.530199698,0.195785192,7.771257014,0.178738911,0.115987284,0.006959237,0.282255056,0.016935303,"nan","nan","nan","nan",7.848305413,8.606138586,6.921799185,0.456994793,207.0,41.0,0.18,86.63797268,0.548753677
"cwnu1076","nan",40.36091691,56.86363759,8.740190572,-4.004861983,2.788034463,0.249999244,0.125,8.129999999,0.21138,7.88,0.18124,0.209432916,0.012565975,0.509655,0.0305793,7.503579633,0.353916884,19.11400319,1.054767268,4.637432432,7.551486313,4.925131362,0.315713549,78.0,15.0,0.31,36.75072483,0.492328096
"cwnu1084","nan",302.6877499,33.7117888,4.839837685,-0.291418601,3.079004832,0.249999244,0.125,7.519827994,0.195515528,8.391843301,0.193012396,0.215446814,0.012926809,0.524289822,0.031457389,"nan","nan",8.256791624,0.135753367,4.085290691,4.386128994,6.09318944,0.403225772,136.0,27.0,0.39,23.32963261,0.206690085
"cwnu1116","nan",114.445339,-46.77418772,-4.659509452,9.109102106,2.492843923,0.499999815,0.125,6.959994838,0.180959866,7.72667072,0.177713427,0.187701295,0.011262078,0.456771101,0.027406266,"nan","nan","nan","nan",9.344055708,13.53129803,7.030743521,0.464396269,217.0,43.0,0.52,128.7228269,0.964023319
"cwnu1122","nan",196.0082109,-59.98972347,-12.0213727,-3.891333304,1.494431818,0.249999244,0.125,8.369215857,0.217599612,9.453737089,0.217435953,0.308204828,0.01849229,0.750016448,0.045000987,8.349501556,0.234752531,12.83475134,0.221251008,4.448241675,6.649659579,10.05668254,0.670445502,560.0,112.0,0.48,34.00830823,0.225845305
"cwnu1185","nan",283.2586467,-20.06000652,-1.486505213,-5.957638601,1.38997969,0.249999244,0.125,7.699837726,0.200195781,9.953447444,0.228929291,0.353127691,0.021187661,0.859336236,0.051560174,"nan","nan",10.27301398,2.309319381,5.170669647,4.709990462,14.56097692,0.968959308,1506.0,301.0,0.46,27.78353438,0.112679034
"cwnu224","nan",267.9228874,-38.53504468,3.115920882,-2.141014432,0.849590756,-0.499996571,0.125,7.57054294,0.196834116,11.11959075,0.255750587,0.607517991,0.03645108,1.478395032,0.088703702,9.634132089,1.533938109,19.34122559,4.187216384,7.63305896,8.863764155,12.95415305,0.861149776,1053.0,210.0,0.3,50.56063933,0.278804142
"cwnu2268","nan",133.285582,-47.83203608,-4.619289089,3.873808703,0.387400817,0.249999244,0.125,7.299999997,0.1898,14.02,0.32246,1.118567454,0.067114047,2.722033898,0.163322034,7.21136233,0.249550651,35.05737416,4.863517707,9.346515064,10.78709671,15.7275321,1.047102893,2248.0,449.0,0.38,35.65019416,0.232837782
"cwnu254","nan",110.1736708,3.510060777,-6.540545231,-5.049850345,2.141841636,0.249999244,0.125,8.640481437,0.224652517,8.375554066,0.192637744,0.034009542,0.002040572,0.082762221,0.004965733,7.538051556,1.649552991,"nan","nan",6.930062065,7.982795126,8.585880248,0.572392017,425.0,85.0,0.55,62.1399681,0.363806965
"cwnu287","nan",155.4288511,-55.98402267,-14.65792383,2.508598948,2.228037153,0.499999815,0.125,7.770115295,0.202022998,8.811714055,0.202669423,0.151207039,0.009072422,0.367962328,0.02207774,2.280136468,0.055879897,16.11317894,2.906822106,2.460848856,2.890644839,6.8252093,0.452631681,90.0,18.0,0.32,12.06038968,0.143382912
"cwnu4321","nan",280.5159172,-7.757659354,0.970487223,-11.45045878,2.364850749,0.499999815,0.125,6.920123326,0.179923206,7.487990018,0.17222377,0.257182607,0.015430957,0.625853875,0.037551233,"nan","nan",10.18995866,3.491752841,11.11034124,12.69904447,6.136910376,0.406004249,131.0,26.0,0.58,62.61359568,0.859126117
"cwnu45","nan",107.8857866,-27.5389907,-3.981405887,5.370675872,1.691456091,0.0,0.125,7.109999983,0.18486,9.12,0.20976,0.173825765,0.010429546,0.423005,0.0253803,16.2166422,"nan",20.61269065,19.95337508,7.20221859,8.364060254,10.16307208,0.674583757,651.0,130.0,0.59,66.1145638,0.343357742
"cwnu515","nan",131.962355,-63.13604132,-26.76879033,15.39511556,4.858591725,-0.249999398,0.125,7.42975228,0.193173559,6.731962342,0.154835134,0.162766801,0.009766008,0.396093009,0.023765581,2.961935269,0.078209696,19.27204892,3.371141937,2.951972162,8.156438948,4.508442848,0.295195663,56.0,11.0,0.51,45.62245882,0.656032364
"cwnu534","nan",273.763922,26.33663749,-1.696130597,-5.816659481,2.72740955,0.0,0.125,7.239999993,0.18824,7.46,0.17158,0.156558455,0.009393507,0.380985,0.0228591,"nan","nan","nan","nan",8.735672666,10.15831908,9.925527776,0.661701852,215.0,43.0,0.62,126.3389579,0.886958091
"cwwdl14129","nan",229.7752055,-60.92614039,-3.045346324,-4.09296047,1.192148972,-0.749997542,0.125,7.178976947,0.186653401,9.371742806,0.215550085,0.418407439,0.025104446,1.018194503,0.06109167,4.8129059,0.467553445,"nan","nan",5.103918616,7.944021419,10.99615315,0.731017672,635.0,127.0,0.6,54.93599428,0.311491545
"cwwdl14289","nan",91.73912462,-2.032772204,-0.644920737,-0.292254228,1.733189258,-2.0,0.125,7.120573931,0.185134922,11.64729126,0.267887699,1.090503134,0.065430188,2.653739376,0.159224363,3.365117381,0.047571735,7.958365809,0.17640054,2.637466849,2.577692524,7.202110414,0.476404191,229.0,45.0,0.31,8.586651853,0.073813864
"cwwdl14294","nan",105.8283699,-26.39943664,-3.283739648,3.491093521,1.255033011,-0.249999398,0.125,7.530199698,0.195785192,9.31455046,0.214234661,0.141863016,0.008511781,0.345223649,0.020713419,11.69760048,2.413430086,34.636922,18.15790308,9.418248049,10.39457936,11.93850367,0.793117377,1144.0,228.0,0.55,119.768585,0.438293305
"cwwdl14382","nan",124.3495548,-37.93671896,-7.987815036,5.75755159,1.392666441,0.499999815,0.125,7.499687083,0.194991864,9.825517595,0.225986905,0.177129207,0.010627752,0.431043925,0.025862635,6.9151789,0.218728988,19.44840053,1.404989892,6.342449134,7.005230449,6.954304655,0.45495451,214.0,42.0,0.51,34.31678003,0.319058714
"cwwdl14402","nan",299.1349348,26.54699612,-0.999931382,-4.364559653,0.853820495,-0.249999398,0.125,8.130333768,0.211388678,11.3566581,0.261203136,0.871023169,0.05226139,2.119634882,0.127178093,7.555943917,0.347824221,"nan","nan",8.832000773,7.709239498,14.24741493,0.948016166,1308.0,261.0,0.52,56.64277282,0.24799478
"cwwdl14443","nan",288.5290843,14.32134549,2.443314446,1.02678468,1.68303101,-0.249999398,0.125,8.240549248,0.21425428,10.14987723,0.233447176,0.743600453,0.044616027,1.809551703,0.108573102,9.019460747,2.248467273,9.007723588,0.90023262,3.817413223,3.666637999,7.94578582,0.524103658,283.0,56.0,0.35,13.26457758,0.111740926
"cwwdl14542","nan",301.2495918,-10.53333137,1.523016793,-7.840701161,2.279484366,-0.249999398,0.125,9.049218023,0.235279669,8.279766236,0.190434623,0.277558895,0.016653534,0.67543957,0.040526374,3.843014301,0.193438989,18.22531663,2.446017329,3.792024282,2.517516521,8.323339183,0.548142905,157.0,31.0,0.39,11.17056802,0.100345568
"cwwdl14581","nan",12.30572454,50.3817211,7.388946811,-3.0947957,2.213076379,-0.249999398,0.125,7.699837726,0.200195781,8.83050835,0.203101692,0.308150317,0.018489019,0.749883797,0.044993028,8.741469346,1.346437325,17.97940993,3.408491177,5.317797499,6.269745381,7.038713208,0.467171231,226.0,45.0,0.25,44.86059486,0.312384448
"cwwdl14643","nan",268.1057868,-26.97439901,0.897903654,-5.137166099,1.664075932,0.0,0.125,7.920123326,0.205923206,9.243547002,0.212601581,0.32178066,0.01930684,0.783053237,0.046983194,4.608236941,0.425553988,7.533758746,0.640413356,2.699581707,2.762737736,7.460595116,0.497373008,225.0,45.0,0.44,7.920051957,0.077464168
"cwwdl14677","nan",1.356219356,-29.98170815,18.74241724,2.372479351,4.219490073,-0.249999398,0.125,7.720159303,0.200724142,7.364241496,0.169377554,0.255386918,0.015323215,0.621484065,0.037289044,18.04288718,"nan",4.988766053,0.462147812,2.224724179,3.03205843,10.072417,0.668260946,623.0,124.0,0.28,28.99731502,0.098215325
"cwwdl14690","nan",322.629866,48.07745535,-7.412324556,-19.80802227,3.366222664,-0.249999398,0.125,7.540329475,0.196048566,8.643470522,0.198799822,0.40142264,0.024085359,0.976861995,0.05861172,3.386274924,0.054087116,10.96320532,0.483662939,3.739231578,3.498113395,7.261041561,0.482018296,236.0,47.0,0.33,19.27979509,0.129827919
"cwwdl2788","nan",255.9382523,-38.47246357,-3.271003053,-3.795048103,0.54561355,0.499999815,0.125,8.740362689,0.22724943,14.0569812,0.323310568,1.175365923,0.070521955,2.860252973,0.171615178,4.965037239,0.150858663,16.89241963,1.318209553,5.367898553,6.75140336,18.80095612,1.253397075,2860.0,572.0,0.61,26.02298682,0.123661171
"cwwdl5534","nan",202.1027458,-63.93365471,-9.081091268,-4.889851245,2.226281365,-0.249999398,0.125,8.008600172,0.208223604,8.29022533,0.190675183,0.229844493,0.013790669,0.559326573,0.033559594,"nan","nan","nan","nan",8.423476204,28.4871677,6.329436332,0.416221437,147.0,29.0,0.34,339.5431853,3.17407408
"fof1800","nan",337.8090027,58.05577552,-4.554481664,-2.710042997,0.704994106,0.249999244,0.125,8.760422483,0.227770985,11.36240919,0.261335411,0.551729957,0.033103797,1.34263485,0.080558091,5.455288676,0.162090751,18.03560271,0.960997237,4.070160928,5.398993427,11.10633604,0.737934981,893.0,178.0,0.45,19.26132871,0.128709421
"fof2118","nan",282.3092168,-4.478918971,1.108622631,0.058817658,0.620411866,-0.749997542,0.125,9.0,0.234,12.36176398,0.284320572,1.375618078,0.082537085,3.347566592,0.200853996,8.497265211,0.109104004,16.1213477,0.235905853,5.890820467,5.869007242,18.09081041,1.204722842,2718.0,543.0,0.5,22.94289743,0.10502533
"fof2295","nan",333.1051676,53.95470958,-1.775327161,-2.34632164,0.92105349,0.499999815,0.125,8.699837726,0.226195781,10.65870174,0.24515014,0.27057901,0.01623474,0.658454022,0.039507241,7.933332268,0.120009563,"nan","nan",8.518477771,15.62330651,15.02005221,0.999472995,365.0,73.0,0.52,146.5901108,1.383059933
"fof2383","nan",95.3530019,-16.21549692,-5.384303947,5.014373074,2.716568022,0.249999244,0.125,7.519827994,0.195515528,8.193302644,0.188445961,0.173591412,0.010415485,0.422434701,0.025346082,4.067797179,0.075588198,17.25761798,1.259751832,4.666008755,5.036854423,8.813257982,0.586233154,368.0,73.0,0.39,40.01911626,0.215326792
"fof2417","nan",298.3826057,26.43848228,2.33766983,-2.167026197,1.832679189,0.249999244,0.125,7.69019608,0.199945098,9.466476463,0.217728959,0.301171841,0.01807031,0.732901674,0.0439741,12.9294524,0.847625466,12.46736798,0.308911405,5.510913823,5.903493308,6.363954682,0.424263645,150.0,30.0,0.17,33.70169093,0.30677432
"fof2439","nan",103.6810933,-5.956179755,-7.361944383,-2.432520358,3.498238957,0.499999815,0.125,6.820201459,0.177325238,6.985310421,0.16066214,0.450264012,0.027015841,1.095717473,0.065743048,"nan","nan",9.554757793,1.511570335,5.078961929,5.225403747,7.670343721,0.507853808,292.0,58.0,0.14,41.94451432,0.235508994
"fsr0727","nan",79.01263406,45.53894102,-1.603467572,-1.311070566,0.597091347,0.499999815,0.125,8.710117365,0.226463051,13.09783281,0.301250155,0.694107341,0.041646441,1.689110214,0.101346613,9.713986524,0.364308547,29.13194791,2.711385455,10.38234738,4.746502519,11.19084143,0.745469112,752.0,150.0,0.51,14.23340481,0.118537349
"gulliver2","nan",122.9107953,-37.45439946,-4.46675301,4.309828386,0.760742113,-0.249999398,0.125,6.799999969,0.176799999,10.6,0.2438,0.427367988,0.025642079,1.04,0.0624,4.769744928,0.306477327,20.21906859,5.103387224,7.060509203,6.210045255,11.77795577,0.782981067,971.0,194.0,0.42,24.0763267,0.158272283
"gulliver20","nan",273.9662671,11.31383886,1.119853782,-6.351102718,2.34647113,0.0,0.125,8.119999997,0.21112,8.2,0.1886,0.226011917,0.013560715,0.55,0.033,"nan","nan",8.060526489,3.363388113,3.367170418,2.759125753,6.112066461,0.404360631,60.0,12.0,0.32,10.28998089,0.149393091
"gulliver44","nan",127.2489502,-38.09300324,-0.634602191,2.357756161,0.809149414,0.499999815,0.125,8.760422483,0.227770985,11.24694499,0.258679735,0.526287761,0.031577266,1.280721266,0.076843276,3.267316966,0.124149351,17.85777781,2.223731425,3.417447616,3.304214861,9.619259906,0.640160904,605.0,121.0,0.72,7.570870922,0.064936443
"gulliver9","nan",127.2263773,-47.85172578,-5.92257045,6.849546529,1.996243148,-0.249999398,0.125,6.71999995,0.174719999,8.6,0.1978,0.290667762,0.017440066,0.70734,0.0424404,4.79877692,0.250651474,12.98947629,1.461772295,4.334975147,4.98871882,6.95011623,0.456658278,227.0,45.0,0.48,28.44705622,0.2086064
"harvard10","nan",244.7487984,-54.94974957,-2.025272181,-10.63448086,1.458910703,0.0,0.125,8.4,0.2184,9.16,0.21068,0.180809534,0.010848572,0.44,0.0264,5.941153762,0.161336028,20.17923618,1.616820026,5.571206671,6.851005849,10.441242,0.693826454,617.0,123.0,0.32,42.05896743,0.241498843
"harvard13","nan",256.0083442,-48.11577781,-2.902496503,-7.21670535,0.838469268,-0.249999398,0.125,9.409933123,0.244658261,10.54187042,0.24246302,0.607007347,0.036420441,1.47715238,0.088629143,3.023710768,0.032380115,10.39133361,0.334957175,2.981389989,3.552976835,13.1753918,0.877572393,896.0,179.0,0.65,9.534025256,0.069651483
"hsc1856","nan",111.1861425,-20.37726019,-6.407740913,4.698613651,1.897554719,0.499999815,0.125,7.770115295,0.202022998,8.855111639,0.203667568,0.107389854,0.006443391,0.26133321,0.015679993,"nan","nan",23.00837426,18.16851469,12.05573131,13.19770805,7.824592923,0.521639528,315.0,63.0,0.4,130.5199292,0.846790538
"hsc1865","nan",103.6371603,-24.21553127,-2.809333723,3.521989696,1.146319339,-0.249999398,0.125,6.42999987,0.167179997,9.35,0.21505,0.316416684,0.018985001,0.77,0.0462,7.36071331,0.416591904,22.92915201,3.382816336,6.061870085,6.210820479,10.64830981,0.709887321,825.0,165.0,0.51,32.41390313,0.183038957
"hsc2356","nan",159.467886,-59.08243795,-14.47807289,1.048612285,2.234051811,0.249999244,0.125,7.810232518,0.203066045,8.116140684,0.186671236,0.04559027,0.002735416,0.110943923,0.006656635,3.739632003,0.10840912,15.31653301,1.662243679,3.950881569,5.887242318,11.29114767,0.752743178,812.0,162.0,0.36,57.31747032,0.219648067
"hxhwl34","nan",207.276058,-60.76686904,-7.241332388,-2.324301213,0.767547668,0.499999815,0.125,7.800029359,0.202800763,11.99857172,0.27596715,0.504573018,0.030274381,1.227878439,0.073672706,"nan","nan",11.31209855,3.328970701,4.972159672,4.105212046,10.32923364,0.684946221,210.0,40.0,0.34,17.83382526,0.17416701
"ic2395","nan",130.4730006,-48.02471403,-4.51121166,3.429105567,1.410919094,-0.249999398,0.125,7.330413773,0.190590758,9.139969,0.210219287,0.314241022,0.018854461,0.764705527,0.045882332,3.841895986,0.818681048,11.98331917,6.723139854,4.831162654,5.462741521,10.83718482,0.721559804,786.0,157.0,0.63,41.14733472,0.180233547
"ic348","nan",56.14079673,32.16511072,4.447489792,-6.345049269,3.148007922,-0.249999398,0.125,6.969881644,0.181216923,6.487640048,0.149215721,0.18292974,0.010975784,0.445159521,0.026709571,0.791164624,0.015442272,1.810538739,0.052662777,0.644007985,0.909702188,7.400271919,0.491496756,220.0,44.0,0.55,1.967324902,0.016679695
"king1","nan",5.522876923,64.38080139,-4.93685456,-1.302377866,0.548929842,0.0,0.125,9.419955748,0.244918849,12.37503429,0.284625789,1.058997116,0.063539827,2.577069481,0.154624169,5.039307132,0.107567706,9.695235874,0.239416618,3.50513484,5.778646769,19.29378546,1.286006943,4943.0,988.0,0.65,11.98500687,0.068014863
"king6","nan",51.98026509,56.44762273,3.827203615,-1.899005248,1.382005105,0.249999244,0.125,8.269999998,0.21502,9.48,0.21804,0.560221903,0.033613314,1.3633,0.081798,2.231256551,0.043493937,6.639270104,0.278041882,2.081416168,2.650134411,9.814387192,0.65133188,663.0,132.0,0.23,8.373133637,0.052913374
"l1641s","nan",85.65963734,-8.11750675,0.17560155,-0.278384974,2.369405969,0.499999815,0.125,7.290034611,0.1895409,7.732534719,0.177848299,0.307347976,0.018440879,0.747931299,0.044875878,2.294662047,0.183388834,7.393172286,1.616806932,3.276723565,3.244561811,8.488688612,0.564518701,318.0,63.0,0.45,17.40435282,0.110115922
"ls98","nan",205.7283121,-62.26842824,-10.10198147,-6.307993293,1.366186628,0.249999244,0.125,7.820201459,0.203325238,9.979570578,0.229530123,0.318801219,0.019128073,0.775802767,0.046548166,"nan","nan",30.68651182,18.52148481,13.58334879,23.43922057,10.8151539,0.717933402,703.0,140.0,0.31,334.8163301,1.59767953
"lynga2","nan",216.0960408,-61.33652609,-6.678098521,-4.647660043,1.054583307,0.499999815,0.125,7.980003372,0.207480088,10.65873175,0.24515083,0.357439335,0.02144636,0.869828622,0.052189717,4.47776448,0.067185449,13.24744477,0.424859767,4.307157533,5.877863196,11.8747891,0.789877601,632.0,126.0,0.29,30.07693089,0.195274131
"melotte101","nan",160.5437513,-65.10610926,-6.325984389,3.497731339,0.458942672,-0.249999398,0.125,8.599883072,0.22359696,12.08860455,0.278037905,0.525214318,0.031512859,1.278109043,0.076686543,6.624818235,0.213311466,10.91443322,0.321101482,3.949311304,6.928404057,15.52809974,1.033557356,1720.0,344.0,0.6,26.31055562,0.15159867
"melotte104","nan",169.3729904,-62.71531754,-7.589140554,2.682023385,0.744536401,0.249999244,0.125,8.550228353,0.222305937,11.80415275,0.271495513,0.558905755,0.033534345,1.360097154,0.081605829,4.419025051,0.10189027,9.193109463,0.274969685,3.679911249,5.6041819,15.46714631,1.031143088,1857.0,371.0,0.42,39.53735429,0.141984615
"melotte169","nan",261.1854874,-49.91936196,-2.429708945,-5.047797759,1.065047047,-2.0,0.125,8.469822016,0.220215372,12.24695722,0.281680016,0.993835384,0.059630123,2.418498406,0.145109904,2.22291869,0.033529096,23.64408044,2.482690559,3.042435384,3.547474263,14.86947051,0.989531014,1736.0,347.0,0.41,19.16483987,0.070405218
"melotte179","nan",266.5182072,5.621576265,-0.863894267,-8.532005809,2.903583805,0.0,0.125,7.609594409,0.197849455,8.161013921,0.18770332,0.359382529,0.021562952,0.874557385,0.052473443,2.975397678,0.081595289,"nan","nan",3.099351044,2.837559221,7.89682763,0.526455175,285.0,57.0,0.21,14.40423785,0.090428187
"melotte20","nan",51.64803319,48.91536247,22.99956899,-25.46194586,5.74676719,0.0,0.125,7.609594409,0.197849455,6.675794914,0.153543283,0.268711416,0.016122685,0.65390923,0.039234554,4.386588903,0.403880447,43.68527403,42.50792383,4.01038652,5.101959416,8.837483423,0.577086996,439.0,86.0,0.12,48.65695881,0.211542092
"melotte204","nan",277.9554778,-19.12195829,-1.686070851,-6.16342042,1.512639953,0.0,0.125,7.820201459,0.203325238,10.21089479,0.23485058,0.672166314,0.040329979,1.635716725,0.098143003,3.06852219,0.037571276,18.18876502,0.760010076,3.619763009,3.218458096,14.66389274,0.975284484,1694.0,338.0,0.46,14.52084712,0.058460824
"melotte210","nan",279.6982267,5.460165413,1.267289495,-4.941333099,2.113021632,0.499999815,0.125,8.949877704,0.23269682,8.499407792,0.195486379,0.116462188,0.006987731,0.283410734,0.017004644,4.479617501,0.132069629,12.02677822,0.472510811,3.360869343,3.301054758,11.41022321,0.758874703,842.0,168.0,0.42,16.24263451,0.076893108
"melotte22","nan",56.64619061,24.17001951,19.93049958,-45.44885513,7.362415981,0.0,0.125,7.99,0.20774,5.72,0.13156,0.149432916,0.008965975,0.363645,0.0218187,2.701326144,0.162625138,7.492998793,0.993665388,2.357642052,2.462210728,9.270590688,0.613134305,504.0,100.0,0.1,20.00711926,0.074615378
"melotte71","nan",114.3813816,-12.06897854,-2.369304384,4.199588902,0.440399482,0.0,0.125,8.989894564,0.233737259,12.12535659,0.278883202,0.271891008,0.01631346,0.661646769,0.039698806,4.490629495,0.091653593,8.552678185,0.198792285,3.346277582,3.259611128,13.64385115,0.909161227,1866.0,373.0,0.72,7.871020094,0.046658455
"melotte97","nan",141.8427745,-56.99767639,-7.718298136,5.731559134,0.727811623,-0.249999398,0.125,8.309630167,0.216050384,11.13007837,0.255991803,0.460634997,0.0276381,1.120955266,0.067257316,4.477232493,0.237973714,14.48627831,2.124785055,4.314662346,5.437242073,12.17479756,0.810095295,981.0,196.0,0.53,28.26799495,0.146900264
"monob1d","nan",100.2259228,9.723823041,-1.861844848,-3.670891429,1.395898341,0.249999244,0.125,7.120573931,0.185134922,8.933034006,0.205459782,0.155596572,0.009335794,0.378644257,0.022718655,"nan","nan",5.812644481,1.025582343,3.885670514,4.007449081,11.62692178,0.775128119,1408.0,281.0,0.58,28.48244575,0.094152667
"ngc1027","nan",40.62407179,61.61238308,-1.756223671,1.973409047,0.880940342,-0.249999398,0.125,8.309630167,0.216050384,11.42469099,0.262767893,0.733893979,0.044033639,1.785930998,0.10715586,7.157550998,1.028577678,15.93565842,3.752922733,7.162497092,10.92575116,12.4037235,0.8269149,1405.0,281.0,0.41,107.8997942,0.415102154
"ngc1039","nan",40.52609996,42.73057159,0.654458605,-5.792124814,2.004471925,0.499999815,0.125,7.800029359,0.202800763,8.793531245,0.202251219,0.094684699,0.005681082,0.230415216,0.013824913,3.611838068,0.035253768,7.960619548,0.125651456,2.940116237,3.200156847,10.85730739,0.720449966,859.0,171.0,0.35,19.80662953,0.080552231
"ngc129","nan",7.76223432,60.3546006,-2.497559677,-1.127530046,0.515180804,0.499999815,0.125,8.039999998,0.20904,11.48,0.26404,0.619675365,0.037180522,1.50798,0.0904788,8.902194742,0.542787098,43.41939606,12.34294209,14.75003239,21.87170786,21.10763271,1.407175514,5981.0,1196.0,0.68,225.4476906,0.694233203
"ngc1342","nan",52.90787027,37.38993123,0.405683644,-1.659142302,1.524913672,0.0,0.125,8.579783597,0.223074374,9.963564737,0.229161989,0.621608708,0.037296522,1.512684791,0.090761087,3.090411528,0.088227268,15.20767013,2.041081858,3.773373057,3.747092763,10.41521604,0.692594333,792.0,158.0,0.49,21.43624747,0.098673252
"ngc1647","nan",71.47828757,19.07968444,-1.078545476,-1.546601951,1.696718485,0.249999244,0.125,7.92992956,0.206178169,10.13340387,0.233068289,0.656933648,0.039416019,1.598648033,0.095918882,3.870620837,0.032929633,16.8869834,0.340893436,3.903118643,3.732425323,12.20082761,0.812109595,1272.0,254.0,0.46,20.34181486,0.08339648
"ngc1662","nan",72.17482371,10.88481278,-1.12421184,-1.965310185,2.437401396,0.249999244,0.125,8.439332694,0.21942265,8.979810422,0.20653564,0.507905544,0.030474332,1.235988141,0.074159288,3.496708893,0.093313795,10.83045032,0.752540115,3.606388846,2.951894172,8.642785378,0.572193643,433.0,86.0,0.44,12.10678214,0.07660776
"ngc1664","nan",72.75199254,43.67327235,1.596536422,-5.808275125,0.735701096,0.499999815,0.125,8.699837726,0.226195781,11.44933041,0.263334599,0.328827684,0.019729661,0.80020217,0.04801213,4.284541597,0.078430406,9.461101451,0.24590158,3.303595757,3.734452712,11.82583555,0.786110456,1133.0,226.0,0.33,12.25596578,0.073961395
"ngc1758","nan",76.17258063,23.8111423,3.101816924,-3.49570171,1.113576659,0.499999815,0.125,8.749736316,0.227493144,11.33518976,0.260709364,0.54288717,0.03257323,1.321115929,0.079266956,2.447542278,0.091786166,7.999860669,0.834231424,2.376176782,2.029114765,8.610435657,0.570463646,429.0,85.0,0.49,6.094589387,0.042668423
"ngc1817","nan",78.13663623,16.69955224,0.436310717,-0.951484945,0.571886061,0.249999244,0.125,9.071882007,0.235868932,11.47643933,0.263958105,0.270307256,0.016218435,0.657792708,0.039467562,8.387463095,0.347672598,22.50410717,1.984613434,8.889023222,6.474485154,13.55866695,0.90391113,2304.0,460.0,0.39,38.74961326,0.148335259
"ngc188","nan",11.7290836,85.23869418,-2.305300268,-0.96171114,0.521810956,0.249999244,0.125,9.550228353,0.248305937,11.50368219,0.26458469,0.129113989,0.00774684,0.314198893,0.018851934,5.930503008,0.227111736,14.52685766,0.913581777,6.504091985,29.00836331,16.9120001,1.126517361,1660.0,332.0,0.48,435.0270775,1.932975351
"ngc1912","nan",82.17043766,35.81864415,1.541232148,-4.423066805,0.882021148,0.249999244,0.125,8.469822016,0.220215372,11.19508314,0.257486912,0.430044224,0.025802653,1.04651262,0.062790757,3.71442005,0.045218636,28.72587899,1.717672902,4.677453138,5.264403445,13.20504799,0.879860932,1851.0,370.0,0.6,35.40444517,0.126680131
"ngc2099","nan",88.08095653,32.54421898,1.874542872,-5.624463274,0.669197278,0.249999244,0.125,8.760422483,0.227770985,11.2286013,0.25825783,0.316240452,0.018974427,0.76957114,0.046174268,3.957117678,0.061955554,9.794101619,0.255468027,3.687406121,3.861641473,16.24506861,1.082434121,3819.0,763.0,0.49,20.1382917,0.061427394
"ngc2112","nan",88.45346329,0.395799337,-2.71534851,4.288211732,0.909006369,-0.499996571,0.125,9.359835482,0.243355723,12.0100868,0.276231996,1.102752327,0.06616514,2.683547787,0.161012867,3.744040347,0.080576506,11.87242206,0.596366148,3.897600385,3.695838451,14.13528002,0.941484274,2172.0,434.0,0.39,15.39897734,0.063024066
"ngc2168","nan",92.26279638,24.34749096,2.260461685,-2.886393795,1.151865857,0.249999244,0.125,7.959994838,0.206959866,10.48648229,0.241189093,0.366580938,0.021994856,0.892074713,0.053524483,4.768590213,0.181466802,11.63819634,0.827196098,4.43529016,4.188439734,13.95505292,0.929882152,2046.0,409.0,0.47,29.15586019,0.092561318
"ngc2232","nan",96.9017146,-4.744565342,-4.703043225,-1.767004422,3.119880828,0.499999815,0.125,7.190331698,0.186948624,7.556603648,0.173801884,0.110573919,0.006634435,0.269081631,0.016144898,2.374334875,0.087154672,"nan","nan",2.841863166,2.815524307,6.786136265,0.443538318,204.0,40.0,0.28,15.02446757,0.09931713
"ngc2287","nan",101.5074992,-20.72239171,-4.373651776,-1.369670089,1.361133452,0.249999244,0.125,7.989894564,0.207737259,9.343291617,0.214895707,0.048838726,0.002930323,0.11884904,0.007130942,4.049903361,0.103742278,14.31914721,1.139462689,4.275152216,3.69584164,11.74587562,0.78234715,1101.0,220.0,0.35,22.16426018,0.089369849
"ngc2301","nan",102.9424341,0.474686696,-1.355908357,-2.189246481,1.153269384,0.249999244,0.125,7.989894564,0.207737259,9.673631437,0.222493523,0.068034504,0.00408207,0.165561966,0.009933718,2.787650673,0.063057864,11.50123606,0.984375411,3.323660812,3.377536252,11.57521887,0.770311815,1127.0,225.0,0.53,18.65188279,0.076329649
"ngc2323","nan",105.6909924,-8.348608231,-0.792164883,-0.620830614,1.003430727,0.249999244,0.125,8.519827994,0.221515528,10.75673176,0.24740483,0.341494639,0.020489678,0.831027204,0.049861632,3.89055959,0.093003528,13.39240184,0.833072966,5.288876983,5.896145759,15.69020367,1.045640801,411.0,82.0,0.44,44.06527678,0.352334263
"ngc2345","nan",107.0838462,-13.20953901,-1.324959321,1.331048816,0.358853227,0.499999815,0.125,8.299999999,0.2158,12.42,0.28566,0.639675365,0.038380522,1.55665,0.093399,7.066734215,0.291849791,40.45242306,8.163835494,11.92997921,12.19156546,18.44995821,1.229136926,4340.0,868.0,0.39,58.190806,0.269810515
"ngc2353","nan",108.6457144,-10.25524213,-1.099880631,0.787691375,0.845229229,0.249999244,0.125,8.279999998,0.21528,10.35,0.23805,0.142590918,0.008555455,0.346995,0.0208197,3.062305013,0.086582084,8.661662839,0.491989629,2.833811134,2.748225169,9.275601901,0.617327143,591.0,118.0,0.35,9.393583508,0.059425959
"ngc2354","nan",108.5110464,-25.71236037,-2.869690414,1.886349744,0.770794285,0.499999815,0.125,8.959994838,0.232959866,10.69088463,0.245890346,0.128169461,0.007690168,0.311900383,0.018714023,5.540889084,0.139471635,14.42034837,0.739921361,6.80626899,3.365496867,13.27837458,0.884153271,621.0,124.0,0.43,15.74332538,0.103379992
"ngc2358","nan",109.2926914,-17.18537143,-1.383715959,0.575718853,1.07393972,0.0,0.125,8.640481437,0.224652517,9.974696444,0.229418018,0.185540153,0.011132409,0.451511961,0.027090718,3.974870145,0.142536803,36.85947246,7.79313848,5.014128421,5.14306023,9.173354309,0.607018498,539.0,107.0,0.44,21.65935496,0.149998177
"ngc2360","nan",109.4397508,-15.63522332,0.381993713,5.630299696,0.917788447,-0.249999398,0.125,9.149219113,0.237879697,10.23090836,0.235310892,0.200446992,0.012026819,0.487787755,0.029267265,3.153080473,0.07005364,11.4878796,0.712866477,3.450839294,3.108863041,13.04202526,0.867279633,1589.0,317.0,0.3,15.47133225,0.059196017
"ngc2420","nan",114.602584,21.57557952,-1.223695277,-2.041728423,0.399405259,0.0,0.125,9.419955748,0.244918849,11.91067176,0.27394545,0.009197695,0.000551862,0.02238259,0.001342955,3.147757875,0.113527454,6.379259075,0.287205354,2.202843204,2.822174402,13.74468863,0.914986508,2764.0,552.0,0.59,3.971485988,0.02730135
"ngc2422","nan",114.1500553,-14.47963389,-7.046488106,1.018051855,2.10226614,-0.249999398,0.125,7.699837726,0.200195781,9.055356707,0.208273204,0.342051959,0.020523118,0.832383442,0.049943007,3.065510288,0.131710131,7.189098051,0.545511157,2.684133498,2.24352578,10.60939237,0.707292825,785.0,157.0,0.19,12.8390078,0.050768356
"ngc2423","nan",114.2926439,-13.86646506,-0.742055406,-3.581704091,1.059465915,0.499999815,0.125,8.969881644,0.233216923,9.742350905,0.224074071,0.02576354,0.001545812,0.062695573,0.003761734,3.870671986,0.129270442,14.57253041,1.638638785,4.286963323,3.964678351,11.62949191,0.773892384,1009.0,201.0,0.44,16.74787439,0.089175726
"ngc2437","nan",115.4495384,-14.83722641,-3.85988293,0.391924026,0.598734028,0.249999244,0.125,8.439332694,0.21942265,11.53735898,0.265359257,0.249191433,0.014951486,0.606407351,0.036384441,6.528151091,0.063292822,18.03777953,0.341143737,5.999556149,5.865808552,16.81512297,1.120698613,3621.0,724.0,0.8,44.49560714,0.125169244
"ngc2439","nan",115.1860634,-31.68985316,-2.236509565,3.187443753,0.256657399,-0.249999398,0.125,7.579999993,0.19708,12.72,0.29256,0.534209986,0.032052599,1.3,0.078,10.2191025,0.978141225,19.4682941,2.121664375,10.49822112,12.28012792,17.24410451,1.149606967,3665.0,733.0,0.53,51.15972579,0.258239311
"ngc2447","nan",116.1381036,-23.85391229,-3.565187081,5.082685358,0.993993328,0.0,0.125,8.880241776,0.230886286,9.694880887,0.22298226,0.01488431,0.000893059,0.036220968,0.002173258,2.951267961,0.093022126,10.92368428,0.985495188,3.511203123,3.190872204,12.23808126,0.815219908,1251.0,250.0,0.32,19.4796439,0.071488725
"ngc2477","nan",118.0447741,-38.53789643,-2.425821828,0.90494874,0.689754957,0.0,0.125,8.980003372,0.233480088,11.49962612,0.264491401,0.52077355,0.031246413,1.267302435,0.076038146,3.583487227,0.030987918,21.15141893,0.617336776,4.48007202,4.963648362,21.23280484,1.414844442,6283.0,1256.0,0.7,43.44301235,0.090864455
"ngc2489","nan",119.0780726,-30.0664114,-2.504083471,2.160028742,0.497409635,0.499999815,0.125,8.749736316,0.227493144,12.14586347,0.27935486,0.467187832,0.02803127,1.136901589,0.068214095,4.949221031,0.110425376,11.16515315,0.363104682,5.338809151,5.053755068,15.9902171,1.065642521,2697.0,539.0,0.63,17.47635521,0.083592792
"ngc2527","nan",121.2690578,-28.09814695,-5.538328099,7.315427923,1.56639436,0.0,0.125,8.45,0.2197,9.1,0.2093,0.242449147,0.014546949,0.59,0.0354,5.112560867,0.159835364,18.13524688,1.77318,5.64591173,6.774658145,11.31584915,0.753588254,216.0,43.0,0.45,48.12229179,0.45946158
"ngc2546","nan",123.1215201,-37.66983027,-3.73427767,3.970774621,1.07535056,0.249999244,0.125,7.989894564,0.207737259,10.43465254,0.239997008,0.276467628,0.016588058,0.672783973,0.040367038,7.148831231,0.166359014,25.00516425,1.03937316,5.872859975,6.558482051,12.44978281,0.82998552,1088.0,127.0,0.42,43.22371735,0.115931036
"ngc2547","nan",122.4922761,-49.17887719,-8.471913241,4.415386567,2.585438778,0.249999244,0.125,7.439332694,0.19342265,7.9104818,0.181941081,0.054802959,0.003288178,0.133363,0.00800178,2.164464961,0.039469893,8.252457033,0.514892037,2.355348496,2.341772903,8.955254461,0.597016964,445.0,89.0,0.33,13.8966029,0.064797036
"ngc2567","nan",124.6376248,-30.61840191,-2.958139778,2.622796667,0.569822605,0.249999244,0.125,8.760422483,0.227770985,11.47202127,0.263856489,0.136326685,0.008179601,0.331750989,0.019905059,3.330240044,0.06108652,23.58534039,1.910983726,3.761797606,3.959077713,10.74148179,0.715247301,768.0,153.0,0.49,15.58766123,0.09449298
"ngc2571","nan",124.7053081,-29.79038128,-4.927108351,4.29331891,0.750113312,-0.499996571,0.125,7.419955748,0.192918849,10.72540028,0.246684206,0.314324311,0.018859459,0.764908211,0.045894493,4.805296247,0.086600905,11.03023531,0.297983377,4.317262568,4.228298305,9.659841615,0.63972461,604.0,120.0,0.27,15.19757694,0.105581942
"ngc2627","nan",129.3081342,-29.95648269,-2.352062728,2.908449329,0.550737854,0.499999815,0.125,9.209515015,0.23944739,10.94980155,0.251845436,0.013877643,0.000832659,0.033771245,0.002026275,3.632185254,0.144959929,7.804073866,0.423901734,3.063566532,3.100318672,11.74754472,0.781728673,836.0,167.0,0.52,11.42752362,0.06742844
"ngc2632","nan",130.0150887,19.64467248,-35.94039886,-12.88434423,5.408392489,0.249999244,0.125,8.199999999,0.2132,6.5,0.1495,0.246558455,0.014793507,0.6,0.036,3.115301991,0.15620726,14.85545288,1.926923925,3.189784634,2.636182224,10.08724406,0.670420106,652.0,130.0,0.48,18.42422819,0.07145995
"ngc2669","nan",131.6130975,-52.93654437,-4.100400724,4.686186812,0.871742705,0.0,0.125,8.820201459,0.229325238,10.16582813,0.233814047,0.189874003,0.01139244,0.462058387,0.027723503,2.088821861,0.022145295,6.076014643,0.134818268,1.896838301,2.465512407,10.10485355,0.671490804,527.0,105.0,0.65,6.159020016,0.049083215
"ngc2670","nan",131.401404,-48.80258185,-5.370249382,3.722979231,0.657435368,0.249999244,0.125,8.609594409,0.223849455,11.93880627,0.274592544,0.600844791,0.036050687,1.462155799,0.087729348,4.476228418,0.264934957,30.80201781,10.99496126,6.690034941,4.873496466,12.60825912,0.837781084,1054.0,210.0,0.34,25.00550829,0.12541317
"ngc2671","nan",131.5674929,-41.8881112,-1.5308235,1.012034562,0.707633228,0.499999815,0.125,8.699837726,0.226195781,13.08050233,0.300851554,1.15845781,0.069507469,2.819107081,0.169146425,3.029735669,0.083014429,8.595653364,0.474121611,2.630094854,2.950065854,12.45665771,0.827696308,1209.0,241.0,0.63,7.216689969,0.045928637
"ngc2682","nan",132.8462329,11.82372703,-10.97615684,-2.918663247,1.152697651,0.249999244,0.125,9.311753861,0.2421056,9.45,0.21735,0.001,6e-05,0.0024335,0.00014601,3.536511926,0.078172316,9.411772648,0.384319226,3.634093851,3.374622664,13.55945019,0.903963346,1750.0,350.0,0.26,19.12165415,0.068981164
"ngc2818","nan",139.0437042,-36.61467843,-4.408825256,4.539361015,0.301106655,0.0,0.125,9.029383778,0.234763978,13.04382709,0.300008023,0.28662783,0.01719767,0.697508824,0.041850529,6.53731314,0.212164223,14.26430642,0.643712528,5.35080843,6.52020006,15.85914114,1.055922329,2468.0,493.0,0.51,15.35966519,0.101989301
"ngc2910","nan",142.6488315,-52.90650752,-6.757360673,6.133950599,0.771423476,0.0,0.125,7.939999995,0.20644,10.6,0.2438,0.306821451,0.018409287,0.74665,0.044799,3.315516691,0.09125258,7.098023259,0.265683269,2.941143444,3.260214911,12.37018868,0.82393696,841.0,168.0,0.39,11.3099934,0.070487631
"ngc2925","nan",143.3221137,-53.42238789,-8.53701179,5.411341954,1.3180477,0.249999244,0.125,7.980003372,0.207480088,9.443775494,0.217206836,0.095725325,0.00574352,0.232947579,0.013976855,3.774157805,0.106613975,14.15245548,1.160261966,4.400662487,5.254862565,9.444503035,0.628389201,506.0,101.0,0.48,28.04305417,0.172484826
"ngc3114","nan",150.5288569,-60.04048309,-7.376590301,3.815382068,0.97906478,0.249999244,0.125,8.48,0.22048,9.98,0.22954,0.082186152,0.004931169,0.2,0.012,5.924991752,0.162745997,24.95023065,2.658043521,7.336915971,9.780981015,18.75695427,1.249152172,3814.0,762.0,0.17,114.961248,0.285620326
"ngc3293","nan",158.9547578,-58.23756164,-7.538642776,3.319108559,0.388434251,0.0,0.125,7.179999986,0.18668,12.03,0.27669,0.39038422,0.023423053,0.95,0.057,6.268963552,0.259246698,18.21254558,1.559501323,9.358051448,12.06163977,24.3186537,1.62124358,6866.0,1373.0,0.41,72.95493812,0.24258934
"ngc3532","nan",166.3996181,-58.70640987,-10.39893802,5.237751906,2.090083248,0.0,0.125,8.459392488,0.219944205,8.317715861,0.191307465,0.082789074,0.004967345,0.201467212,0.012088033,3.350143386,0.020739422,18.81383563,0.374682857,4.019040384,5.231896885,16.61088811,1.106170253,2718.0,543.0,0.45,63.53369936,0.142293212
"ngc3766","nan",174.0751277,-61.59963596,-6.71631593,0.985129474,0.475487147,-0.249999398,0.125,7.650307523,0.198907996,11.93951533,0.274608853,0.438320104,0.026299206,1.066651973,0.063999118,6.031989383,0.167093934,13.26515314,0.516631864,6.85790999,8.762905809,22.95893245,1.529827383,5978.0,1195.0,0.58,58.92882651,0.172835136
"ngc381","nan",17.07365607,61.59915732,1.606160578,-2.342107598,0.850916,0.499999815,0.125,8.699837726,0.226195781,12.09945556,0.278287478,0.641425723,0.038485543,1.560909496,0.09365457,3.458555264,0.114419452,8.900173625,0.518603113,2.934519662,3.689188162,11.11521754,0.738729772,655.0,131.0,0.39,12.53524541,0.091094452
"ngc4103","nan",181.6121165,-61.23859205,-6.186301874,0.172848836,0.502191658,-0.499996571,0.125,7.419955748,0.192918849,12.06704437,0.277542021,0.589283495,0.03535701,1.434021384,0.086041283,4.8020849,2.530456871,6.655168516,2.785253352,3.073270305,6.770755269,14.71198995,0.978290892,1564.0,312.0,0.39,28.78406315,0.154987926
"ngc4609","nan",190.536731,-62.98882134,-4.887337654,-0.985330667,0.678982735,0.249999244,0.125,8.250420002,0.21451092,11.74118683,0.270047297,0.530808645,0.031848519,1.291722838,0.07750337,4.008158036,0.262500416,13.12132556,2.078545513,4.010030007,6.332645897,13.65659204,0.908351305,960.0,192.0,0.42,27.96519744,0.178224729
"ngc4755","nan",193.3913449,-60.3994847,-4.732110584,-1.034685491,0.469068098,0.0,0.125,7.149999986,0.1859,11.7,0.2691,0.52599137,0.031559482,1.28,0.0768,5.731758917,0.386803136,12.8390612,1.239907734,9.890335138,13.14321173,27.2671288,1.817808587,9500.0,1900.0,0.71,99.37863832,0.26734989
"ngc4852","nan",195.0399815,-59.60355214,-8.163675635,-1.154372134,0.785618003,-0.249999398,0.125,8.250420002,0.21451092,11.37101378,0.261533317,0.669550333,0.04017302,1.629350736,0.097761044,3.417735791,0.062856984,9.037993079,0.303361909,3.107139108,4.164259739,11.72944588,0.778257073,844.0,168.0,0.52,15.62199074,0.094618598
"ngc5281","nan",206.424894,-62.93058944,-4.675073334,-2.340096599,0.633474872,-0.249999398,0.125,8.069999998,0.20982,10.61,0.24403,0.410930758,0.024655845,1.0,0.06,5.283161635,0.188448071,24.11982262,3.207163325,7.835787909,8.193153557,16.27165009,1.083754263,1165.0,233.0,0.29,63.7477311,0.309336686
"ngc5316","nan",208.5435404,-61.88616759,-6.322459441,-1.528827252,0.687548102,0.249999244,0.125,8.519827994,0.221515528,11.37581721,0.261643796,0.399804239,0.023988254,0.972923615,0.058375417,3.904988769,0.048658178,33.91081672,2.354675975,5.144460929,7.505426556,14.73097425,0.981449621,2008.0,401.0,0.45,51.10341459,0.188315672
"ngc5617","nan",217.4531207,-60.72182901,-5.682296024,-3.160243468,0.416760695,0.249999244,0.125,7.810232518,0.203066045,13.56846197,0.312074625,0.95359009,0.057215405,2.320561485,0.139233689,4.414222039,0.116749291,15.37091281,0.789260601,3.920645417,5.665005577,16.22417585,1.081611723,1825.0,365.0,0.33,19.62314138,0.108532169
"ngc5662","nan",218.7501316,-56.66512031,-6.468476605,-7.189645508,1.29425719,0.0,0.125,7.820201459,0.203325238,10.43649806,0.240039455,0.53289684,0.031973811,1.29680446,0.077808268,4.64768253,0.220254001,32.6915765,11.15675849,4.614063326,6.227066714,11.51502307,0.766744416,831.0,166.0,0.29,34.28855353,0.186709591
"ngc5822","nan",226.0472577,-54.37525248,-7.48060151,-5.485628418,1.201648977,0.0,0.125,8.969881644,0.233216923,9.928700774,0.228360118,0.251424763,0.015085486,0.611842161,0.03671053,4.372265629,0.06597889,30.720852,1.878186174,5.370170799,6.51214532,15.30325971,1.019684842,1916.0,383.0,0.46,48.98452903,0.172869502
"ngc5823","nan",226.3651095,-55.61226047,-3.713314054,-2.397612131,0.544259735,0.249999244,0.125,8.170261715,0.212426805,12.95992972,0.298078384,0.916480852,0.054988851,2.230256154,0.133815369,4.83591188,0.322925769,11.97279935,1.328996239,4.017604532,5.269413803,17.55103848,1.169116795,2457.0,491.0,0.51,20.29600516,0.093593187
"ngc5925","nan",231.8422104,-54.52031313,-4.363304073,-5.120469767,0.689353389,0.249999244,0.125,8.760422483,0.227770985,11.70126468,0.269129088,0.615357656,0.036921459,1.497472857,0.089848371,3.271141072,0.156634549,19.53695516,5.172468778,3.265226198,4.290533757,15.08043848,1.002916428,1397.0,279.0,0.52,12.73787631,0.079619761
"ngc6005","nan",238.9571476,-57.436285,-4.033908021,-3.819030635,0.374597563,0.0,0.125,9.100370545,0.236609634,13.09821621,0.301258973,0.740676867,0.044440612,1.802437156,0.108146229,3.548228998,0.114785545,7.31821638,0.302441203,2.357780905,3.695302374,18.78888943,1.25018842,2473.0,494.0,0.47,5.587953727,0.041862594
"ngc6067","nan",243.3075605,-54.23159588,-1.960120161,-2.579511455,0.468857946,-0.249999398,0.125,7.989894564,0.207737259,12.23134827,0.28132101,0.629794271,0.037787656,1.532604358,0.091956261,3.682383008,0.780302061,25.51256798,37.32078675,3.489843938,4.349478453,22.15931633,1.476966326,4091.0,818.0,0.34,15.5035525,0.061909155
"ngc6087","nan",244.7223217,-57.93193135,-1.612264749,-2.400181539,1.035626122,-0.249999398,0.125,7.800029359,0.202800763,10.24642909,0.235667869,0.370525428,0.022231526,0.901673629,0.054100418,3.442375152,0.064534769,31.11830055,3.173376072,4.420409197,5.116514824,12.58820506,0.837587288,1032.0,206.0,0.38,24.55881169,0.127966619
"ngc6124","nan",246.318954,-40.65450784,-0.224474165,-2.11818083,1.595099618,0.249999244,0.125,7.969881644,0.207216923,10.95839624,0.252043114,1.063103349,0.063786201,2.587062,0.15522372,3.246164621,0.042013524,11.5071697,0.461383856,3.680799787,3.828850141,16.89507312,1.125047522,2618.0,523.0,0.57,25.34781767,0.07494013
"ngc6134","nan",246.9446551,-49.15937953,2.146297989,-4.444259769,0.875157816,0.499999815,0.125,8.959994838,0.232959866,10.91942456,0.251146765,0.4170801,0.025024806,1.014964423,0.060897865,2.760153086,0.06274111,7.825989171,0.357323712,2.909043009,3.139760368,14.86494432,0.9897781,1627.0,325.0,0.46,14.96253504,0.058611709
"ngc6167","nan",248.6861358,-49.73201151,-0.747074759,-2.825529601,0.67666883,0.499999815,0.125,7.602059991,0.19765356,9.0,0.207,0.4,0.024,0.9734,0.058404,4.445329412,0.072910484,"nan","nan",7.646732605,9.215116374,31.17511614,2.078046839,12122.0,2424.0,0.33,78.65404501,0.170463903
"ngc6178","nan",248.9506609,-45.54851998,0.43615201,-3.328682795,1.124327492,0.0,0.125,6.759999972,0.175759999,9.85,0.22655,0.534,0.03204,1.299489,0.07796934,3.066497898,0.079520755,"nan","nan",4.589605658,4.633869513,9.033732406,0.600668121,381.0,76.0,0.64,14.01148849,0.131395176
"ngc6192","nan",250.0822172,-43.35907987,1.621313534,-0.237438748,0.590154478,-0.249999398,0.125,8.389166084,0.218118318,12.4495936,0.286340653,1.038110636,0.062286638,2.526242233,0.151574534,5.383855419,0.218945879,8.682880249,0.311574648,2.743224326,3.405439186,17.42631064,1.159779949,2354.0,470.0,0.52,9.917768635,0.04808823
"ngc6193","nan",250.3286074,-48.82133177,1.219317293,-4.089111694,0.857491891,0.249999244,0.125,7.209515015,0.18744739,9.92125393,0.22818884,0.546846193,0.032810772,1.330750212,0.079845013,5.130743583,0.236917446,10.44815471,0.609188746,4.35061317,4.266129946,14.78757621,0.98521878,1591.0,318.0,0.59,11.89644705,0.071987694
"ngc6204","nan",251.5369105,-47.02267916,-0.736761056,-0.609485906,0.834457008,-0.249999398,0.125,8.130333768,0.211388678,11.39993042,0.2621984,0.707814936,0.042468896,1.722467646,0.103348059,2.098506323,0.039008309,5.018366395,0.147509903,1.747152879,1.982818964,11.78242668,0.782542123,798.0,159.0,0.45,4.998649915,0.031374622
"ngc6208","nan",252.3321772,-53.72999811,-1.004724601,-1.524678024,0.845336644,0.499999815,0.125,9.100370545,0.236609634,10.89546446,0.250595683,0.2620608,0.015723648,0.637724956,0.038263497,4.578212756,0.152670812,8.896108665,0.348523034,3.163661863,4.009396228,11.43883926,0.759489328,712.0,142.0,0.5,17.17399113,0.100600489
"ngc6231","nan",253.5449337,-41.74457193,-0.587930566,-2.090827621,0.604226198,0.499999815,0.125,6.954242509,0.180810305,12.1,0.2783,0.74,0.0444,1.80079,0.1080474,4.019614086,0.181086177,28.12621878,7.810020223,6.270311761,6.548796168,25.2535277,1.683568513,7185.0,1437.0,0.55,29.85746769,0.095900762
"ngc6250","nan",254.4963646,-45.95015037,0.391320604,-2.431515152,1.020860421,0.249999244,0.125,7.369215857,0.191599612,11.0327259,0.253752696,0.588987207,0.035339232,1.433300368,0.085998022,3.035859832,0.203171707,7.038357269,0.71368815,2.00039021,2.36816986,8.095722632,0.531689343,273.0,54.0,0.42,5.046098549,0.052951752
"ngc6253","nan",254.7828549,-52.70945815,-4.537970833,-5.280411665,0.585563324,0.249999244,0.125,9.55,0.2483,11.25,0.25875,0.336963222,0.020217793,0.82,0.0492,2.432995553,0.04155959,10.02027582,0.560653825,2.978512973,3.356904789,22.16226973,1.477484649,4141.0,828.0,0.61,10.23553682,0.041777292
"ngc6259","nan",255.1933068,-44.68631941,-1.039141725,-2.898675195,0.422447218,0.499999815,0.125,8.760422483,0.227770985,12.98579281,0.298673235,0.773138826,0.04638833,1.881433333,0.112886,4.90475301,0.157261626,11.49608681,0.649662718,4.307675184,5.447428704,23.56729999,1.56993868,4835.0,967.0,0.23,19.68039468,0.078598742
"ngc6281","nan",256.1810441,-37.95023841,-1.90174061,-4.044090125,1.885161809,0.249999244,0.125,8.439332694,0.21942265,8.947659119,0.20579616,0.235583171,0.01413499,0.573291645,0.034397499,2.520403995,0.043217402,7.04596829,0.237947283,2.571238758,2.668915742,12.640679,0.840440472,1061.0,212.0,0.46,13.18376095,0.055307042
"ngc6400","nan",265.0401039,-36.93197193,0.430274264,-2.59821694,0.795912011,0.249999244,0.125,8.620136055,0.224123537,12.11442193,0.278631704,0.929372018,0.055762321,2.261626807,0.135697608,3.814951349,0.142897613,22.92062241,4.429186686,6.329203126,2.058040762,14.71856955,0.98123797,626.0,125.0,0.35,5.714456322,0.043572383
"ngc6405","nan",265.0825964,-32.24475158,-1.381425309,-5.875471446,2.183254183,0.249999244,0.125,7.729974286,0.200979331,8.789123633,0.202149844,0.276311397,0.016578684,0.672403784,0.040344227,3.21760802,0.164505295,6.45773437,0.464112141,2.35569772,2.329365553,12.24581117,0.816387411,1025.0,205.0,0.41,13.9186263,0.050013442
"ngc6425","nan",266.7375214,-31.49500463,3.799283682,-1.687416502,0.984779547,-1.499969466,0.125,8.149999999,0.2119,10.77,0.24771,0.834047668,0.05004286,2.029655,0.1217793,3.064936059,0.071063528,12.10278337,0.871425637,3.142994004,3.099840377,10.30134335,0.686756223,500.0,100.0,0.32,10.51150697,0.07455555
"ngc6444","nan",267.3816493,-34.82319593,-0.985318501,-0.932705575,0.522335374,0.499999815,0.125,8.710117365,0.226463051,12.41278992,0.285494168,0.554792041,0.033287522,1.350086432,0.081005186,5.942644024,0.049549793,15.79825235,0.164843086,4.321825452,4.580871157,13.72657943,0.914266518,1091.0,218.0,0.58,11.07168035,0.084808086
"ngc6475","nan",268.4691023,-34.84122039,3.069838528,-5.40341147,3.579055527,0.0,0.125,7.829946696,0.203578614,7.818748274,0.17983121,0.271438413,0.016286305,0.660545379,0.039632723,2.758726546,0.035533401,"nan","nan",3.538252927,3.450155575,12.90865112,0.859196506,1247.0,249.0,0.14,30.02986291,0.091162896
"ngc6494","nan",269.2297794,-18.98811627,0.311372483,-1.836523288,1.366263495,0.249999244,0.125,8.559906625,0.222557572,10.4709842,0.240832637,0.580096521,0.034805791,1.411664884,0.084699893,3.817402642,0.021427922,23.03385833,0.478928269,4.415650531,4.108299269,17.34809909,1.156539939,2760.0,552.0,0.62,24.22977916,0.077258888
"ngc6530","nan",271.0980944,-24.35055791,1.408596516,-2.004922461,0.77489379,0.0,0.125,6.820201459,0.177325238,11.14919454,0.256431474,0.681064453,0.040863867,1.657370347,0.099442221,3.302652535,0.041924658,9.683895174,0.258489726,2.989421196,3.063518416,15.07127936,1.004751957,1620.0,324.0,0.62,10.20071806,0.049548725
"ngc6568","nan",273.1900486,-21.62194446,0.577946532,-1.408511481,0.931098554,0.249999244,0.125,8.840106094,0.229842758,10.8177444,0.248808121,0.372334656,0.022340079,0.906076385,0.054364583,3.030614647,0.164504014,7.045047242,0.577583301,2.541319351,2.49400912,11.3845996,0.754808844,666.0,133.0,0.51,5.948402096,0.044958484
"ngc663","nan",26.52947786,61.19237794,-1.15376564,-0.357107804,0.344295246,0.499999815,0.125,7.539999999,0.19604,12.44,0.28612,0.8,0.048,1.9468,0.116808,7.73129462,0.170908214,20.18048415,0.799948314,10.11327435,14.05973959,19.16002067,1.276714445,6178.0,1235.0,0.37,80.47382795,0.296764661
"ngc6633","nan",276.8212,6.619037824,1.215973733,-1.823552225,2.536440783,0.249999244,0.125,8.620136055,0.224123537,8.486193376,0.195182448,0.281226726,0.016873603,0.684365237,0.041061914,6.390767103,0.701959491,6.651781203,0.355423018,3.345214796,3.503041312,10.43467832,0.692449301,653.0,130.0,0.45,18.24999548,0.092348842
"ngc6694","nan",281.3292524,-9.389747068,0.1654854,-1.389481413,0.518043186,0.249999244,0.125,8.0,0.208,11.64,0.26772,0.654679,0.03928074,1.593161347,0.095589681,4.512649796,0.257141405,7.738481948,0.429047497,2.670633307,2.947534863,15.39329708,1.026219805,1570.0,314.0,0.41,6.420725957,0.040613969
"ngc6709","nan",282.8455068,10.3341517,1.439459795,-3.533561514,0.925564205,0.249999244,0.125,8.439332694,0.21942265,11.08690905,0.254998908,0.444075793,0.026644547,1.080658441,0.064839506,4.518179816,0.045937292,9.682952739,0.133661054,3.403270285,3.137356246,11.39259051,0.759506034,765.0,153.0,0.65,10.46153695,0.064714011
"ngc6793","nan",290.8177306,22.15180706,3.796299341,3.547557176,1.674947022,0.499999815,0.125,8.4,0.2184,8.93,0.20539,0.252023834,0.01512143,0.6133,0.036798,2.880277675,0.096997673,8.39537964,0.589829607,2.744997417,2.765058512,9.590564383,0.634296586,504.0,100.0,0.22,10.90772066,0.065958541
"ngc6811","nan",294.3350587,46.37417669,-3.366881882,-8.820765666,0.881302983,0.499999815,0.125,8.760422483,0.227770985,10.95394374,0.251940706,0.173434876,0.010406092,0.42205377,0.025323226,4.139239302,0.130175733,12.90507744,1.06540393,4.79323416,3.774307732,12.98791661,0.863131837,898.0,179.0,0.4,18.92958262,0.097290038
"ngc6819","nan",295.3248884,40.19213219,-2.892862004,-3.86955649,0.375666662,0.249999244,0.125,9.579783597,0.249074374,11.57253599,0.266168328,0.08988688,0.005393213,0.218739723,0.013124383,3.871819488,0.092802379,8.085180418,0.253327962,3.346702734,4.141313662,26.08040145,1.73829451,8717.0,1743.0,0.58,12.35162101,0.042084696
"ngc6830","nan",297.7150545,23.08744269,-3.197822882,-5.77656099,0.429934294,0.499999815,0.125,7.849999997,0.2041,11.98,0.27554,0.680768441,0.040846106,1.65665,0.099399,6.680493268,0.070241321,15.36410945,0.243259964,5.547850281,6.008707204,16.41661348,1.092845504,2058.0,411.0,0.31,17.72444052,0.106238971
"ngc6939","nan",307.9242402,60.6510872,-1.81918185,-5.454114087,0.524562196,0.249999244,0.125,9.250420002,0.24051092,11.75505884,0.270366353,0.457415161,0.02744491,1.113119793,0.066787188,3.606665413,0.086375968,13.07685383,0.870519347,4.507846809,5.222030995,18.4390201,1.227985515,3101.0,620.0,0.59,22.30566312,0.093496697
"ngc6940","nan",308.6341824,28.2797051,-1.938720372,-9.429642656,0.961125798,0.499999815,0.125,8.959994838,0.232959866,9.95434552,0.228949947,0.124621679,0.007477301,0.303266856,0.018196011,4.344229741,0.029981613,21.57334765,0.410443135,4.550426004,3.912048489,14.9656334,0.995596222,1356.0,271.0,0.32,18.91761817,0.088617972
"ngc6991","nan",313.5815678,47.34471981,5.564423797,8.397277495,1.771353308,0.0,0.125,9.320146286,0.242323803,8.469161636,0.194790718,0.094517962,0.005671078,0.230009461,0.013800568,5.193699638,0.234214748,12.0493825,0.943812577,4.40068633,4.33836288,10.92543657,0.728362438,795.0,159.0,0.63,15.53270109,0.100572511
"ngc7039","nan",317.7453547,45.61190821,-0.224594754,-2.588343592,1.320149221,0.0,0.125,6.749999981,0.175499999,9.52,0.21896,0.419149373,0.025148962,1.02,0.0612,3.958863447,0.121147048,9.779174516,0.498011417,4.023349167,4.939253334,11.02999133,0.735332756,815.0,163.0,0.7,20.42178989,0.124749387
"ngc7058","nan",320.5508028,50.84117896,7.464960843,2.767636328,2.741669102,0.499999815,0.125,7.759667845,0.201751364,7.814442495,0.179732177,0.013643709,0.000818623,0.033201967,0.001992118,3.830397767,0.120642322,6.577692877,0.229818547,2.104206274,2.38714406,6.544319162,0.428722257,173.0,34.0,0.37,11.47826412,0.08133636
"ngc7082","nan",322.159764,47.09871903,-0.279984242,-1.175268649,0.73789424,0.499999815,0.125,8.0,0.208,10.72,0.24656,0.224679,0.01348074,0.546756346,0.032805381,5.17153517,0.085293054,19.49076554,0.634338447,4.416467201,5.502239325,11.59548677,0.771391193,942.0,188.0,0.49,30.67729003,0.15321123
"ngc7086","nan",322.6217249,51.5928567,-1.65165711,-1.671418991,0.598803658,0.499999815,0.125,8.209999998,0.21346,11.39,0.26197,0.753359359,0.045201562,1.8333,0.109998,3.570479151,0.100999267,10.52495503,0.629676991,3.420384142,4.110378809,15.41379823,1.025746645,2234.0,446.0,0.44,14.88028147,0.067932507
"ngc7142","nan",326.2799293,65.78064947,-2.679387502,-1.353277619,0.409332551,0.499999815,0.125,9.390935107,0.244164313,12.35797356,0.284233392,0.468600074,0.028116005,1.140338281,0.068420297,5.960631459,0.199307317,10.34979391,0.343494671,3.505959038,6.302332605,18.24276852,1.215267385,2659.0,531.0,0.31,12.53610221,0.097206861
"ngc7160","nan",328.4423053,62.45058837,-3.492693759,-1.444717709,1.103129128,-0.249999398,0.125,6.829999952,0.177579999,9.92,0.22816,0.52599137,0.031559482,1.28,0.0768,2.837565147,0.058504009,24.84667269,4.759591577,4.291063595,5.541516717,10.23713311,0.681480678,686.0,137.0,0.63,19.68333081,0.145118468
"ngc7209","nan",331.228665,46.48972187,2.304251825,0.277655233,0.820541409,0.499999815,0.125,8.740362689,0.22724943,10.60604688,0.243939078,0.15530058,0.009318035,0.377923962,0.022675438,5.923830469,0.239568203,33.74926799,4.357793998,6.270005447,7.36918486,12.71281146,0.846188184,1222.0,244.0,0.4,39.18654065,0.205222147
"ngc752","nan",29.25021108,37.81101507,9.709795156,-11.84070894,2.272127302,0.249999244,0.125,9.390935107,0.244164313,7.681651822,0.176677992,0.102998913,0.006179935,0.250647855,0.015038871,"nan","nan",6.037404178,0.138555992,3.244617428,3.733713959,8.853359629,0.588929624,456.0,91.0,0.34,12.97805618,0.097391142
"ngc7654","nan",351.1838621,61.58818657,-1.893254844,-1.19859356,0.610272956,-0.249999398,0.125,7.800029359,0.202800763,12.67884083,0.291613339,1.034522506,0.06207135,2.517510518,0.151050631,3.471721137,0.049734707,11.02628411,0.370041756,2.981712807,4.412713247,15.45989687,1.030254179,2541.0,508.0,0.27,17.67261936,0.074604369
"ngc957","nan",38.34244811,57.54835727,-0.296420957,-1.097833388,0.412506654,0.499999815,0.125,7.219999998,0.18772,12.38,0.28474,0.834,0.05004,2.029539,0.12177234,7.987221384,0.200269641,"nan","nan",13.96848821,20.54794679,18.66878253,1.24415869,5832.0,1166.0,0.19,140.6927873,0.531435499
"oc0081","nan",291.9229594,20.68235994,1.661484231,-6.856054115,2.005549557,0.249999244,0.125,7.120573931,0.185134922,9.761160718,0.224506697,0.983869721,0.059032183,2.394246965,0.143654818,2.587295758,0.108753804,7.538334535,0.500699441,1.869470339,1.975315853,6.598422493,0.437244864,156.0,31.0,0.52,4.931831514,0.053751498
"oc0236","nan",19.89054899,58.28957128,-1.580582111,-0.747973661,0.313342274,0.499999815,0.125,8.342422681,0.21690299,13.12,0.30176,0.7,0.042,1.70345,0.102207,7.806885815,0.182287105,17.18634437,0.565192487,8.195598298,11.84242173,16.99035251,1.13215487,4232.0,846.0,0.43,46.66200599,0.230450675
"oc0287","nan",79.41357159,38.03167683,1.062677786,-3.488451667,0.630527155,0.249999244,0.125,8.42975228,0.219173559,11.97285908,0.275375759,0.422118348,0.025327101,1.027225001,0.0616335,21.10754483,1.280303007,42.27022267,2.277818827,13.69984379,17.30374304,11.16423284,0.742500189,1253.0,250.0,0.44,120.245589,0.684608094
"ocsn38,oc038","nan",333.1352335,73.35340023,5.365634505,1.656576613,2.927024296,0.249999244,0.125,6.880241776,0.178886286,8.410544357,0.19344252,0.456108772,0.027366526,1.109940697,0.066596442,5.182977241,0.181602124,11.7747124,0.425893789,3.162449088,8.242790205,5.461964951,0.35352524,71.0,14.0,0.21,47.05070587,0.648487519
"oc0407","nan",107.4113486,-25.18720998,-4.92234801,3.635082868,1.620864846,0.0,0.125,7.189999995,0.18694,9.27,0.21321,0.193137456,0.011588247,0.47,0.0282,4.374603597,0.165964545,"nan","nan",4.710589522,4.492107632,7.135581748,0.47570545,202.0,40.0,0.44,20.13946585,0.18134889
"oc0451","nan",124.6585604,-39.26573866,-5.302758076,5.426679264,1.623024875,-0.249999398,0.125,7.330413773,0.190590758,9.095521966,0.209197005,0.274651342,0.01647908,0.668364041,0.040101842,4.912737575,0.428671824,17.51719711,2.748404362,3.920078302,3.47785639,7.045230823,0.467556797,108.0,21.0,0.44,13.21402702,0.161423609
"oc0469","nan",129.3712797,-40.18115102,-5.627295747,3.810729345,1.07542695,-0.499996571,0.125,7.309630167,0.190050384,9.567644806,0.220055831,0.533686712,0.032021203,1.298726614,0.077923597,"nan","nan",13.81998245,28.51317218,6.797722433,7.985954665,13.54808061,0.903205374,1657.0,331.0,0.69,42.18633853,0.203355514
"oc0470","nan",117.9130652,-46.32862653,-4.727385171,9.015247254,2.541828161,0.499999815,0.125,6.759667845,0.175751364,6.825782188,0.15699299,0.664024704,0.039841482,1.615904118,0.096954247,3.809923905,0.1427002,55.29586335,19.12236872,4.605855945,5.97122392,8.463679476,0.559767161,378.0,75.0,0.53,48.38397775,0.259406331
"oc0618","nan",220.8532618,-57.60129927,-3.440398296,-2.289911438,0.464125602,0.0,0.125,8.980003372,0.233480088,12.46247998,0.28663704,0.79366345,0.047619807,1.931380005,0.1158828,4.327828024,0.122016642,13.74186617,0.903807536,5.384652894,8.018318088,17.79223227,1.184706984,2333.0,466.0,0.61,27.15918148,0.158734582
"ocsn46","nan",43.09084974,68.82925952,1.476158183,-7.930996255,2.278654103,0.499999815,0.125,7.530199698,0.195785192,9.734719466,0.223898548,0.613062418,0.036783745,1.491887395,0.089513244,6.723777598,0.623758901,8.303101804,0.501500096,3.54797678,8.625712432,6.920870957,0.455041974,218.0,43.0,0.43,57.35051348,0.465708604
"ocsn90","nan",207.7276607,-63.48576931,-8.391563886,-5.441540594,2.233874698,0.249999244,0.125,7.519827994,0.195515528,9.358076287,0.215235755,0.322447692,0.019346862,0.78467646,0.047080588,"nan","nan",8.14195897,0.481408552,4.45099858,6.328684578,6.852695934,0.454390232,186.0,37.0,0.29,33.19803083,0.302875583
"phoc31","nan",168.7598352,-59.41816406,-6.85496619,2.372470453,0.940500348,-0.249999398,0.125,8.820201459,0.229325238,10.25466295,0.235857248,0.196131687,0.011767901,0.47728646,0.028637188,4.821895144,0.159282381,8.345324541,0.271772549,2.506816162,3.443658625,6.221957823,0.414797188,135.0,27.0,0.22,9.135806288,0.122008489
"pozzo1","nan",122.3668359,-47.36385944,-6.479739373,9.724006255,2.916412663,0.499999815,0.125,6.820201459,0.177325238,6.954488204,0.159953229,0.475614114,0.028536847,1.157406946,0.069444417,3.268401679,0.241367233,11.03180947,2.376827286,4.651980098,5.247115316,9.748621,0.649908067,575.0,115.0,0.49,46.96836594,0.201454331
"roslund5","nan",302.6671217,33.71111933,2.048098096,-1.214936707,1.852065917,-0.249999398,0.125,7.69019608,0.199945098,9.049381082,0.208135765,0.288503749,0.017310225,0.702073873,0.042124432,3.827032855,0.065614157,15.79590228,0.602075292,3.597093693,3.387104345,7.786065473,0.511629153,279.0,55.0,0.19,17.008959,0.112826281
"roslund6","nan",307.5969658,40.31526922,6.038947661,2.192938416,2.850676218,0.249999244,0.125,7.810232518,0.203066045,8.028108767,0.184646502,0.087992285,0.005279537,0.214129226,0.012847754,"nan","nan",7.638081318,1.11979604,4.168016482,5.360783891,7.123369972,0.466217517,219.0,43.0,0.2,33.93794414,0.242055117
"ruprecht111","nan",219.0074201,-59.97526535,-7.278946113,-6.062121164,0.676185701,-0.749997542,0.125,9.350248018,0.243106448,11.57322357,0.266184142,0.768458348,0.046107501,1.87004339,0.112202603,4.162531113,0.11765838,9.63349974,0.411770698,4.105746314,4.743617925,12.27926696,0.818617798,1352.0,270.0,0.58,19.20379023,0.092753975
"ruprecht121","nan",250.4444381,-46.15688933,-1.114913096,-2.579418755,0.488186285,-0.499996571,0.125,8.279999998,0.21528,10.98,0.25254,0.814978426,0.048898706,1.98325,0.118995,3.691082987,0.050892864,12.47577246,0.296220011,3.133000819,3.749053789,18.00257347,1.198700766,2448.0,489.0,0.47,8.867448815,0.049858433
"ruprecht128","nan",266.068684,-34.88039405,1.895065388,-1.277672529,0.515899774,-0.749997542,0.125,9.178976947,0.238653401,12.35058423,0.284063437,1.233473357,0.074008401,3.001657413,0.180099445,4.129448454,0.519118998,7.673949333,1.052074887,2.119813426,2.798627272,14.14588091,0.939886116,1189.0,237.0,0.69,3.95295755,0.035576004
"ruprecht145","nan",282.9238573,-18.02196769,8.328786659,-4.002768717,1.6509591,0.249999244,0.125,8.949877704,0.23269682,9.268903848,0.213184789,0.280987989,0.016859279,0.683784272,0.041027056,5.483450545,0.677281709,16.30742813,4.963004012,5.266208799,4.222322788,11.12122056,0.737455213,703.0,140.0,0.44,18.65428424,0.109750144
"ruprecht171","nan",278.0094362,-16.06398729,7.710257192,1.081563564,0.635893659,0.499999815,0.125,9.670245853,0.251426392,10.64973426,0.244943888,0.171102123,0.010266127,0.416377017,0.024982621,3.363395265,0.185387077,8.696577074,0.845734744,2.889987537,3.269105217,15.47358645,1.029728141,2978.0,595.0,0.49,12.80390465,0.042580219
"ruprecht27","nan",114.4340959,-26.50760513,-1.214018274,0.472935562,0.502302128,-0.249999398,0.125,8.889861721,0.231136405,11.77220218,0.27076065,0.486911057,0.029214663,1.184898057,0.071093883,4.861884867,0.144966197,14.50414692,0.92866328,5.342794424,5.126026827,11.2507579,0.750050527,928.0,185.0,0.47,14.78742628,0.112325235
"ruprecht84","nan",147.3064468,-65.25378482,-6.936386291,4.004713691,0.52466351,0.499999815,0.125,8.760422483,0.227770985,11.92045948,0.274170568,0.254687426,0.015281246,0.619781851,0.037186911,5.664912803,0.343365968,40.32114032,11.08977402,6.445637338,5.164408236,11.65964359,0.774543347,480.0,96.0,0.32,23.19556613,0.178808073
"ruprecht91","nan",161.9660237,-57.49589223,-11.23817691,2.459660791,0.951076508,0.249999244,0.125,8.279999998,0.21528,10.18,0.23414,0.126153688,0.007569221,0.306995,0.0184197,4.06333317,0.085588411,17.75968449,0.95173307,4.005916273,4.681303062,10.70443748,0.710561991,698.0,139.0,0.35,19.2162658,0.121232793
"ruprecht98","nan",179.7225063,-64.58144495,-4.118860531,-8.603784058,2.103423321,0.0,0.125,8.5,0.221,8.42,0.19366,0.334679,0.02008074,0.814441347,0.048866481,4.658440052,0.228745224,21.25022412,4.53405495,4.663323012,5.863943025,7.023926009,0.46134161,203.0,40.0,0.44,22.27713856,0.237143017
"stephenson1","nan",283.5565452,36.80107551,1.124047568,-2.969676796,2.785758287,0.499999815,0.125,7.620136055,0.198123537,7.715847853,0.177464501,0.019767864,0.001186072,0.048105097,0.002886306,2.963882955,0.076124548,12.87876001,1.334747638,4.211845757,4.212223791,8.394201277,0.554857497,353.0,70.0,0.42,30.5175452,0.160644821
"stock1","nan",294.1558833,25.20839086,6.04955946,0.227939752,2.462009,0.0,0.125,8.169999998,0.21242,8.07,0.18561,0.259837682,0.015590261,0.632315,0.0379389,4.008248127,0.97906255,19.23296599,20.91886036,2.936877761,2.677774102,7.225893418,0.477386352,222.0,44.0,0.44,6.88785487,0.071430695
"stock2","nan",33.89200738,59.54231062,15.81096493,-13.72929164,2.661707354,0.249999244,0.125,8.389999999,0.21814,8.1,0.1863,0.413663448,0.024819807,1.00665,0.060399,4.416554633,0.140679818,14.74400842,1.348223072,4.822337429,6.076281453,13.2609151,0.886969102,1520.0,305.0,0.59,56.54456055,0.185081283
"teutschj04509p5209","nan",72.62126592,52.42127034,9.163145095,-17.07445561,3.332504369,0.249999244,0.125,8.459392488,0.219944205,8.501740006,0.19554002,0.580964706,0.034857882,1.413777611,0.084826657,4.259585372,0.402172081,"nan","nan",5.551736918,5.575039152,5.650035834,0.367092724,118.0,23.0,0.31,27.9512155,0.287843042
"theia2478","nan",197.9534727,-64.21260599,-5.580996808,-1.484875524,0.484180177,0.499999815,0.125,8.760422483,0.227770985,12.00649896,0.276149476,0.517197959,0.031031878,1.258601233,0.075516074,15.21752185,1.072330507,"nan","nan",11.957767,10.65406248,23.99344942,1.59906861,641.0,128.0,0.62,56.61487572,0.628365485
"theia470","nan",301.9258366,35.60938973,1.085660466,-1.710129263,1.50532393,0.0,0.125,7.829946696,0.203578614,9.380809945,0.215758629,0.254528936,0.015271736,0.619396167,0.03716377,12.44537364,1.989378368,57.6263046,42.1722753,8.075594303,8.595369432,7.960520696,0.52890847,296.0,59.0,0.32,61.32809789,0.434661507
"theia754","nan",75.9570961,23.67579319,-1.002978263,-2.40484576,1.386826771,0.249999244,0.125,7.820201459,0.203325238,10.60413046,0.243895001,0.589849643,0.035390978,1.435399107,0.086123946,4.620398886,0.319117187,14.96444701,1.761677351,3.935552196,3.858980082,10.50251529,0.700167686,840.0,168.0,0.33,16.14870651,0.0897077
"trapezium","nan",83.82288258,-5.418447672,1.156269956,0.246288064,2.563702966,0.499999815,0.125,7.120573931,0.185134922,8.447802048,0.194299447,0.39107212,0.023464327,0.951674004,0.05710044,2.515875813,0.186435682,"nan","nan",4.156495174,3.957988237,15.75020766,1.050013844,2585.0,517.0,0.47,48.74027051,0.10136454
"trumpler10","nan",131.791368,-42.3819447,-12.35279524,6.573825468,2.299762355,0.249999244,0.125,7.699837726,0.200195781,7.972318017,0.183363314,0.006525902,0.000391554,0.015880782,0.000952847,4.977570598,0.216069136,89.74255488,73.3373835,5.770568339,6.056231882,10.52509521,0.701673014,725.0,145.0,0.53,58.96284384,0.233848471
"trumpler18","nan",167.8582341,-60.64366241,-7.158532699,0.620691351,0.656592404,-0.249999398,0.125,7.540329475,0.196048566,11.64151084,0.267754749,0.547821047,0.032869263,1.333122519,0.079987351,5.397294722,0.123365052,10.36858683,0.273814971,3.87731306,5.296260893,9.360982836,0.618379276,439.0,87.0,0.34,20.01293678,0.160245973
"trumpler19","nan",168.6385179,-57.5609757,-1.668015828,-1.218934527,0.391349303,0.0,0.125,9.58,0.24908,11.79,0.27117,0.291760838,0.01750565,0.71,0.0426,3.554787479,0.055466025,"nan","nan",3.90239119,5.902449128,22.39724886,1.492045727,5409.0,1081.0,0.64,9.094869967,0.060301587
"trumpler2","nan",39.28121199,55.88555378,1.52440947,-5.406154661,1.454292001,0.0,0.125,7.829946696,0.203578614,10.16601617,0.233818372,0.558822504,0.03352935,1.359894563,0.081593674,4.327242304,0.126930479,16.77437527,1.720956349,4.670301946,5.361801624,10.17770739,0.677579234,726.0,145.0,0.35,25.35882447,0.151236841
"trumpler21","nan",203.0482508,-62.78470472,-4.707241716,-2.259267646,0.737815756,0.0,0.125,7.640481437,0.198652517,11.18054962,0.257152641,0.411732745,0.024703965,1.001951636,0.060117098,3.372734052,0.065911574,7.758648207,0.227403242,3.020403127,4.692625937,11.159092,0.743939467,597.0,119.0,0.31,17.56231181,0.127710346
"trumpler3","nan",48.08073083,63.20375919,-3.412810019,-0.157758908,1.489270105,0.0,0.125,7.479999997,0.19448,9.28,0.21344,0.443805219,0.026628313,1.08,0.0648,3.823089129,0.110656318,12.23382989,0.835262519,3.991867918,5.821915903,10.0065743,0.663232065,689.0,137.0,0.54,35.26575723,0.186922781
"trumpler30","nan",269.1688243,-35.30326263,1.173404777,-2.212269892,0.708089402,0.249999244,0.125,8.450249108,0.219706477,11.48365842,0.264124144,0.502997975,0.030179878,1.224045572,0.073442734,5.274810847,0.301687006,7.460629686,0.305894863,2.896161297,3.405677793,12.27222839,0.818148559,989.0,197.0,0.63,9.796236264,0.061082694
"ubc159","nan",339.0838092,39.66725509,-1.874194555,-4.992493422,2.003714842,0.0,0.125,6.64999991,0.172899998,8.62,0.19826,0.402712143,0.024162729,0.98,0.0588,5.488817143,0.314938729,"nan","nan",7.380231764,7.968222442,11.31153759,0.750747211,747.0,149.0,0.52,83.23394323,0.352279073
"ubc175","nan",344.3538016,54.38319572,1.474734809,-0.7444047,0.743163144,0.249999244,0.125,8.760422483,0.227770985,11.13423111,0.256087316,0.372276946,0.022336617,0.905935949,0.054356157,7.790392118,0.375137556,25.37071482,3.469466081,5.882689299,6.947509586,10.16106258,0.674450375,688.0,137.0,0.8,32.45896542,0.214842056
"ubc17a","nan",83.54999498,-1.437651969,-0.30121296,-0.027586577,2.397494578,0.499999815,0.125,6.820201459,0.177325238,6.911214359,0.15895793,0.585808839,0.035148531,1.425565809,0.085533949,4.670214869,0.167003599,"nan","nan",5.796992175,6.469776244,11.31545465,0.752803429,798.0,159.0,0.38,58.57886619,0.24885276
"ubc195","nan",67.68985326,46.30556821,0.270731095,-4.273067851,0.894482034,-0.249999398,0.125,8.041392685,0.20907621,10.34,0.23782,0.67,0.0402,1.630445,0.0978267,5.407706253,0.195860392,9.800890868,0.375160487,3.288682491,3.915070144,8.81325238,0.586453983,550.0,110.0,0.43,10.74479469,0.089744879
"ubc226","nan",118.743399,-17.7326863,-4.327155197,1.114505705,0.61497007,0.0,0.125,9.06069784,0.235578144,11.52613287,0.265101056,0.21221703,0.012733022,0.516430141,0.030985808,4.382595585,0.263209057,19.1655375,2.96656029,4.307859078,2.539228073,9.613947444,0.639952802,322.0,64.0,0.44,7.894844522,0.071083835
"ubc331","nan",265.9824888,-32.36937401,-1.968062832,-2.347862714,0.930319107,-0.249999398,0.125,8.829946696,0.229578614,10.19469174,0.23447791,0.362950141,0.021777008,0.883239169,0.05299435,4.909929348,0.11138966,14.21480652,0.479608148,3.84485796,4.158298564,11.33613308,0.752584508,779.0,155.0,0.35,16.61890949,0.097631834
"ubc334","nan",265.57607,-30.72788097,-0.743035199,-1.315026606,0.620097831,0.249999244,0.125,7.819999995,0.20332,10.94,0.25162,1.338237107,0.080294226,3.2566,0.195396,5.135951433,0.215023374,12.58864911,0.862454609,4.398794845,4.687958173,17.01228621,1.133634772,2191.0,438.0,0.26,13.51321175,0.074594987
"ubc530","nan",209.9225943,-63.58433798,-6.149752823,-1.714042963,1.022216907,0.499999815,0.125,8.760422483,0.227770985,10.65477214,0.245059759,0.362919214,0.021775153,0.883163907,0.052989834,2.590857085,0.096845953,11.07483733,1.417177032,2.776352227,3.967831311,8.329889609,0.548137288,305.0,61.0,0.51,12.32768767,0.116682744
"ubc54","nan",64.7509718,46.44494535,3.259072577,-3.812615674,0.909615644,0.249999244,0.125,8.459392488,0.219944205,11.22821489,0.258248942,0.505677351,0.030340641,1.230565835,0.07383395,7.644190069,0.69489703,11.15646116,0.779065314,4.274848393,4.96156415,8.341845242,0.554889927,430.0,86.0,0.36,16.62549576,0.144551097
"ubc7","nan",106.7163579,-37.72953166,-9.670661522,7.034694757,3.603352079,0.499999815,0.125,7.130333768,0.185388678,7.347824077,0.168999954,0.208411904,0.012504714,0.507170368,0.030430222,2.451495461,0.011339909,"nan","nan",3.258493217,3.386223842,7.193027497,0.471337984,159.0,31.0,0.27,19.92733534,0.151490463
"ubc8","nan",84.48051226,57.1492492,-3.243620583,-3.981047803,2.086233487,0.249999244,0.125,8.220108088,0.21372281,9.164707221,0.210788266,0.461270008,0.027676201,1.122500565,0.067350034,4.105067544,0.228469645,13.40102835,2.072780128,3.788955366,5.146036253,8.320088814,0.554672588,390.0,78.0,0.34,27.75299063,0.183387799
"ubc94","nan",269.687924,-24.61073816,-1.399310942,-4.188776167,0.729308203,-0.249999398,0.125,7.954242509,0.206810305,10.34,0.23782,0.57,0.0342,1.387095,0.0832257,7.427821809,0.360329067,37.190972,4.92186208,7.50385413,4.670478995,17.51211019,1.16654078,887.0,177.0,0.36,18.394792,0.134447318
"upk19","nan",278.9949527,-13.94645171,-1.854556828,-9.24213192,3.537741576,-0.249999398,0.125,7.829946696,0.203578614,8.308143458,0.1910873,0.635747119,0.038144827,1.547090615,0.092825437,3.338508582,0.070338236,59.33482645,25.31536952,3.983191545,4.229973671,6.996707958,0.457071374,199.0,39.0,0.51,20.91538578,0.167085676
"upk5","nan",273.2641392,-18.35767749,0.690908247,-8.458962835,1.773445466,0.0,0.125,7.829946696,0.203578614,9.366214677,0.215422938,0.391521475,0.023491289,0.95276751,0.057166051,5.641437788,0.639317801,54.89258158,35.00158219,5.664944991,5.644677315,7.052790607,0.465288269,192.0,38.0,0.27,25.54032994,0.243767053
"upk535","nan",127.5027971,-50.59696989,-12.74964691,3.166363297,3.060169605,-0.249999398,0.125,6.749736316,0.175493144,7.55265968,0.173711173,0.249816487,0.014988989,0.607928421,0.036475705,11.93526824,4.09560393,21.41130347,9.419184595,6.446240538,6.579781212,5.858134761,0.377944178,124.0,24.0,0.66,39.99675653,0.372905472
"upk549","nan",146.4942979,-52.49071621,-1.652365089,-0.414419015,0.98159817,0.499999815,0.125,8.959994838,0.232959866,10.6129553,0.244097972,0.422819072,0.025369144,1.028930211,0.061735813,4.653076946,0.223517547,12.78226458,1.183294402,4.00018831,4.585308295,10.78308521,0.716934686,742.0,148.0,0.64,15.81880574,0.108846329
"vdbh164","nan",222.3844617,-66.45590919,-7.400729528,-10.72942681,2.393208919,0.0,0.125,7.609594409,0.197849455,8.096290729,0.186214687,0.164468358,0.009868101,0.400233748,0.024014025,3.863562846,0.194932598,11.38294258,0.864282073,2.922358619,5.209097225,7.137501658,0.475833444,210.0,42.0,0.33,35.62439707,0.247507548
"vdbh5","nan",115.3357899,-30.12355977,-6.239944342,5.888564044,1.78780481,0.0,0.125,7.609594409,0.197849455,8.506641898,0.195652764,0.04651796,0.002791077,0.113201455,0.006792087,7.269328857,0.776013286,10.30548632,0.817953597,4.953686672,5.20965352,9.844969136,0.654203784,617.0,123.0,0.49,41.7016817,0.186418412
