"database","name"
LADA2003,"NGC 281W"
LADA2003,"NGC 281E"
LADA2003,"IRAS 01546+6319"
LADA2003,"IRAS 02044+6031"
LADA2003,"IRAS 02048+5957"
LADA2003,"IRAS 02054+6011"
LADA2003,"IRAS 02175+5845"
LADA2003,"IC 1805W"
LADA2003,"IRAS 02232+6138"
LADA2003,"IRAS 02245+6115"
LADA2003,"IRAS 02407+6047"
LADA2003,"IRAS 02461+6147"
LADA2003,"IRAS 02484+6022"
LADA2003,"IRAS 02497+6217"
LADA2003,"AFGL 4029"
LADA2003,"IRAS 02541+6208"
LADA2003,"W3IRS5"
LADA2003,"IRAS 02570+6028"
LADA2003,"IRAS 02575+6017"
LADA2003,"IRAS 02593+6016"
LADA2003,"AFGL 437"
LADA2003,"AFGL 490"
LADA2003,"NGC 1333"
LADA2003,"IC 348"
LADA2003,"LKHalpha 101"
LADA2003,"S242"
LADA2003,"AFGL 5142"
LADA2003,"OMC 2"
LADA2003,"L1641 N"
LADA2003,"Trapezium"
LADA2003,"AFGL 5157"
LADA2003,"L1641C"
LADA2003,"S235B"
LADA2003,"NGC 2024"
LADA2003,"NGC 2068"
LADA2003,"NGC 2071"
LADA2003,"L1641S"
LADA2003,"MWC 137"
LADA2003,"NGC 2282"
LADA2003,"MonR2"
LADA2003,"AFGL 6366S"
LADA2003,"Gem4"
LADA2003,"AFGL 5180"
LADA2003,"Geml"
LADA2003,"IRAS 06068+2030"
LADA2003,"GGD 12-15"
LADA2003,"IRAS 06155-2319"
LADA2003,"RNO 73"
LADA2003,"NGC 2244"
LADA2003,"NGC 2264"
LADA2003,"S287 N"
LADA2003,"BSF 56"
LADA2003,"S 287 C"
LADA2003,"L 1654"
LADA2003,"BIP 14"
LADA2003,"RCW38"
LADA2003,"NGC 3576"
LADA2003,"Rho Oph"
LADA2003,"NGC 63341"
LADA2003,"Trifid, M20"
LADA2003,"M16, NGC 6611"
LADA2003,"M17"
LADA2003,"NGC 6530, M8"
LADA2003,"MWC 297"
LADA2003,"Serpens SVS2"
LADA2003,"S87E"
LADA2003,"R CrA"
LADA2003,"S88B"
LADA2003,"S 106"
LADA2003,"W 75 N"
LADA2003,"L1228"
LADA2003,"IC 5146"
LADA2003,"L988 e"
LADA2003,"LKHalpha 234"
LADA2003,"Cep A"
LADA2003,"Cep C"
KOPOSOV2008,"Koposov 7, FSR 784"
KOPOSOV2008,"Koposov 41, FSR 839"
KOPOSOV2008,"Koposov 58, FSR 849"
KOPOSOV2008,"Koposov 82, Teutsch 136"
GLUSHKOVA2010,"SAI 10"
GLUSHKOVA2010,"SAI 15"
GLUSHKOVA2010,"SAI 18"
GLUSHKOVA2010,"SAI 19"
GLUSHKOVA2010,"SAI 20,FSR 584"
GLUSHKOVA2010,"SAI 22"
GLUSHKOVA2010,"SAI 23"
GLUSHKOVA2010,"SAI 24"
GLUSHKOVA2010,"SAI 28"
GLUSHKOVA2010,"SAI 32,FSR 655"
GLUSHKOVA2010,"SAI 38,FSR 699"
GLUSHKOVA2010,"SAI 39,FSR 696"
GLUSHKOVA2010,"SAI 52,FSR 812"
GLUSHKOVA2010,"SAI 53,FSR 874"
GLUSHKOVA2010,"SAI 54,FSR 855"
GLUSHKOVA2010,"SAI 55,FSR 826"
GLUSHKOVA2010,"SAI 97,FSR 1432"
GLUSHKOVA2010,"SAI 113"
GLUSHKOVA2010,"SAI 119,FSR 1662"
GLUSHKOVA2010,"SAI 125,FSR 31"
GLUSHKOVA2010,"SAI 126"
GLUSHKOVA2010,"SAI 134,FSR 198"
GLUSHKOVA2010,"SAI 152,FSR 469"
