fname,ra,dec,plx,pmra,pmde,cmmt
"alessi44",295.792,1.563,1.327,0.81,-2.493,"CANTAT20 bad coords, use HUNT23"
"bica3",276.517,-13.06,0.332,-0.177,-1.681,"CANTAT20 bad plx, use HUNT23"
"collinder107",99.622,4.635,0.649,-2.43,-0.202,"CANTAT20 points to Cr 104, use HUNT23"
"collinder302",246.533,-26.25,"","","","HUNT23 points to GC NGC 6121"
"collinder316",253.68,-40.76,0.6,"","","KHARCHENKO 2003 coords"
"dolidze50",241.403,-20.485,"","","","Listed as remnant in Kharchenko articles with these coords"
"kronberger31",295, 26.27,0.05,-2.36,-4.5,"Use PERREN2022 coords+pms and set Plx to reasonable value"
"kronberger39",163.55,-61.74,"nan",-4.5,1.9,"Use PERREN2022 coords+pms and set Plx to reasonable value"
"orionnebulacluster",83.82,-5.5,2.58,1.3,0.2,"manually selected to reject as many low mass blue stars as possible"
"saurer1",110.225,1.8,0.08,-0.29,-0.25,"Use PERREN2022 coords+pms and set Plx to reasonable value"
"saurer3",160.35,-55.29,0.15,-6.7,3.2,"Better parallax"
"saurer6",297.75,32.24,"",-2.6,-4.1,"Use PERREN2022 coords+pms and set Plx to reasonable value"
"ubc602","","",0.34,-1.22,-0.524,"Bad plx+pms in CANTAT2020, use HUNT2023"
