name,cmmts_hash,B_hash,C_hash,membs_hash
ads16795,0e791ddd103ccf51,64e269d631422e58,a5f736f9e134d1b8,8a1f0125afa78212
alessi145,cc20e0360feeb695,395177ea52519b52,c3bce921f5af411d,b1784d03957b9ca5
alessi33,93783373cf740f95,e11c2a0e3e6740ee,8a95c9f4e85d1023,a8d1bab61220eff9
alessi34,392f8f79ea365e65,4ee3a324177b89bf,96631ad3b0c16983,ae86a54c3b855fb4
alessiteutsch5,9b8f8b2f8ec93227,8a3c5aa9d9111bf0,f7d2ba140e5bd3b1,71e5c901f480f842
ascc100,457c544f7756b14a,d7d76071a3da549a,1c404ff85f1b28ff,d0cbda9778f3b566
ascc120,6912440e12dd84be,17d0106347f03406,7267f725a0ce4d37,c65a47d2b2689c96
ascc123,4bd0f9f42e808b12,853730daa55ae899,c2442b8d0574a0b7,6d24cc9fd524296f
ascc19,723d3a495cb3b56a,75f8b92198213a8d,7e0f3e082d4a13a3,b1212a1e0db7ac9a
ascc21,e66bc49711d428b8,99e5802dc4c986ef,a99ecbed2f0f347e,fe519fb5c1f7c7b9
ascc24,0e791ddd103ccf51,4dcd7dea8f315a47,81616c36371a5647,379bb2dd811f18c6
ascc33,0fc92535e0da7c42,3c7dd676e6cf7161,abfa5b4e7037d92e,b6c7a4d313ac93e4
ascc79,93783373cf740f95,fa35ca378a418291,b9fe355ecc1f91ac,6f965cb398352072
ascc93,fd7dd7b640d924d8,abf11f13141f4e50,3d4c6c5ce89f6c51,b4db6c9e18bffd12
ascc99,486f11722b2243b8,40ff903c17a200c4,7c775c2179687d33,1d091ff69c2b82e5
avenihunter1,0d0c916e78621df4,e7d7f1c4b339655f,6dbf9f5238189fb3,a89d393b2b42b6e8
bdsb120,4c49f2292dc927be,5ef66ebe6d94e459,457affc46bd931cf,a1189957d0cf6274
bdsb124,4c49f2292dc927be,0b68d6539868de3f,eb27952c2f8aa7e6,0ade47435b45af17
bdsb125,4c49f2292dc927be,a3bcd01efe48cb2b,18ee4f47f7efe4eb,f921d3e794062644
bdsb91,7a86feba667f5525,0b69c02deed6bf4e,cca8f0c90a914011,7beed370af939495
bochum10,b5ee7910f1c297f5,a7b794f0ccfa83bb,1a7052faf607d05b,752f9594d986ef99
chaisouth,cf4ea379ac7367f8,352eb0035e6feaef,37110efc1c0d2e67,8d06da94edbee886
coingaia9,af5497c1fd389d53,bf96e0ad31cf9a59,e1a7d6f084928476,f1cd865422da17ca
collinder104,2be98e47a28f7dae,eea2f0cb96b76d1b,31b3375134a6db26,74dc0f902c790fc1
collinder132,acfb6e5d9c32d125,0fbe6f0c5402b5d2,bd3bec78a1620374,ba66a70ecbd27c90
collinder333,72771239cedeb192,ff3aebf240cdc732,c1680e64158fc49e,797da6c0cdc2aa19
collinder394,47949e2b4cb78c81,9874751f45a657be,0dc8208d4cc58773,2c1eb1d807e36f19
collinder419,3b0906ded69fec97,d756324a10b1d552,48021f25ca99d33f,0e84af4ab3db204a
collinder464,d9027b2b3ac1f79b,0c7537412a8807a6,524f4fd58db9f878,4c9ab6f39184c504
collinder471,c2478dd6f7385efb,8fbd93098b57c93f,dee4dbac9e8f9c5c,8853ffc77715c58b
collinder65,7aedd08b6da14ebe,dfb927f48005f123,a82066eedb752651,d58d28250818063a
dbsb88,9accf3b9eb937080,4265a906e4f3de3a,07e515a137b27d43,8c9a9037e4d086db
deltacepheicluster,0fc92535e0da7c42,623268135dfbfc20,cb31c72060521464,a6371323ca039afa
eso48901,0fc92535e0da7c42,6855c7d8d11e7021,f5708d2f59cbec9f,efc7d0750f5b6426
fof2439,203b4bf81245af84,c3f660569bbc5d8e,a09ba811d332366c,f9dc93ea7216bac8
fsr0354,e1f6ecac8f060e44,ca54e464b2d4c0a2,722bc20cc0d8f769,b485214da8d6afd9
fsr0416,80c71785278b32bf,f17e2994916b4653,60018bdc69f1a4ef,1887cc4ba21fe6a2
fsr0839,36af280db228f82e,7db0746953e726f7,57a95aecd2449e6c,ee9fc43470cacb58
fsr1017,457c544f7756b14a,22568c4696b84a62,ef1f7efe66e39f54,ca95ae68476499e3
fsr1088,8d16ab605b8377f0,997b12558deeaa50,29b481a735752288,25efd01f6e3b2bcf
fsr1424,8d16ab605b8377f0,88dbc9601a54180f,533e032b945b9400,27ed58f96affc9b8
fsr1785,0fc92535e0da7c42,41d8fbe6a8f164ff,6f5bfbb56aa89b01,3264baa718ec615b
graham1,f9fbf141ed9e631b,4971014fef803958,ae784dde6648871e,b42aa00dedae0748
gulliver10,95d48c9ef7348837,b0ce8e74b4d12dae,2125787121e18ad7,7a489b9fc3931ae5
gulliver20,cc20e0360feeb695,5dbbfdd3a6ba2260,66dc2a6543289e54,7208c5986d15f672
harvard10,3b0906ded69fec97,77227ed4fc60a6c7,4e145f399d8e478b,1a96e288622a4dbf
hogg12,f225fe7f372bf448,5415c372ce30f1a6,cfd06dd7c98a3639,97b11f5de6653b7a
hsc1181,343ee132fc7db772,841487aa6bfdc748,2378dac69bf36437,987e4f965c06679f
hsc179,343ee132fc7db772,e5de24e51ce896b4,86901f69f60e0a45,f7b13c1f9fdf7c39
hsc2359,343ee132fc7db772,eed684b100520dc5,b72e93e9e1f6ceb5,d4826c6ca8a8129e
hsc2667,343ee132fc7db772,651c46ed1ce8d196,3ecd4ced269f9023,baa18bf7a13ad2bc
hsc287,343ee132fc7db772,cbb5a624444e18ee,83327e70201483b1,771840bc0b26fa9d
hsc2878,343ee132fc7db772,368c13a3321c8b71,1b96da334fa1d59c,17b1a278ac671908
hsc2879,343ee132fc7db772,cc87a6b3915cba2b,500349af311df1cb,99c11f89f9718ad7
hsc290,343ee132fc7db772,9afe34a4dc440a9f,551480408d3ccbc0,44b75b2ec7fe25d7
hsc299,343ee132fc7db772,c457aa67bea06286,d5b25d55ee14f6a3,1dce178dfc62b985
hsc31,343ee132fc7db772,66c724e4df6d5f81,6bb3f928dede108f,7141382410317430
hsc338,343ee132fc7db772,a7561a45d1c9cd8f,fb8b95e0fa683160,cb2d9a8d8e5b6016
hsc358,343ee132fc7db772,7c6f85f0ebf1ae41,abc1bdfcb55588b5,c126660e18ddbf04
hsc38,343ee132fc7db772,c185fe1e61e72343,890e882fcb1f1782,45147eac23c70fce
hsc561,343ee132fc7db772,90982300d992e6ed,b3025c3129516b50,ec729dac89c411e2
hsc631,343ee132fc7db772,5de7b93fe02f0e73,24cca0d9b30a6b38,9b28573652c3e7e7
hsc639,343ee132fc7db772,fea27a2a7edff5a0,6544e779da3214b4,4585d32df9ffd83d
hsc647,343ee132fc7db772,67b7bf88f7f75f7c,cb15f7418cc286b6,6838b7368520b7f4
hsc650,343ee132fc7db772,dabb1d77c885563e,f95a1ad7eebe4d38,f8adec4fee802e6e
hsc655,343ee132fc7db772,5d43899075103b20,25f2930e0cf89e69,421e25fc437ea2a1
hsc759,343ee132fc7db772,4dc7d75179f51a58,277aded41b3eed43,a260a20df4796548
hsc888,343ee132fc7db772,16bc2dff69aa9a5f,ce0a073ff7f5d7e3,1e9c434f8f97721e
hsc955,343ee132fc7db772,fd60044ca66d8ac7,287e8b2c23833e64,dc502c6a7e7a857a
hyades,d043f2cb3beaf716,0de0db2341df06e1,f60a4254bd53c4d9,54c5091223e2376f
ic2944,e3d2cf16ef6bc620,b582f4c56a64f693,a51d3770d22e4253,0c4c4617699ff48c
ic5146,6e78b525ad31a8b2,97da5be54a4f6ec7,94fc9e9fea5f2332,15c81fc5f38f7c90
ivanov8,8d16ab605b8377f0,f58336b70368be4c,33a406f239e84d1e,41b2fa0ad09faa94
kronberger59,a82949d77cddb88e,76137e50b4b4419e,6e042e42c46098fd,02bac567d0358c63
l1641s,19302e60c37a0fe2,5369c3a1a6630f22,5f824b0661b62a94,ca42ecdf8044447e
lisc3534,0fc92535e0da7c42,a37d010d90954ac6,f92b025fe2e12afe,a3cad50c9c0a0d8a
lisciii3668,0fc92535e0da7c42,50d30c4d231f7f92,c8cd479f20041db8,40e173df247c996b
loden143,26b1f2af11255aa7,7e9c75f6be5e622c,2e7772fdf73defbb,46f8b47975fd5e14
loden915,0e791ddd103ccf51,7db83d30ad1def18,646243d71c4c3437,5a745fc1d53df59b
lynga4,72ea7be88a14ea8d,f62bb87ee20215c8,fef78803853b7b9e,4805bf8ad0aaeea5
mamajek2,457c544f7756b14a,ebcbedd560f6a2bd,595526efe2748c55,ad68252cb80a44ea
mamajek3,0fc92535e0da7c42,075ae42abb9d5259,83de4cd4bdc385c2,ec1dd0cc6a792645
mamajek4,d043f2cb3beaf716,677fb8a0d1ecc7d2,eca93c049b21d013,5383c6706de83e1d
mcm58,8d16ab605b8377f0,44002a5911f55b21,b23e13199155b70b,b46e86be7b154638
melotte111,d6cde52bb4f2d5fc,c76dd1595c0a06d7,c7a1d3ad344192d0,fcc945ca13361f4f
melotte186,0185933d49707e0c,3cc4c02eee2869cb,273cb9b13fa0e55b,3d8ceec82d77a9d5
melotte227,7aedd08b6da14ebe,effd008b73ea8f08,2baffeee63cafef0,74a5cc7fcfb27d21
ngc1981,e32fe4b930a6503c,2b839d535d4d3cb8,8512127001596470,87388a88bb0cd03b
ngc1996,72771239cedeb192,39a0bd2275c5a50c,1c46828ffa962c87,addd48800bcc92b8
ngc2039,b9f26b285553cc6f,681a68b6fb154d25,7fb3bf667e7afe56,ae2bea55ce008ecc
ngc2184,c3c92e1312edcf67,45a39657b7375861,9927234100a2bc3d,6f4330a4f8fe13be
ngc2384,b5ee7910f1c297f5,db9a22fc34a46c92,129e4872f4e73388,578b5503aecbad60
ngc5045,6a4a53575da19d4e,d935310359d49078,3ababaa791756796,5664ef49346bc07b
ngc6404,8d16ab605b8377f0,3ed1eb31af625a33,16025c4675a694cd,b80c7d2a3537d60d
ngc6618,457c544f7756b14a,44c36574d2175810,357b6d1ce2148146,9b4f3508033be71d
ngc6716,3afde0bfe6068644,59e3d34ac897feb8,a88ad315175d71de,3d67f566fe2fe9ac
ngc6775,f9fbf141ed9e631b,344acac63714f1c8,0975dd2d2fe1d0bd,4edde16e563d32c7
ngc6846,defc3cc1d1f111c5,09abb83e9e49ef1d,f46d0b4270f18182,ff26ab0c19c2ae33
ngc6858,b1630227cfdfb922,24b88857c0c6ccc9,a0a8af9430a67247,93dcff8bde5d0a37
ngc6882,06f7745bcedc8141,40b64b4b2ba518ba,38ccbff7768587e2,4bf1bffbb5e3c591
ngc7023,e8e614036bda32b8,f9d1a027642f2cd6,b960b029ed611ed4,e4375e37eff35718
ngc7438,0e791ddd103ccf51,d50a300f0df1ecf8,670b534f3a6e56e1,1458261ebdba54e8
ns14,843013273da26c5a,b7eb76e509b8152d,234cbf8965406685,46e8085b5ee3445a
oc0185,457c544f7756b14a,7746dce19d6ee869,13b38534f5f2b736,b5d8677c840fdc8d
oc0450,457c544f7756b14a,15829abfa0b4b141,28df054a04017bae,60f65e5ffbc53595
oc0470,efb8c0a6dcf0bc06,b01b35d2482649b5,c78e478fc032c96b,5d91497e792a824b
oc0622,392f8f79ea365e65,d3c9c136d5057e7d,1d26018d93ab1e37,d99986fab05fdee6
pfleiderer4,8d16ab605b8377f0,8b77613c86453f6e,32bffb64266e7847,e90bd6b365349856
pismis22,72ea7be88a14ea8d,6231eaed260816ff,f60d12b1d8269ad5,e8af9e02bbef3505
pismis24,72ea7be88a14ea8d,4c4ee3b53db4e5c7,30e1a261cb7900c6,6dd54eb6487d8f8f
platais10,af5497c1fd389d53,0c812fdd612772df,99381a8606028701,18dd291631f89c27
platais3,0fc92535e0da7c42,65966dc075e1cadc,b770f0664cedb7fb,2b8774ccd318ab26
platais4,72771239cedeb192,1b6671e373c57fe6,685327de889a4e5f,a64f5e1579edff66
platais5,7aedd08b6da14ebe,67704274db764601,3da128e12df1c0f0,cffc244284aa30df
platais6,457c544f7756b14a,1d99e04013db6e5e,76d56c43a44c7183,81efe08fb91aa047
platais9,0fc92535e0da7c42,54337fa7db92db47,d3a9298b2a0bbd0b,20f38c921569e68d
rsg7,80fab958c6ffd133,ac74dcd3f20cb685,fd9858dc2ac3e9ec,81172f1ae2e0e27f
rsg8,b1630227cfdfb922,909f6bbdd89c3415,f14e506e1327755f,41f29f144a63e82f
ruprecht167,0cf07017bf8a5bf5,bc9ff3bc4904cf07,11de4686db27b017,9b5e25c96fe180f7
ruprecht31,552297d194fb3978,ee48ff6620b1250d,6b52db339a96811f,6373dd20b3609466
ruprecht40,297ad45c716fe8f4,1813c5ad54aac849,ffff65b21e7c4747,23d13567b9113562
ruprecht53,3168e0463fef09b4,c22e299949060f7d,52468219a0b2c090,a241ad27611bf4f8
ruprecht65,b07395284e320ee5,adf888289d80d3cd,f51e5e6a9f184438,6b3c139ca8746b71
taurus,b1630227cfdfb922,40211d3528396b2a,4ffa4952d44ac3be,4ffd05ce7f76091b
teutsch141,7aedd08b6da14ebe,7e8669c183850641,dcdca054aad26358,e29be66267d51655
teutsch181,0e791ddd103ccf51,7913403b4bacc40b,bc8f681bd8f1046b,835870294908003e
teutsch39,b1630227cfdfb922,ec81a53748203c36,5c630e358ced7f7f,2fd0cc401c500911
theia1654,343ee132fc7db772,64b8deb3018af09a,36115e335579ca00,ab6523d42aa37064
theia1661,343ee132fc7db772,3e8dfaa12f678737,1b325d7aeec1751a,cda63051c058ec58
theia1666,343ee132fc7db772,276ec408d4651c2a,e0a34b4a85a23432,856c8aaa7f38d78f
theia1756,343ee132fc7db772,726cc1362906d122,3ae2a0d1d2f30939,c30e2d45921cf440
theia3623,343ee132fc7db772,8377d77b0567f360,ce28033763a96b45,a73380be853f4446
theia38,343ee132fc7db772,c569e6856ed3d87a,c6d519ae6ec8d69f,7fb82ea44f2ed3c0
theia3857,343ee132fc7db772,2c4a771bc8a299fc,72ce3ff39ecc1b46,7b7161c92b9ee739
theia4560,343ee132fc7db772,105346286a507fe9,13c252ce7e2f49d5,0f850233e48277e6
theia5150,343ee132fc7db772,9dba98b6200c7c5e,da80d5c56de33b5b,ac26c4f1f3ab9380
theia5426,343ee132fc7db772,4876970d8c2af7b4,1fe075cb34351ffe,31e81e50fdac8101
trumpler10,b9000db2e31b6e24,0186c7d3505193e0,c499046da3fef453,4a4247d920b5dd25
trumpler15,8d16ab605b8377f0,9d267a4e867d95f5,10b0187ea7bf6e5a,7e594fddfe92c20b
ubc10a,042bffd2c29e24bf,b815cc5ad4bb77f7,00636067e0b774d3,887d53bd36b325d4
ubc178,b1630227cfdfb922,2a1a75b956db18f3,01d815526dce3a73,20f3cb3852bcc53b
ubc17b,4026c2302e033403,3920b412a04647eb,9989e1bde82790f9,eec9bf441981b969
ubc21,7a86feba667f5525,04b283e44bb79459,6f2db5811bfe4318,1edc1fd65a1a9858
ubc31,0fc92535e0da7c42,f89cfe91d7ee720f,7986dfe59b55cd45,c691a65487176415
upk160,e32fe4b930a6503c,50052f6cf602143c,20820f4dfc3b267a,cd7b2ff390f12744
upk214,0fc92535e0da7c42,c66073f4978ec72f,9b670c22075d41c7,96f90dd9866a5754
upk230,876f8577d8d100b3,a57e595f9b799ae8,97afedd93cb8133f,af8e55520c6a49a2
upk233,0fc92535e0da7c42,d20a2fb9dc2a1b5a,2fb21df991e4ea0f,1500eefdd23956ed
upk24,0fc92535e0da7c42,0a40296a4116b89c,ef7bfcdb1ad44547,08c19e54adfbf114
upk241,db7340a4777f5d4f,d575d7d1e7daecbe,4dd24262c55296a5,57cbafc9acb27aca
upk260,0fc92535e0da7c42,6cf3db0e22e2eba2,77b4dff6fa5af734,2d9544ec7691138c
upk287,6627c1660499d85c,ea497e5b33ac3572,6371825379a6b5ca,765cbaf046987acd
upk294,0fc92535e0da7c42,ba403e14a5b4fb8e,c89462d1c94cadf5,fb294faa3be9a894
upk300,0fc92535e0da7c42,9a3c60bcf1c989fa,455b3ea6a1db7a40,f33dc475c7405cf4
upk303,0fc92535e0da7c42,b0785cfc990aaf6d,6355d1138c6a7451,a9e2b069983cc24f
upk305,0fc92535e0da7c42,f5ae7a7b6cf6b1da,b58879d683911d07,60e6f6059573ab4c
upk307,0fc92535e0da7c42,1533695d99a48a76,9aba3007abb90534,465cd73f18f350c0
upk367,cfec811adfc40c3e,550acdce0f0600e6,364368249e97af13,752eb70c1836d82f
upk378,0e791ddd103ccf51,b96c4c712654302c,5195a8ac4a569dfa,12b4693848289493
upk41,c9c45a208fdd70d0,0d2e223a111f6763,ae7e118ec9947ea7,ef28f10df163d0e9
upk422,457c544f7756b14a,3f9266ae79e73b54,bec9d0df85d63156,c5ceb1f65b2ad863
upk438,0fc92535e0da7c42,4205f73c4a164dfa,011d91bb1e787dd3,64e3503b9ad80c5d
upk442,0fc92535e0da7c42,da62813fe7a47879,8530cb5ec6e90a23,c48d1b6a7d7f0f4a
upk452,91c3607f8f710e3f,f00256d74ad25fe1,75ff5988f5016c79,5c3e7ef7fd4f1450
upk494,0fc92535e0da7c42,06386339e3350797,a9699203c41de794,ab5d88f298af6801
upk524,0fc92535e0da7c42,66c870587bc8a129,6204618e1f080834,279ab39bffaa2666
upk526,0e791ddd103ccf51,ab35042a09392a92,18cb600626ee9367,fabb951ded2aa786
upk533,0fc92535e0da7c42,3e4785d2be186e04,c906284cfc67e51b,741558268a21c934
upk535,0fc92535e0da7c42,5c4784aa7434112c,c26573cccff4c555,265f16b78622f4d7
upk537,0fc92535e0da7c42,a4b9b12854392ac6,ac530f5b6c38dd6a,f72eb8c8aa20b323
upk545,fca5f07987ef2a2e,ac81f27f9f1d3b89,4e075ae0363568c7,f17735b84998e593
upk560,0fc92535e0da7c42,9d5fc7f2ae9306a0,595f6dc8520882f0,8692844018bb224d
upk569,0fc92535e0da7c42,8757ee62f4b6bb6f,8b7935e8c1466e11,665bdd6a3c57fa13
upk585,042bffd2c29e24bf,7dca671aefea9099,1b152a59344abdde,80ae71bbff527054
upk612,0fc92535e0da7c42,89d0969f8b9965bf,feaa2b2f8bf584e6,c61f7bfa4408a483
upk64,b7ae98c244abbff2,34d72588b626eaa4,4b5c601066773321,30a9796582641561
upk655,afbe72354aa97905,720ab96c2a9629f4,52a36bb5fbf395e0,ce91ddd43cfb8851
upk70,e32fe4b930a6503c,b05c66678ab161d5,d4a4678a3ee1e28b,167107ab5a62e59f
upk71,b1630227cfdfb922,9153a0faf0c7a8a1,5c798e1dcc10c660,56136f2b7050e9d5
upk72,0fc92535e0da7c42,879d9403215a1499,7e693737059078e6,f93ed6ba9f1979b1
upk78,0fc92535e0da7c42,1b83e971170c2739,2554a08e4b898503,26129a871332b808
upk88,0fc92535e0da7c42,bf51c36de93a9079,33d6b2bf8e291b06,f72ccb2fb5129452
vdbh164,af5497c1fd389d53,0bc9e50667d07cde,8bfcb8df982d4247,5471d3e92772ef86
vdbh34,7aedd08b6da14ebe,72e20934dca66e9a,109cec4e4fdd04e0,b2a5c0222e9a8398
vdbh56,190b9f0b47c48594,9e8beb10735a3600,d05b797f33b1d4f6,945d4e048af61224
vdbh67,8d16ab605b8377f0,471bf9de817a4cc0,c3603706f360dc44,b645ff299094f2f2
